-- phpMyAdmin SQL Dump
-- version 4.8.3
-- https://www.phpmyadmin.net/
--
-- Host: localhost:3306
-- Generation Time: Apr 26, 2019 at 02:45 PM
-- Server version: 5.7.26
-- PHP Version: 7.2.7

SET SQL_MODE = "NO_AUTO_VALUE_ON_ZERO";
SET AUTOCOMMIT = 0;
START TRANSACTION;
SET time_zone = "+00:00";


/*!40101 SET @OLD_CHARACTER_SET_CLIENT=@@CHARACTER_SET_CLIENT */;
/*!40101 SET @OLD_CHARACTER_SET_RESULTS=@@CHARACTER_SET_RESULTS */;
/*!40101 SET @OLD_COLLATION_CONNECTION=@@COLLATION_CONNECTION */;
/*!40101 SET NAMES utf8mb4 */;

--
-- Database: `ewaantec_imdadplus`
--

-- --------------------------------------------------------

--
-- Table structure for table `tbl_city`
--

CREATE TABLE `tbl_city` (
  `City_Id` int(6) NOT NULL,
  `Country_Id` int(6) NOT NULL,
  `Nearest_city_id` int(11) NOT NULL DEFAULT '36',
  `City_Name` varchar(100) NOT NULL,
  `City_Latitude` varchar(20) NOT NULL,
  `City_Longitude` varchar(20) NOT NULL,
  `City_Zoom` tinyint(2) NOT NULL DEFAULT '9',
  `city_centre_lat` varchar(20) NOT NULL,
  `city_centre_long` varchar(20) NOT NULL,
  `sitecore_lat` varchar(225) NOT NULL,
  `sitecore_lng` varchar(225) NOT NULL,
  `sitecore_zoom` varchar(225) NOT NULL,
  `marker_type` enum('nothing','office','service_hub','both') NOT NULL
) ENGINE=InnoDB DEFAULT CHARSET=latin1;

--
-- Dumping data for table `tbl_city`
--

INSERT INTO `tbl_city` (`City_Id`, `Country_Id`, `Nearest_city_id`, `City_Name`, `City_Latitude`, `City_Longitude`, `City_Zoom`, `city_centre_lat`, `city_centre_long`, `sitecore_lat`, `sitecore_lng`, `sitecore_zoom`, `marker_type`) VALUES
(1, 1, 1, 'Al-Baha', '20.021741', '41.471273', 11, '20.021741', '41.471273', '20.021741', '41.471273', '11', 'nothing'),
(2, 1, 36, 'Abha', '18.246468', '42.511724', 11, '18.246468', '42.511724', '18.246468', '42.511724', '11', 'nothing'),
(3, 1, 36, 'Afif', '23.90522', '42.912495', 11, '23.90522', '42.912495', '23.90522', '42.912495', '11', 'nothing'),
(5, 1, 36, 'Al-Kharj', '24.145537', '47.311945', 11, '24.145537', '47.311945', '24.145537', '47.311945', '11', 'nothing'),
(6, 1, 36, 'Al-Khobar', '26.217191', '50.197138', 11, '26.217191', '50.197138', '26.217191', '50.197138', '11', 'both'),
(7, 1, 36, 'Al-Nairiyah', '27.47117', '48.497438', 11, '27.47117', '48.497438', '27.47117', '48.497438', '11', 'nothing'),
(8, 1, 36, 'Al-Namas', '19.113429', '42.167148', 11, '19.113429', '42.167148', '19.113429', '42.167148', '11', 'nothing'),
(9, 1, 36, 'Al-Qatif', '26.576492', '49.998236', 11, '26.576492', '49.998236', '26.576492', '49.998236', '11', 'nothing'),
(10, 1, 36, 'Al-Quwayiyah', '24.067056', '45.280618', 11, '24.067056', '45.280618', '24.067056', '45.280618', '11', 'nothing'),
(11, 1, 36, 'Arar', '30.959945', '41.059564', 11, '30.959945', '41.059564', '30.959945', '41.059564', '11', 'nothing'),
(12, 1, 36, 'Ar-Rass', '25.851747', '43.522231', 11, '25.851747', '43.522231', '25.851747', '43.522231', '11', 'nothing'),
(13, 1, 36, 'Asir', '19.096906', '42.863787', 11, '19.096906', '42.863787', '19.096906', '42.863787', '11', 'nothing'),
(14, 1, 36, 'Baljurashi', '19.864887', '41.581215', 11, '19.864887', '41.581215', '19.864887', '41.581215', '11', 'nothing'),
(15, 1, 36, 'Bisha', '20.00054', '42.6052', 11, '20.00054', '42.6052', '20.00054', '42.6052', '11', 'nothing'),
(16, 1, 36, 'Dammam', '26.392667', '49.977714', 11, '26.392667', '49.977714', '26.392667', '49.977714', '11', 'nothing'),
(17, 1, 36, 'Dawadmi', '24.5167', '44.418179', 11, '24.5167', '44.418179', '24.5167', '44.418179', '11', 'nothing'),
(19, 1, 36, 'Hafar Al-Batin', '28.359521', '45.942012', 11, '28.359521', '45.942012', '28.359521', '45.942012', '11', 'nothing'),
(20, 1, 36, 'Hail', '27.51141', '41.720824', 11, '27.51141', '41.720824', '27.51141', '41.720824', '11', 'nothing'),
(21, 1, 36, 'Hofuf', '25.314156', '49.629908', 11, '25.314156', '49.629908', '25.314156', '49.629908', '11', 'nothing'),
(22, 1, 36, 'Jeddah', '21.285407', '39.237551', 11, '21.285407', '39.237551', '21.285407', '39.237551', '11', 'both'),
(23, 1, 36, 'Jizan', '16.889359', '42.570567', 11, '16.889359', '42.570567', '16.889359', '42.570567', '11', 'nothing'),
(24, 1, 36, 'Jubail', '26.959771', '49.568742', 11, '26.959771', '49.568742', '26.959771', '49.568742', '11', 'nothing'),
(25, 1, 36, 'Khamis Mushayt', '18.309339', '42.766233', 11, '18.309339', '42.766233', '18.309339', '42.766233', '11', 'both'),
(26, 1, 36, 'Madinah', '24.524654', '39.569184', 11, '24.524654', '39.569184', '24.524654', '39.569184', '11', 'both'),
(27, 1, 36, 'Majmaah', '25.865231', '45.415683', 11, '25.865231', '45.415683', '25.865231', '45.415683', '11', 'nothing'),
(28, 1, 36, 'Makkah', '21.389082', '39.857912', 11, '21.389082', '39.857912', '21.389082', '39.857912', '11', 'nothing'),
(29, 1, 36, 'Najran', '17.565604', '44.228944', 11, '17.565604', '44.228944', '17.565604', '44.228944', '11', 'nothing'),
(30, 1, 36, 'Qassim', '26.127489', '43.863787', 11, '26.329800', '43.972900', '26.329800', '43.972900', '11', 'both'),
(31, 1, 36, 'Al Qunfudhah', '19.1411065', '41.0444063', 11, '19.1411065', '41.0444063', '19.1411065', '41.0444063', '11', 'nothing'),
(32, 1, 36, 'Qurayyat', '31.329635', '37.361353', 11, '31.329635', '37.361353', '31.329635', '37.361353', '11', 'nothing'),
(33, 1, 36, 'Rafha', '29.638789', '43.512611', 11, '29.638789', '43.512611', '29.638789', '43.512611', '11', 'nothing'),
(34, 1, 36, 'Ranyah', '21.262738', '42.85404', 11, '21.262738', '42.85404', '21.262738', '42.85404', '11', 'nothing'),
(35, 1, 36, 'Rastanurah', '26.773008', '49.998236', 11, '26.773008', '49.998236', '26.773008', '49.998236', '11', 'nothing'),
(36, 1, 36, 'Riyadh', '24.713552', '46.675296', 11, '24.713552', '46.675296', '24.713552', '46.675296', '11', 'both'),
(37, 1, 36, 'Sabya', '17.154798', '42.626897', 11, '17.154798', '42.626897', '17.154798', '42.626897', '11', 'nothing'),
(38, 1, 36, 'Sakaka', '29.878003', '40.104306', 11, '29.878003', '40.104306', '29.878003', '40.104306', '11', 'nothing'),
(39, 1, 36, 'Shaqraa', '25.247647', '45.252479', 11, '25.247647', '45.252479', '25.247647', '45.252479', '11', 'nothing'),
(40, 1, 36, 'Tabuk', '28.383508', '36.566191', 11, '28.383508', '36.566191', '28.383508', '36.566191', '11', 'nothing'),
(41, 1, 36, 'Taif', '21.437273', '40.512714', 11, '21.437273', '40.512714', '21.437273', '40.512714', '11', 'nothing'),
(42, 1, 36, 'Wadi Al-Dawaser', '20.147193', '44.850549', 11, '20.147193', '44.850549', '20.147193', '44.850549', '11', 'nothing'),
(43, 1, 36, 'Yanbu', '24.023176', '38.189978', 11, '24.023176', '38.189978', '24.023176', '38.189978', '11', 'nothing'),
(44, 2, 47, 'Abu Dhabi', '24.53961182', '54.38614808', 11, '24.453884', '54.377344', '24.453884', '54.377344', '11', 'both'),
(45, 2, 47, 'Ajman', '25.45234585', '55.47793773', 11, '25.405217', '55.513643', '25.405217', '55.513643', '11', 'nothing'),
(46, 2, 47, 'Al-Ain', '24.2093234', '55.80340859', 11, '24.130162', '55.802312', '24.130162', '55.802312', '11', 'nothing'),
(47, 2, 47, 'Dubai', '25.28442175', '55.28977357', 11, '25.204849', '55.270783', '25.204849', '55.270783', '11', 'both'),
(48, 2, 47, 'Fujairah', '25.411076', '56.248228', 11, '25.411076', '56.248228', '25.411076', '56.248228', '11', 'nothing'),
(49, 2, 47, 'Ras Al-Khaimah', '25.87418597', '56.00401589', 11, '25.674134', '55.980417', '25.674134', '55.980417', '11', 'nothing'),
(50, 2, 47, 'Sharjah', '25.41845414', '55.43534241', 11, '25.346255', '55.420932', '25.346255', '55.420932', '11', 'nothing'),
(51, 2, 47, 'Umm Al-Quwain', '25.58965133', '55.57829568', 11, '25.520482', '55.713391', '25.520482', '55.713391', '11', 'nothing'),
(52, 3, 62, 'Al-Jahraa', '29.336573', '47.675529', 11, '29.336573', '47.675529', '29.336573', '47.675529', '11', 'nothing'),
(53, 3, 62, 'Al-Shaab', '29.349965', '48.028283', 11, '29.349965', '48.028283', '29.349965', '48.028283', '11', 'nothing'),
(54, 3, 62, 'Ahmadi', '28.574513', '48.102474', 11, '28.574513', '48.102474', '28.574513', '48.102474', '11', 'nothing'),
(55, 3, 62, 'Bayan', '29.297989', '48.051087', 11, '29.297989', '48.051087', '29.297989', '48.051087', '11', 'nothing'),
(57, 3, 62, 'Fahaheel', '29.083128', '48.133464', 11, '29.083128', '48.133464', '29.083128', '48.133464', '11', 'nothing'),
(58, 3, 62, 'Farwaniya', '29.281596', '47.960252', 11, '29.281596', '47.960252', '29.281596', '47.960252', '11', 'nothing'),
(60, 3, 62, 'Hawally', '29.333298', '48.015893', 11, '29.333298', '48.015893', '29.333298', '48.015893', '11', 'nothing'),
(61, 3, 62, 'Jabriya', '29.318057', '48.025805', 11, '29.318057', '48.025805', '29.318057', '48.025805', '11', 'nothing'),
(62, 3, 62, 'Kuwait', '29.382631', '47.9879753', 11, '29.382631', '47.9879753', '29.382631', '47.9879753', '11', 'both'),
(63, 3, 62, 'Mahboula', '29.149656', '48.119199', 11, '29.149656', '48.119199', '29.149656', '48.119199', '11', 'nothing'),
(64, 3, 62, 'Safat', '29.371264', '47.973479', 11, '29.371264', '47.973479', '29.371264', '47.973479', '11', 'nothing'),
(65, 3, 62, 'Salmiya', '29.335294', '48.071561', 11, '29.335294', '48.071561', '29.335294', '48.071561', '11', 'nothing'),
(66, 3, 62, 'Surra', '29.313775', '48.00846', 11, '29.313775', '48.00846', '29.313775', '48.00846', '11', 'nothing'),
(67, 4, 67, 'Doha', '25.33386461', '51.53515967', 11, '25.285447', '51.53104', '25.285447', '51.53104', '11', 'both'),
(68, 5, 69, 'Al-Buraimi', '24.167141', '56.114225', 11, '24.167141', '56.114225', '24.167141', '56.114225', '11', 'nothing'),
(69, 5, 69, 'Muscat', '23.34402304', '58.42789536', 11, '23.58589', '58.405923', '23.58589', '58.405923', '11', 'both'),
(71, 5, 69, 'Sohar', '24.14575128', '56.76244574', 11, '24.346096', '56.707514', '24.346096', '56.707514', '11', 'nothing'),
(72, 6, 74, 'Adliya', '26.214488', '50.584754', 11, '26.214488', '50.584754', '26.214488', '50.584754', '11', 'nothing'),
(73, 6, 74, 'Jannusan', '26.228265', '50.495392', 11, '26.226151', '50.495449', '26.226151', '50.495449', '11', 'nothing'),
(74, 6, 74, 'Manama', '26.236048', '50.586164', 11, '26.228516', '50.58605', '26.228516', '50.58605', '11', 'nothing'),
(75, 6, 74, 'Muharraq', '26.269898', '50.622255', 11, '26.265074', '50.622327', '26.265074', '50.622327', '11', 'nothing'),
(76, 6, 74, 'Riffa', '26.130454', '50.534376', 11, '26.122606', '50.534262', '26.122606', '50.534262', '11', 'nothing'),
(77, 7, 77, 'Amman', '31.80678437', '35.93386476', 11, '31.945367', '35.928372', '31.945367', '35.928372', '11', 'both'),
(78, 7, 77, 'Irbid', '32.43881433', '35.86988206', 11, '32.556956', '35.847909', '32.556956', '35.847909', '11', 'nothing'),
(79, 7, 77, 'Iskan Alia', '31.888408', '35.8555393', 11, '31.888408', '35.8555393', '31.888408', '35.8555393', '11', 'nothing'),
(80, 1, 36, 'Khafji', '28.4276721', '48.4235792', 11, '28.4276721', '48.4235792', '28.4276721', '48.4235792', '11', 'nothing'),
(81, 1, 36, 'Seihat', '26.4841646', '49.9924325', 11, '26.4841646', '49.9924325', '26.4841646', '49.9924325', '11', 'nothing'),
(82, 8, 82, 'Beirut', '33.8892846', '35.4692627', 9, '33.8892846', '35.4692627', '33.8892846', '35.4692627', '9', 'nothing'),
(83, 8, 82, 'Byblos', '34.1230191', '35.6431734', 9, '34.1230191', '35.6431734', '34.1230191', '35.6431734', '9', 'nothing'),
(84, 4, 67, 'Wakrah', '25.1632213', '51.5649311', 11, '25.1632213', '51.5649311', '25.1632213', '51.5649311', '11', 'nothing'),
(85, 1, 36, 'Al-Aflaj', '24.582570', '46.534620', 9, '24.582570', '46.534620', '24.582570', '46.534620', '9', 'nothing'),
(86, 1, 36, 'Dhahran', '26.302500', '50.145969', 9, '26.302500', '50.145969', '26.302500', '50.145969', '9', 'nothing'),
(87, 5, 69, 'Nizwa', '22.917450', '57.632500', 9, '22.917450', '57.632500', '22.917450', '57.632500', '9', 'nothing'),
(88, 2, 47, 'Al-Gharbia', '23.6414741', '53.6527612', 11, '23.6414741', '53.6527612', '23.6414741', '53.6527612', '11', 'nothing'),
(93, 4, 67, 'Anwar Wahab22', '-1.333333', '4.4555555', 11, '5.6666', '-3.5555555', '5.6666', '-3.5555555', '11', 'nothing'),
(94, 1, 36, 'Al-Zilfi', '26.301831', '44.814781', 11, '26.301831', '44.814781', '26.301831', '44.814781', '11', 'nothing'),
(95, 7, 77, 'Aqaba', '29.542403', '34.996417', 11, '29.542403', '34.996417', '29.542403', '34.996417', '11', 'nothing'),
(96, 6, 74, 'Awali', '26.089622', '50.547226', 11, '26.089622', '50.547226', '26.089622', '50.547226', '11', 'nothing'),
(98, 5, 69, 'Sur', '22.565921', '22.565921', 11, '59.506762', '59.506762', '59.506762', '59.506762', '11', 'nothing'),
(99, 5, 69, 'Salalah', '17.0563199', '53.972339', 11, '53.972339', '17.0563199', '54.095248', '54.095248', '11', 'nothing'),
(100, 3, 62, 'Dasman', '29.388454', '29.388454', 11, '47.997964', '47.997964', '47.997964', '47.997964', '11', 'nothing'),
(101, 3, 62, 'Fintas', '29.171192', '29.171192', 11, '48.118512', '48.118512', '48.118512', '48.118512', '11', 'nothing'),
(102, 3, 62, '29.328322', '29.328322', '29.328322', 11, '47.939586', '47.939586', '47.939586', '47.939586', '11', 'nothing'),
(103, 3, 62, 'Khaldia', '29.324582', '29.324582', 11, '47.964263', '47.964263', '47.964263', '47.964263', '11', 'nothing'),
(104, 3, 62, 'Shuwaikh', '29.354742', '29.354742', 11, '47.909722', '47.909722', '47.909722', '47.909722', '11', 'nothing'),
(105, 3, 62, 'Khaitan', '29.280134', '29.280134', 11, '47.976274', '47.976274', '47.976274', '47.976274', '11', 'nothing'),
(106, 1, 36, 'Sajir', '25.1859', '44.6020', 11, '25.1859', '44.6020', '25.1859', '44.6020', '11', 'nothing'),
(107, 8, 82, 'SHEMEEM ASHARAF', '211', '221', 127, '231', '241', '261', '271', '281', 'service_hub');

-- --------------------------------------------------------

--
-- Table structure for table `tbl_clinics`
--

CREATE TABLE `tbl_clinics` (
  `Clinic_Id` int(6) NOT NULL,
  `Country_Id` int(6) NOT NULL,
  `City_Id` int(6) NOT NULL,
  `Clinic_Code` varchar(255) NOT NULL,
  `Clinic_Name` varchar(200) NOT NULL,
  `Clinic_Latitude` varchar(20) NOT NULL,
  `Clinic_Longitude` varchar(20) CHARACTER SET utf16 NOT NULL
) ENGINE=InnoDB DEFAULT CHARSET=utf8;

--
-- Dumping data for table `tbl_clinics`
--

INSERT INTO `tbl_clinics` (`Clinic_Id`, `Country_Id`, `City_Id`, `Clinic_Code`, `Clinic_Name`, `Clinic_Latitude`, `Clinic_Longitude`) VALUES
(1, 5, 71, 'O-1502', 'Fakhriya Polyclinic - Al-Tafwoq Al-Aali For Trading', '24.320103', '56.754913'),
(2, 1, 25, '32693', 'Tadawy Specialized Polyclinic', '18.324671', '42.756279'),
(3, 1, 25, '32695', 'Elite General Medical Polyclinic', '18.273349', '42.7369'),
(4, 4, 67, 'Q-1502', 'Shine Technology Company', '25.272997', '51.513512'),
(5, 4, 67, 'Q-1504', 'Al-Shami Medical Center', '25.21867', '51.478665'),
(6, 4, 67, 'Q-1505', 'Rayhan Medical Complex', '25.334627', '51.476663'),
(7, 1, 36, '32711', 'Masan Medical Center', '24.563313', '46.645441'),
(8, 2, 50, 'U-2469', 'Derma Dent Medical Centre', '25.351856', '55.413734'),
(9, 1, 22, '32704', 'Dr. Softah Medical Center', '21.617119', '39.149226'),
(10, 1, 15, '32699', 'Medical Care Polyclinic', '20.014613', '42.62134'),
(11, 1, 41, '32707', 'Atlas Medical Center', '21.467423', '40.495402'),
(12, 1, 30, '32701', 'Adeem Al-Haya Medical Company', '26.3707', '43.944873'),
(13, 7, 77, 'J-1542', 'Donia Techniques Company for Projects Management', '31.954724', '35.899102'),
(14, 6, 74, 'B-1475', 'Dr. Khaled Yousef Clinic Cosmetics Laser And Dermatology S.P.C', '26.215713', '50.568302'),
(15, 6, 74, 'B-1480', 'Rawnaq Dental And Derma Clinics S.P.C', '26.219864', '50.573917'),
(16, 3, 62, 'K-4385', 'Dr. Fahad Sulaiman Ibrahim Bohaimed', '29.384226', '47.991338'),
(17, 1, 29, '32705', 'Basmat Al-Fayrouz Dental Center', '17.550584', '44.291902'),
(18, 1, 23, '32712', 'Al-Waseet Medical Center', '16.929074', '42.559442'),
(19, 3, 65, 'K-4386', 'Beverly Hills Medical Center – Kuwait', '29.346203', '48.084652'),
(20, 1, 36, '32719', 'Rand Al-Sham Dental Clinic Complex', '24.747509', '46.773882'),
(21, 7, 77, 'J-1546', 'Hiba Shaker Hamza Zaitoun', '31.996237', '35.837086'),
(22, 1, 6, '32721', 'Al-Kaf International Medical Center Company', '26.31506', '50.222377'),
(23, 5, 69, 'O-1505', 'Altabeeb Medical Commercial Services L.L.C', '23.599818', '58.446284'),
(24, 1, 22, '32723', 'Medical Reference Center', '21.611768', '39.119973'),
(25, 7, 77, 'J-1553', 'Radiance Medical & Beuty complex', '31.997171', '35.844492'),
(26, 3, 62, 'K-4388', 'Dr. Mariam Jaser Abdul Mohsen Alshammari Clinic', '29.386037', '47.98403'),
(27, 1, 36, '32725', 'Premiere Clinic', '24.69258', '46.6718'),
(28, 3, 62, 'K-4390', 'Samah Mansour', '29.367434', '48.009002'),
(29, 1, 2, '20459', 'Abha Private Hospital', '18.216024', '42.49776'),
(30, 1, 34, '32689', 'Health Care Medical General Polyclinic', '21.25021', '42.847982'),
(31, 1, 36, '32726', 'Ok Clinic', '24.788399', '46.658444'),
(32, 1, 38, '32727', 'Zahraa Al-Jouf Polyclinic', '29.952006', '40.189577'),
(33, 1, 2, '32941', 'Alaa Moshreqa Medical Center', '18.786547', '42.249742'),
(34, 1, 41, '32731', 'Tabebk Al-Estshary Polyclinic', '21.243214', '40.451618'),
(35, 1, 2, '32811', 'Hamzah Jaadan Al-Amery Polyclinic', '18.224017', '42.55615'),
(36, 1, 2, '32797', 'The Medical Garden Polyclinic', '18.237294', '42.580185'),
(37, 1, 3, '32815', 'Saudi Elite Medical Complex', '23.89875', '42.907668'),
(38, 3, 65, 'K-4397', 'Carolez Clinic', '29.332759', '48.086345'),
(39, 1, 85, '32924', 'Qara Medical Complex', '22.286814', '46.727717'),
(40, 1, 9, '32739', 'Dr. Zaki Dental and Dermal Clinic', '26.55222', '49.998468'),
(41, 1, 12, '32740', 'Lamst Jamal Medical Complex', '25.855638', '43.501997'),
(42, 3, 58, 'K-4399', 'Crystal clinic', '29.276321', '47.967036'),
(43, 1, 5, '33550', 'Reem Jizaa Saad Al-Otaiby Dental Clinic', '24.16012', '47.310024'),
(44, 1, 5, '32431', 'Tabebak Medical Company Ltd.', '24.148261', '47.321913'),
(45, 2, 47, 'U-2494', 'Derma Zone Laser and Cosmetic Center LLC', '25.181143', '55.224364'),
(46, 1, 6, '20252', 'Al-Jazera Clinic', '26.28139', '50.197232'),
(47, 1, 43, '32751', 'Ram Yanbu Medical Company', '24.002754', '38.181089'),
(48, 1, 24, '32752', 'Wadi Ram Dental Clinics', '27.134774', '49.565119'),
(49, 1, 22, '32753', 'Ram Dental Complex', '21.622893', '39.199625'),
(50, 1, 6, '32836', 'Crystal Al-Khobar Dental Polyclinic', '26.303295', '50.207202'),
(51, 1, 22, '32762', 'Al-Hanan Al-Mutamaiz Medical Center', '21.58051', '39.208289'),
(52, 4, 84, 'Q-1508', 'Silk Road for Laser Treatment', '25.180187', '51.568398'),
(53, 1, 6, '20239', 'GAMA Hospital', '26.370582', '50.174565'),
(54, 1, 6, '20249', 'Gulf Medical Center (Khobar)', '26.314671', '50.209947'),
(55, 2, 44, 'U-2506', 'Derma Medical Center L.L.C', '24.457425', '54.373153'),
(56, 3, 57, 'K-4403', 'Sazdel Polyclinic', '29.184791', '48.117518'),
(57, 2, 47, 'U-2509', 'Rona Rabah Dental Clinic L.L.C', '25.185344', '55.264991'),
(58, 1, 6, '32428', 'Ram Dental Care Co.', '26.284297', '50.197875'),
(59, 1, 6, '33221', 'Sehat Al-Sharq Medical Company Ltd.', '26.310869', '50.21303'),
(60, 1, 20, '32770', 'Al-Manar Medical Complex', '27.510932', '41.686206'),
(61, 1, 9, '20484', 'Al-Madlouh Medical Complex', '26.474809', '50.044346'),
(62, 1, 33, '32771', 'Mazaya Lamar Medical Complex', '29.63031', '43.521208'),
(63, 1, 38, '32776', 'Mazaya Lamar Medical Complex - Skaka', '29.93323', '40.189513'),
(64, 1, 43, '32779', 'Dr. Sari Al-Qahtani General Complex', '24.872021', '40.52095'),
(65, 5, 69, 'O-1513', 'Al-Amani Specialized Medical Center', '23.601919', '58.385671'),
(66, 1, 36, '32780', 'Aqsati Trading Est.', '24.804167', '46.673525'),
(67, 1, 13, '32830', 'Hayat Abha Polyclinic', '18.500429', '42.062978'),
(68, 1, 36, '32784', 'Wahag Derma and Dental Medical Clinics', '24.809521', '46.778402'),
(69, 1, 13, '33333', 'Ibraheem Soliman Ahmad Medical Center', '18.687017', '42.17855'),
(70, 2, 47, 'U-2529', 'M & A Beauty Center', '25.225007', '55.41838'),
(71, 3, 62, 'K-4405', 'Dr. Ahmed Alabdulmughni Clinic', '29.370383', '47.992406'),
(72, 1, 15, '32871', 'Al-Reyada Al-Hadetha Polyclinic', '20.00563', '42.617596'),
(73, 3, 53, 'K-4406', 'Al-Rawasy M.C. - Bellissima Clinic', '29.34805', '48.0325'),
(74, 1, 15, '32878', 'Beauty Medical Gulf Care Complex', '19.556008', '41.955957'),
(75, 3, 52, 'K-4408', 'Dr. Anwar Al-Anzy Private Polyclinic', '29.353684', '47.665492'),
(76, 1, 15, '32847', 'Rannom Medical Polyclinic', '20.015336', '42.621943'),
(77, 1, 36, '32795', 'Dr. Saed Saad Al-Harthi Medical Group', '24.802605', '46.630941'),
(78, 1, 36, '32796', 'Jaddat Al-Bunduqia Derma & Dental Polyclinic', '24.815804', '46.892732'),
(79, 1, 20, '32799', 'National Hail Company For Healthcare', '27.582017', '41.709118'),
(80, 2, 47, 'U-2538', 'Gardynia Laser Cosmetic Center L.L.C', '25.125018', '55.202399'),
(81, 2, 47, 'U-2539', 'Oxygen Plus Medical Centre L.L.C', '25.229351', '55.286443'),
(82, 1, 16, '20240', 'Al-Mouwasat Hospital', '26.411367', '50.047375'),
(83, 2, 47, 'U-2541', 'Novomed Specialized Surgical Hospital L.L.C', '25.075109', '55.139992'),
(84, 4, 67, 'Q-1512', 'Beauty Medical Center', '25.248941', '51.482995'),
(85, 4, 67, 'Q-1513', 'Middle East Health Care', '25.244444', '51.510241'),
(86, 1, 16, '32838', 'Cham-2 Dental Cinics Complex', '26.459222', '50.095752'),
(87, 1, 36, '32818', 'Al-Sumo Dental Company', '24.821088', '46.729902'),
(88, 1, 36, '32820', 'Key Dent Company', '24.76276', '46.671575'),
(89, 2, 47, 'U-2556', 'Dubai London Clinic - Festival City Branch', '25.222714', '55.35623'),
(90, 2, 50, 'U-2558', 'Transworld Properties International L.L.C', '25.326751', '55.378584'),
(91, 3, 52, 'K-4414', 'Bandar Clinic', '29.353332', '47.668288'),
(92, 1, 16, '32950', 'Ibn Sina Dental Center ltd Company', '26.452475', '50.123507'),
(93, 1, 16, '20258', 'Ibrahim Al-Senaid Clinics', '26.466112', '50.122141'),
(94, 2, 50, 'U-2561', 'Akbar Ali Laser & Skin Medical Centre L.L.C', '25.311061', '55.459351'),
(95, 1, 36, '32835', 'Marzouq Al-Qannas Dental Polyclinic', '24.783096', '46.631888'),
(96, 2, 50, 'U-2563', 'Dr. Zainab Salim Al-Azzawi Clinic', '25.323585', '55.382705'),
(97, 2, 47, 'U-2568', 'Engineering Office Of HH Sheikh Mohammed Bin Rashid Al Maktoum', '25.217212', '55.275392'),
(98, 2, 47, 'U-2569', 'Aesthetic Dermal Medical Centre L.L.C. (ZO Skin Center)', '25.168667', '55.215455'),
(99, 1, 86, '20402', 'King Abdulaziz Air Base', '26.2464', '50.151818'),
(100, 1, 86, '20365', 'King Fahd Military Medical Complex', '26.32198', '50.020033'),
(101, 2, 47, 'U-2546', 'S S Lootah International Investment Group L.L.C', '25.274093', '55.344862'),
(102, 3, 65, 'K-4411', 'Al-Ghadeer Polyclinic', '29.33591', '48.080345'),
(103, 1, 19, '33466', 'Durar Al Mass Medical Complex', '28.408547', '45.964641'),
(104, 1, 19, '32917', 'Nokhbet Al-Mogtama Medical Services Company Ltd', '28.412199', '45.981189'),
(105, 1, 19, '32985', 'Tulip Medical Complex', '28.402983', '45.989907'),
(106, 1, 20, '33489', 'Al Wesam First Medical Center', '27.469957', '41.661245'),
(107, 1, 20, '20473', 'Alahli Advanced Vision Co.Ltd', '27.497313', '41.703626'),
(108, 1, 36, '32846', 'Elite Treatment Medical Centre', '24.79981', '46.783413'),
(109, 2, 47, 'U-2572', 'Nova Plastic Surgery Clinic', '25.142979', '55.207185'),
(110, 1, 40, '32849', 'Ain Al-Hayah Medical Center', '28.439649', '36.549559'),
(111, 1, 36, '32850', 'Al-Ghad Specialisted Medical Company', '24.653321', '46.579455'),
(112, 1, 36, '32855', 'Smiles Dental and Dermatology Polyclinics', '24.801952', '46.742941'),
(113, 2, 47, 'U-2574', 'Kings Medical Center L.L.C', '25.265253', '55.321131'),
(114, 2, 50, 'U-2577', 'Reenad Medical Center', '25.353074', '55.438259'),
(115, 5, 68, 'O-1522', 'Skin Care Dermatology and Laser Centre', '24.255384', '55.798903'),
(116, 1, 21, '20482', 'Al-Moosa Hospital', '25.436997', '49.572262'),
(117, 5, 69, 'O-1527', 'Dr. Suad Lutfi Medical Center', '23.605219', '58.451489'),
(118, 2, 44, 'U-2588', 'Cseh Elixir Medical Center L.L.C.', '24.473359', '54.317828'),
(119, 2, 44, 'U-2590', 'Adam And Eve Cosmetic Medical Center', '24.493252', '54.372473'),
(120, 1, 22, '32859', 'Rama Specialized Company', '21.525317', '39.16886'),
(121, 1, 22, '32860', 'Peacock Medical Care Complex', '21.757976', '39.119783'),
(122, 3, 62, 'K-4417', 'Talal Ahmad Khalifa Al-Khader', '29.367402', '48.00886'),
(123, 1, 21, '20483', 'Menbar Al-Huda Dispensary', '25.374316', '49.564512'),
(124, 2, 47, 'U-2602', 'Balsam for Health Promotion FZ-LLC', '25.144486', '55.208429'),
(125, 1, 22, '32943', 'Ahmed Salmin Balghason General Medical Complex', '21.498281', '39.212704'),
(126, 1, 22, '32911', 'Al Alameya Polyclinic', '21.626602', '39.135394'),
(127, 2, 50, 'U-2604', 'Dr. Fawzia Al-Jeziri Medical Center - Al-Falaj', '25.356182', '55.439993'),
(128, 1, 22, '32872', 'Rehab Beauty Medical Center', '21.625742', '39.13584'),
(129, 1, 36, '32873', 'Elajcom Medical Company', '24.777121', '46.822689'),
(130, 1, 22, '20346', 'Al-Hamra Hospital', '21.538907', '39.166298'),
(131, 2, 45, 'U-2610', 'Huda Al-Alousi Specialized Medical Center', '25.41917', '55.488932'),
(132, 1, 22, '32905', 'Al-Hijaz Advance Trading Company Ltd.', '21.509698', '39.175672'),
(133, 1, 22, '20345', 'Al-Jedaani Hospital', '21.584381', '39.20842'),
(134, 5, 69, 'O-1538', 'VLCC International L.L.C', '23.603708', '58.44908'),
(135, 1, 22, '20323', 'Al-Mostaqbal Hospital', '21.482095', '39.229655'),
(136, 1, 22, '33124', 'Al-Shakreen Specialized Center', '21.471958', '39.237522'),
(137, 1, 39, '32882', 'Al-Amal & Kher Medical Company', '25.232668', '45.259881'),
(138, 1, 22, '20235', 'Andalusia Hai Aljamea Hospital', '21.48132', '39.243624'),
(139, 1, 22, '32912', 'Divine Beauty Polyclinic', '21.547882', '39.13421'),
(140, 5, 69, 'O-1543', 'Khimji’s Health Care L.L.C', '23.609628', '58.552183'),
(141, 3, 53, 'K-4426', 'M. Samia Al-Ghanem Clinic', '29.348368', '48.03263'),
(142, 4, 67, 'Q-1518', 'Al-Danah Medical Company', '25.252024', '51.475016'),
(143, 3, 65, 'K-4427', 'Orlandoo Clinic', '29.335337', '48.053819'),
(144, 1, 22, '32909', 'Health Prospects Co., Ltd', '21.546956', '39.137024'),
(145, 1, 22, '32930', 'Healthy Beauty Medical Complex', '21.611935', '39.119825'),
(146, 1, 22, '33184', 'Hoda ElSaid Ahmed Shemis', '21.594674', '39.160256'),
(147, 1, 29, '32901', 'Al-Shifaa Medical Hospital', '17.550447', '44.291671'),
(148, 1, 36, '32902', 'Awan Medical Complex', '24.598932', '46.69284'),
(149, 1, 22, '32907', 'Khaled Edrees Specialized Medical Center', '21.573926', '39.142743'),
(150, 2, 47, 'U-2648', 'Mashrabia Interiors Decoration L.L.C', '25.103562', '55.176397'),
(151, 1, 22, '20413', 'King Fahd Armed Forces Hospital', '21.542267', '39.129008'),
(152, 1, 22, '20332', 'King Fahd General Hospital', '21.54348', '39.166051'),
(153, 4, 67, 'Q-1520', 'Q-Land medical Center', '25.338141', '51.473322'),
(154, 2, 47, 'U-2661', 'Oud Al-Muteena Medical Center', '25.261367', '55.441117'),
(155, 4, 67, 'Q-1522', 'Vital Health Technologies Trading', '25.290822', '51.504078'),
(156, 2, 44, 'U-2665', 'Your Dental & Medical Center L.L.C', '24.407394', '54.571579'),
(157, 3, 65, 'K-4436', 'True Curves Clinic', '29.347024', '48.085505'),
(158, 1, 36, '32931', 'Technology Care Limited Company', '24.783168', '46.683889'),
(159, 1, 22, '20232', 'Saudi German Hospital - Jeddah', '21.597299', '39.133518'),
(160, 2, 44, 'U-2670', 'Burjeel Day Surgery Center L.L.C, Al Reem', '24.495061', '54.408701'),
(161, 1, 22, '33189', 'Stars Smile Specialized Medical Complex', '21.791667', '39.130121'),
(162, 1, 25, '32934', 'Abdullah Mohamad Al-Qahtani Medical Center', '18.315977', '42.692947'),
(163, 1, 22, '20327', 'Sulaiman Fakeeh Hospital', '21.525406', '39.16811'),
(164, 1, 22, '20234', 'United Doctors Hospital', '21.50555', '39.166319'),
(165, 1, 23, '32937', 'Ayar Alsabea Dental Center', '16.929481', '42.553396'),
(166, 2, 47, 'U-2673', 'NMC Trading LLC', '25.289436', '55.353986'),
(167, 1, 22, '33149', 'United Medical Care Complex', '39.160256', '21.594674'),
(168, 2, 47, 'U-2674', 'Royal Model Medical Center', '25.234104', '55.270289'),
(169, 1, 22, '33003', 'Zahia Omar Bahussein Medical Complex', '21.551716', '39.157121'),
(170, 1, 23, '20394', 'King Fahd Hospital', '16.922336', '42.735837'),
(171, 1, 23, '32948', 'Mohamad Abdo Hakami Private Medical Complex Branch', '16.912696', '42.559975'),
(172, 3, 62, 'K-4442', 'Medusa Medical Spa', '29.333118', '48.082831'),
(173, 1, 24, '20428', 'Royal Commission for Jubail and Yanbu', '27.142071', '49.564279'),
(174, 1, 28, '32954', 'Kafaat General Medical Complex', '21.393213', '39.788824'),
(175, 1, 25, '20395', 'Al-Ahli Hospital', '18.306689', '42.724068'),
(176, 1, 36, '32973', 'Rafa Polyclinics', '24.81145', '46.765863'),
(177, 1, 36, '32975', 'Inlimited Medical Care Company', '24.47126', '46.274385'),
(178, 1, 26, '33491', 'The Golden Clinic', '24.510922', '39.564353'),
(179, 1, 28, '33502', 'Al-Badr Modern Medical Complex Specialized in Dentistry & Derma', '21.387224', '39.796382'),
(180, 1, 28, '33231', 'Al-Majid Specialized Dental Complex', '21.558582', '39.77483'),
(181, 1, 28, '20437', 'King Abdulaziz Hospital', '21.441957', '39.807878'),
(182, 3, 65, 'K-4483', 'Mr. Ahmed Mohammad Al-Sayed Salamh Ahmed', '29.342238', '48.095334'),
(183, 1, 29, '33213', 'Dawaa Al Salama Medical Clinic', '17.554803', '44.240792'),
(184, 1, 29, '33531', 'Dawaa Al Salama Medical Clinic - Al-Hadan', '17.457029', '44.112189'),
(185, 2, 50, 'U-2692', 'Basmat Al-Hayat Dental Center', '25.335364', '55.375582'),
(186, 1, 30, '20510', 'Al-Salam National Polyclinic', '26.100068', '43.992689'),
(187, 1, 30, '20403', 'Buraydah Central Hospital', '26.327002', '43.980293'),
(188, 5, 69, 'O-1561', 'Jannat International Trading', '23.601856', '58.364126'),
(189, 2, 46, 'U-2709', 'Derma Zone Laser and Cosmetic Center', '24.223516', '55.724845'),
(190, 4, 67, 'Q-1531', 'Cleveland Medical Center', '25.336581', '51.467833'),
(191, 1, 36, '20110', 'Abdulla Medical Center', '24.555308', '46.702089'),
(192, 1, 36, '20108', 'Al-Amin Medical Clinic', '24.49799', '46.629539'),
(193, 1, 36, '20176', 'Al-Azizzia National Medical Clinic', '24.591416', '46.776772'),
(194, 1, 36, '20031', 'Al-Dukair Medical Center', '24.699321', '46.690683'),
(195, 1, 36, '20077', 'Al-Ekhlass Medical Clinic', '24.787339', '46.769098'),
(196, 1, 36, '20151', 'Al-Faiha Medical Center', '24.726006', '46.816165'),
(197, 1, 36, '20228', 'Al-Hammadi Hospital', '24.602022', '46.702916'),
(198, 1, 36, '20223', 'Al-Haramain Medical Clinic', '24.747725', '46.772709'),
(199, 2, 47, 'U-2703', 'Blue Angel Polyclinic L.L.C', '25.23612', '55.271296'),
(200, 1, 36, '20147', 'Al-Jazeera Medical Polyclinic', '24.723936', '46.839862'),
(201, 5, 69, 'O-1556', 'ALRHMT Medical Center LLC', '23.614473', '58.223146'),
(202, 3, 62, 'K-4508', 'Alia Mohamed Naser Al-Azmy- Al-Qima Polyclinic 1st Floor', '29.09211', '48.131604'),
(203, 1, 36, '20120', 'Al-Malaz Modern Clinic', '24.67714', '46.739682'),
(204, 3, 62, 'K-4518', 'Dr. Mohammad Abdulkareem & Dr.Hasan Aziz Clinic', '29.367232', '48.009074'),
(205, 1, 36, '20159', 'Al-Mawed Medical Center', '24.727615', '46.688874'),
(206, 1, 36, '20109', 'Al-Oroba Medical Clinic', '24.573952', '46.695452'),
(207, 1, 36, '20086', 'Al-Osrah Medical Company', '24.591428', '46.647894'),
(208, 5, 87, 'O-1576', 'Goharat Al-Sharqiya Specialized Medical Complex', '22.50269', '58.034411'),
(209, 1, 36, '20112', 'Al-Shamael Medical Polyclinic', '24.575544', '46.662534'),
(210, 2, 47, 'U-2718', 'GC Leasing Middle East FZCO', '25.091489', '55.159186'),
(211, 1, 36, '20160', 'Al-Thomairy Medical Group', '24.739902', '46.779525'),
(212, 1, 36, '20094', 'Al-Thowaini Clinic', '24.741608', '46.815467'),
(213, 1, 36, '33142', 'Antakya Medical Complex', '24.784919', '46.776038'),
(214, 1, 41, '33112', 'Taj Al-Hikmah General Complex', '21.278023', '40.437568'),
(215, 1, 36, '20074', 'Consulting Clinics', '24.676945', '46.683279'),
(216, 1, 36, '20229', 'Dallah Hospital', '24.74664', '46.651656'),
(217, 1, 36, '20113', 'Dar Al-Elaj Dispensary', '24.585114', '46.655515'),
(218, 1, 36, '20405', 'Derma Clinics Company', '24.696161', '46.702649'),
(219, 3, 62, 'K-4566', 'Global Speed Trading Group', '29.342246', '48.095339'),
(220, 1, 36, '20185', 'Dr. Sulaiman Al-Habib Medical Services Group Company', '24.704002', '46.677528'),
(221, 1, 36, '20513', 'Fahd Dental Clinic', '24.701259', '46.665217'),
(222, 1, 36, '20224', 'Family Smile Polyclinic', '24.761503', '46.663325'),
(223, 1, 36, '33170', 'Ora Medical Company', '24.807976', '46.757165'),
(224, 4, 67, 'Q-1545', 'Marble Medical Center', '25.351422', '51.495619'),
(225, 1, 36, '33188', 'Viola Medical Complex', '23.503623', '46.89249'),
(226, 1, 36, '20369', 'King Fahd National Guard Hospital', '24.752429', '46.857657'),
(227, 1, 36, '20378', 'King Faisal Specialist Hospital & RC', '24.670379', '46.677078'),
(228, 1, 36, '20374', 'King Khalid University Hospital', '24.71311', '46.621884'),
(229, 1, 36, '20355', 'King Saud Medical City', '24.62791', '46.690609'),
(230, 3, 61, 'K-4580', 'Mandarin National for General Trading and Contracting', '29.323037', '48.015021'),
(231, 2, 47, 'U-2741', 'Fakih Medical Center L.L.C', '25.145253', '55.208358'),
(232, 1, 36, '20254', 'LInstitute Specialized Clinic', '24.681949', '46.697609'),
(233, 4, 67, 'Q-1565', 'The Skinart Medical Center', '25.342413', '51.44942'),
(234, 4, 67, 'Q-1566', 'Platinum Dental Center', '25.246776', '51.463604'),
(235, 1, 36, '20207', 'Noorana Medical Polyclinic', '24.669551', '46.750608'),
(236, 1, 36, '20101', 'Obeid Hospital', '24.666975', '46.722752'),
(237, 1, 36, '20215', 'Plastic Surgery and Dermatology Hospital', '24.677682', '46.685041'),
(238, 4, 67, 'Q-1593', 'Al-Dimashqui Medical Center', '25.289034', '51.544532'),
(239, 1, 36, '33240', 'Pretty Smile Dental Center', '24.783953', '46.683594'),
(240, 1, 36, '33305', 'Primary Care Medical Co. LTD', '24.595049', '46.594229'),
(241, 1, 36, '20364', 'Prince Sultan Military Medical City', '24.691361', '46.710933'),
(242, 1, 36, '33334', 'Rakaiz Alluluah Medical Company', '24.803416', '46.605283'),
(243, 1, 40, '33225', 'Clinics 37', '28.381942', '36.588226'),
(244, 2, 49, 'U-2749', 'Arabian Healthcare Group L.L.C', '25.768535', '55.906321'),
(245, 2, 47, 'U-2750', 'Estelaza Clinic L.L.C', '25.126722', '55.396948'),
(246, 1, 36, '20404', 'Riyadh Consultative Clinics', '24.586306', '46.620855'),
(247, 1, 36, '20009', 'Riyadh Medical Complex Company', '24.720032', '46.691001'),
(248, 1, 36, '20118', 'Riyadh National Hospital', '24.680022', '46.726988'),
(249, 1, 36, '20371', 'Security Forces Hospital', '24.679185', '46.724282'),
(250, 2, 47, 'U-2753', 'Glamour Care Clinics', '25.144816', '55.194811'),
(251, 1, 36, '20142', 'Shoaa Medical Center', '24.732319', '46.675618'),
(252, 1, 36, '20458', 'Skin and Allergy Medical Center', '24.72567', '46.644776'),
(253, 1, 42, '33289', 'Nayef Farhan Mohamed Al Dossary Medical Polyclinic', '20.449703', '44.852248'),
(254, 2, 47, 'U-2761', 'Mr. Valdimir Zunic', '25.161178', '55.220153'),
(255, 1, 36, '20078', 'Zahrat Al-Amal Medical Clinic', '24.584663', '46.597489'),
(256, 1, 37, '33385', 'Kobaraa Morayaa Polyclinic', '17.151543', '42.647238'),
(257, 1, 106, '33505', 'Bait Aba Al Khail Medical Complex', '25.199074', '44.601762'),
(258, 2, 47, 'U-2768', 'Shahira Shoukat Joz', '25.198355', '55.442344'),
(259, 1, 41, '20489', 'Al-Hada Military Hospital', '21.353501', '40.286132'),
(260, 1, 41, '33415', 'Al-Khurma Family General Medical Complex', '21.910985', '42.032361'),
(261, 3, 53, 'K-4615', 'Abdullah Khaled Abdullah Al-Dahash', '29.34836', '48.032633'),
(262, 2, 44, 'U-2784', 'Aura Aesthetics Dermatology And Venerology Clinic LLC', '24.4216', '54.5766'),
(263, 3, 62, 'K-4626', 'Cephidor for Perfumes and Cosmetics', '29.376638', '47.97681'),
(264, 3, 63, 'K-4618', 'Lebanon United Company For Managing Specialized Medical Centers', '29.149709', '48.119197'),
(265, 3, 62, 'K-4629', 'Dr. Misfer Ali Hamad Al-Ajmi - Polyclinic', '29.264654', '48.085003'),
(266, 3, 62, 'K-4619', 'Integrated Medical Clinics', '29.264365', '48.078529'),
(267, 4, 67, 'Q-1602', 'Al Shamal Medical Center W.L.L', '25.289034', '51.544532'),
(268, 2, 46, 'U-2812', 'Sama Surge Medical Center – Sole proprietorship L.L.C', '24.239443', '55.71856'),
(269, 4, 67, 'Q-1603', 'Dr. Ashish Bhola Clinic', '25.265094', '51.47533'),
(270, 5, 69, 'O-1641', 'Hebat Al Amal Trading Co. LLC', '23.590953', '58.383661'),
(271, 2, 46, 'U-2817', 'Integral Health Care Medical equipment', '24.211412', '55.745841'),
(272, 1, 22, '20535', 'Advanced Clinic', '21.598313', '39.136727'),
(273, 1, 22, '20574', 'Palestine Polyclinic', '21.620631', '39.185937'),
(274, 1, 22, '20584', 'Al-Quds Polyclinic', '21.572489', '39.190507'),
(275, 1, 22, '20585', 'Dr. Ghassan Pharaon General Hospital', '21.594687', '39.143796'),
(276, 1, 22, '20586', 'Saudi Hospital', '21.54125', '39.209165'),
(277, 1, 36, '20590', 'Al-Osrah International Hospital', '24.584654', '46.592886'),
(278, 1, 20, '20594', 'Salamat General Medical Complex', '27.553387', '41.679257'),
(279, 1, 21, '20611', 'Obied Specialized Hospital', '25.432007', '49.57201'),
(280, 1, 36, '20640', 'Medical Consultants', '24.690944', '46.700637'),
(281, 1, 19, '20675', 'Al-Salman Clinic', '28.431343', '45.956513'),
(282, 1, 28, '20676', 'Alawi Tunsi & Bros. Hospital', '21.400617', '39.864831'),
(283, 1, 16, '20678', 'Al-Ahmadi Medical Center', '26.403097', '50.052625'),
(284, 1, 21, '20701', 'Al-Naim Polyclinic', '25.36814', '49.587962'),
(285, 1, 36, '20720', 'Al-Raya Medical Clinic', '24.761831', '46.78085'),
(286, 1, 20, '20722', 'Semah Polyclinic', '27.498183', '41.700033'),
(287, 1, 16, '20726', 'Al-Rai Dispensary', '26.397956', '50.041749'),
(288, 1, 20, '20728', 'Zamzam General Medical Complex', '27.524356', '41.688567'),
(289, 1, 36, '20738', 'Specialized Medical Center Hospital', '24.680585', '46.687218'),
(290, 1, 20, '20747', 'Al-Rashid Hospital', '27.523841', '41.681456'),
(291, 1, 41, '20748', 'Al-Nahda Hospital', '21.438829', '40.500216'),
(292, 1, 36, '20749', 'Dr. Abdulazeem Al-Bassam Med. Center Company', '24.714335', '46.661118'),
(293, 1, 28, '20765', 'Consultative Center for Dermatology & Venereology', '21.384032', '39.864795'),
(294, 1, 36, '20769', 'Bin Rushid Medical Center', '24.685446', '46.684936'),
(295, 1, 20, '20804', 'Al-Khaleej Polyclinic', '27.512332', '41.682944'),
(296, 1, 20, '20805', 'Al-Safa Clinic', '27.548512', '41.700577'),
(297, 1, 36, '20810', 'Al-Modawat Palace Medical Center', '24.699321', '46.690683'),
(298, 1, 2, '20821', 'Al-Nomais Polyclinic', '18.235242', '42.588644'),
(299, 1, 25, '20825', 'Salamah Medical Center', '18.308639', '42.736854'),
(300, 1, 25, '20828', 'Al-Omais Polyclinic', '18.17925', '42.826292'),
(301, 1, 21, '20832', 'Hager Poly Clinics', '25.355171', '49.592033'),
(302, 1, 16, '20838', 'Al-Sadiq Hospital (Seihat)', '26.489247', '50.040069'),
(303, 1, 41, '20842', 'Al-Adwani General Hospital', '21.294044', '40.425625'),
(304, 1, 6, '20851', 'Khobar Cooperative Clinic', '26.29765', '50.195163'),
(305, 1, 6, '20854', 'Mohammed Al-Dossary Hospital', '26.280008', '50.204648'),
(306, 1, 16, '20861', 'Al-Salam Dispensary', '26.440976', '50.082786'),
(307, 1, 16, '20862', 'Al-Rawdha General Hospital', '26.435473', '50.118384'),
(308, 1, 16, '20865', 'Al-Faraby Dispensary', '26.413973', '50.078347'),
(309, 1, 16, '20868', 'Tadawi General Hospital', '26.448063', '50.12297'),
(310, 1, 6, '20869', 'Al-Faraby Medical Polyclinic', '26.329866', '50.162137'),
(311, 1, 16, '20873', 'Dammam National Medical Complex', '26.434173', '50.082408'),
(312, 1, 9, '20876', 'Al-Zahra General Hospital', '26.553395', '49.998365'),
(313, 1, 30, '20918', 'Attadawe Medical Complex', '26.142359', '43.656947'),
(314, 1, 40, '20922', 'Mabasem Medical Complex', '28.407817', '36.577341'),
(315, 1, 36, '20931', 'Ministry of Health (Purchasing Dept.)', '24.657031', '46.71352'),
(316, 1, 29, '20938', 'King Khalid Hospital', '17.544597', '44.233066'),
(317, 1, 21, '20971', 'Al-Nisaee Clinic', '25.407888', '49.593476'),
(318, 1, 21, '20972', 'Al-Shawi Clinic', '25.364394', '49.573186'),
(319, 1, 21, '20973', 'Al-Mashafi Medical Clinic', '25.407204', '49.57617'),
(320, 1, 21, '20980', 'Al-Mulhim Medical Complex Company', '25.351442', '49.604483'),
(321, 1, 21, '20990', 'Faisal Dispensary', '25.417043', '49.552429'),
(322, 1, 36, '21010', 'Banan Medical Co. ltd', '24.677752', '46.67803'),
(323, 1, 1, '21016', 'Ghodran General Hospital', '19.856129', '41.584646'),
(324, 1, 5, '21092', 'Al-Taawin Medical Clinics Co. LTD', '24.147201', '47.300812'),
(325, 1, 5, '21093', 'Al-Taawin Polyclinic (2) (Please use 21092)', '24.147201', '47.300812'),
(326, 1, 36, '21094', 'Al-Kharj National Clinic', '24.150285', '47.320379'),
(327, 1, 36, '21121', 'Adwa Al-Tib Al-Alami PolyClinic', '24.594018', '46.774049'),
(328, 1, 36, '21153', 'Rathawia Medical Specialized Center', '24.711248', '46.670968'),
(329, 1, 22, '21169', 'Osama Al-Wasiah Clinic', '21.607031', '39.122505'),
(330, 1, 16, '21174', 'Ghassana Sadik Polyclinic', '26.432215', '50.118214'),
(331, 1, 36, '21182', 'Saudi Oger Ltd.', '24.762749', '46.58208'),
(332, 1, 28, '21209', 'Hera General Hospital', '21.487019', '39.789072'),
(333, 1, 30, '21214', 'Al-Faiha Medical Clinic (Buraydah)', '26.367152', '43.967942'),
(334, 1, 36, '21236', 'Abas Medical Center', '24.690673', '46.700208'),
(335, 1, 36, '21237', 'Kingdom Hospital', '24.801656', '46.654973'),
(336, 1, 36, '21255', 'Adama Hospital & Clinics', '24.685334', '46.70567'),
(337, 1, 36, '21291', 'Al-Badri Medical Center', '24.757475', '46.68537'),
(338, 1, 22, '21292', 'King Faisal Specialist Hospital & Research Center', '21.555877', '39.150843'),
(339, 1, 25, '21306', 'Saudi German Hospital - Aseer', '18.282303', '42.668077'),
(340, 1, 36, '21315', 'Abobakr Yousif Medical Center', '24.681893', '46.67746'),
(341, 1, 30, '21350', 'Qassem Medical Clinics', '26.365409', '43.96059'),
(342, 1, 43, '21401', 'Al-Ansari Specialized Hospital', '24.017865', '38.197825'),
(343, 1, 43, '21403', 'Al-Amal Medical Polyclinic', '24.019881', '38.213695'),
(344, 1, 30, '21407', 'Medicare Polyclinic', '26.104793', '43.99799'),
(345, 1, 22, '21453', 'Mothmir Corporation', '21.517845', '39.162637'),
(346, 1, 3, '21519', 'Al Saher Care Medical Clinic', '23.895057', '42.909212'),
(347, 1, 22, '30181', 'Samir Abbas Medical Center', '21.508526', '39.17218'),
(348, 1, 36, '30190', 'Al-Mumtaz Polyclinic', '24.672938', '46.744007'),
(349, 1, 36, '30193', 'Al-Falah Hospital', '24.619384', '46.729362'),
(350, 1, 36, '30195', 'Saudi German Hospital', '24.800817', '46.628291'),
(351, 1, 22, '30199', 'Mazin Fitiany Clinic', '21.559792', '39.132816'),
(352, 1, 22, '30204', 'Mona Nasr Medical Center', '21.572162', '39.138915'),
(353, 1, 36, '30208', 'JUVA Medical Center', '24.688804', '46.673063'),
(354, 1, 36, '30211', 'Al-Subhi Specialized Center', '24.749135', '46.778288'),
(355, 1, 41, '30229', 'King Abdulaziz Hospital | Taif', '21.268296', '40.373362'),
(356, 1, 36, '30247', 'Consulting Center 1 (Olaya Branch)', '24.69456', '46.698387'),
(357, 1, 6, '30251', 'Dr. Layla Dawood Al-Onaizi Polyclinic', '26.338167', '50.199762'),
(358, 1, 36, '30270', 'Light Clinic', '24.69621', '46.772366'),
(359, 1, 22, '30280', 'Skin Care Clinic', '21.377174', '39.788118'),
(360, 1, 21, '30282', 'Al-Ahsa Medical Services Company', '25.385908', '49.572392'),
(361, 1, 26, '30293', 'Al-Madina Clinic', '24.497771', '39.618584'),
(362, 1, 40, '30298', 'Okaz Polyclinic', '28.401242', '36.572205'),
(363, 1, 36, '30303', 'Specialized Liposuction Int. Medical Center Slim', '24.683877', '46.70213'),
(364, 1, 36, '30311', 'Al-Inma Medical Services Co.', '24.693873', '46.77293'),
(365, 1, 36, '30322', 'Princess Moneerah Al-Thunayan', '24.699321', '46.690683'),
(366, 1, 26, '30334', 'Wafaa Orthodontic Dental & Beauty Clinic', '24.490088', '39.588538'),
(367, 1, 22, '30336', 'Effat Daghistani Clinics', '21.527375', '39.173341'),
(368, 1, 26, '30337', 'Directorate of Health', '24.491416', '39.555672'),
(369, 1, 36, '30338', 'Future Medical Center', '24.744673', '46.704922'),
(370, 1, 28, '30340', 'Ali Al-Saedi Medical Center', '21.443767', '39.812622'),
(371, 1, 41, '30341', 'Directorate of Health | Taif', '21.276644', '40.392235'),
(372, 1, 36, '30344', 'Rawdat Al Aqsa Medical Complex - 2', '24.752899', '46.720083'),
(373, 1, 36, '30348', 'King Fahd Medical City', '24.686928', '46.705379'),
(374, 1, 36, '30351', 'Shaza Medical Center Company', '24.69775', '46.798498'),
(375, 1, 40, '30355', 'Ali Ali Al-Affary Polyclinic', '28.400012', '36.576904'),
(376, 1, 36, '30369', 'Ayma Consulting Center', '24.729516', '46.669058'),
(377, 1, 30, '30370', 'Al-Wafaa Hospital - Unayzah', '26.089511', '43.939996'),
(378, 1, 37, '30377', 'Al-Omaes National Hospital', '17.151601', '42.650111'),
(379, 1, 36, '30392', 'Dr. Musad Azallal Medical Center', '24.73925', '46.690329'),
(380, 1, 26, '30400', 'Ehsan Bakhsh Medical Clinics', '24.519383', '39.698875'),
(381, 1, 86, '30401', 'Med Art Polyclinic', '26.283965', '50.199319'),
(382, 1, 15, '30406', 'General Medical Care Polyclinic', '20.016114', '42.622411'),
(383, 1, 28, '30407', 'Al-Bader Polyclinic', '21.448621', '39.864072'),
(384, 1, 36, '30408', 'King Fahad Security College', '24.784606', '46.852309'),
(385, 1, 36, '30421', 'Mayiez Clinic', '24.702622', '46.67811'),
(386, 1, 36, '30422', 'Rukn Al-Kessaey Medical Complex Company', '24.707768', '46.780077'),
(387, 1, 21, '30427', 'Al-Maghlooth Clinic', '25.421555', '49.577202'),
(388, 1, 2, '30430', 'Al-Thamal Medical Center', '18.219191', '42.488291'),
(389, 1, 22, '30438', 'Professional Doctors Medical Establishment', '21.530584', '39.178557'),
(390, 1, 22, '30441', 'Al-Salam International Hospital', '21.610244', '39.141135'),
(391, 1, 36, '30443', 'Kadoon Polyclinic', '24.709442', '46.676295'),
(392, 1, 22, '30446', 'Kafi Polyclinic', '21.584454', '39.171327'),
(393, 1, 23, '30448', 'Jarrash Medical Center', '16.97023', '42.839841'),
(394, 1, 40, '30451', 'Directorate of Health | Tabuk', '28.397084', '36.548567'),
(395, 1, 22, '30455', 'Ebla Clinic', '21.559406', '39.124712'),
(396, 1, 36, '30456', 'Aram Medical Complex', '24.712842', '46.793914'),
(397, 1, 36, '30461', 'Al-Jafel Hospital', '24.578617', '46.604714'),
(398, 1, 22, '30464', 'Al-Higrah Medical Center', '21.45035', '39.288491'),
(399, 1, 21, '30482', 'Tabra Medical Center', '25.364394', '49.573186'),
(400, 1, 43, '30502', 'Dar Alshifa A Polyclinic', '24.086781', '38.0474'),
(401, 1, 43, '30503', 'Al-Amal Polyclinic', '24.019681', '38.213481'),
(402, 1, 23, '30511', 'Awad Mashbab Abdullah Amees Branch (Private Hospital)', '16.890938', '42.569098'),
(403, 1, 36, '30513', 'Qasr Al-Rayed Medical Clinic', '24.739818', '46.670993'),
(404, 1, 22, '30515', 'Suliman Al-Ghalayini Medical Center', '21.586507', '39.143761'),
(405, 1, 22, '30516', 'Comprehensive Health Care', '21.549531', '39.148593'),
(406, 1, 36, '30520', 'Al Hayat Medical Complex Company Fayhaa Branch', '24.68519', '46.797339'),
(407, 1, 36, '30536', 'Al-Mohamadia Medical Center', '24.724896', '46.653852'),
(408, 1, 22, '30537', 'Al-Tababa specialized Center for Limited Medical Services', '21.554082', '39.165121'),
(409, 1, 42, '30544', 'Al-Nowaimah National Medical Clinic', '20.447348', '44.855597'),
(410, 1, 22, '30552', 'Al-Baraka Medical Clinic (Dallah Al Baraka Grp)', '21.534633', '39.195393'),
(411, 1, 19, '30554', 'Noor M. Khan General Hospital', '28.417979', '45.976955'),
(412, 1, 28, '30558', 'Elite Medical Complex', '21.404499', '39.873387'),
(413, 1, 28, '30559', 'Zaher Polyclinic', '21.400579', '39.784321'),
(414, 1, 36, '30560', 'Al-Mashfa Medical Center', '24.733774', '46.752654'),
(415, 1, 22, '30564', 'International Medical Center', '21.513782', '39.174596'),
(416, 1, 22, '30569', 'Saba Medical Company-1 (Al-Bawadi)', '21.612356', '39.167647'),
(417, 1, 29, '30580', 'Al-Qadi Polyclinic', '17.560153', '44.227473'),
(418, 1, 29, '30582', 'Al-Okhdoud Center', '17.569365', '44.336888'),
(419, 1, 29, '30583', 'Al-Watani Polyclinic', '17.532971', '44.212079'),
(420, 1, 22, '30587', 'Al-Sameriyah Clinics', '21.515672', '39.239435'),
(421, 1, 36, '30591', 'Ayan Medical Center', '24.607508', '46.707413'),
(422, 1, 22, '30592', 'GPCS (General Polyclinic-Sari)', '21.582566', '39.192549'),
(423, 1, 20, '30599', 'Ministry of Health', '27.467238', '41.697958'),
(424, 1, 36, '30603', 'Malesa Clinic', '24.701541', '46.666607'),
(425, 1, 36, '30605', 'Star Care Medical Center', '24.699321', '46.690683'),
(426, 1, 25, '30612', 'Al-Haramain Polyclinic', '18.290689', '42.745997'),
(427, 1, 15, '30623', 'Al-Amal Polyclinic | Bisha', '20.003469', '42.599888'),
(428, 1, 36, '30626', 'Swan Medical Center (Regam)', '24.760229', '46.673717'),
(429, 1, 36, '30627', 'Raed Bin Abdullah Al Amr Trading Corp.', '24.699321', '46.690683'),
(430, 1, 36, '30637', 'Medica', '24.675443', '46.681223'),
(431, 1, 22, '30639', 'Khalid Polyclinic (2)', '21.583142', '39.229276'),
(432, 1, 25, '30658', 'Mustasharak Medical Center', '18.284704', '42.731374'),
(433, 1, 15, '30663', 'Medical Consultant Group', '19.988743', '42.603355'),
(434, 1, 16, '30665', 'Khalid Al-Zahrani Medical Center', '26.457387', '50.096374'),
(435, 1, 28, '30668', 'Al-Shifa Hospital', '21.415491', '39.806619'),
(436, 1, 2, '30673', 'Daweni Medical Center', '18.217302', '42.525344'),
(437, 1, 22, '30679', 'Eed Clinic', '21.575492', '39.179485'),
(438, 1, 35, '30682', 'Rahima Al-Ahli Dispensary Co. LTD.', '26.712594', '50.064178'),
(439, 1, 36, '30685', 'Majestic Millennium Medical Complex', '24.724204', '46.681'),
(440, 1, 41, '30699', 'Zehar Al-Layali Clinic', '21.266665', '40.410345'),
(441, 1, 15, '30705', 'Bisha General Medical Polyclinic', '20.01', '42.608207'),
(442, 1, 22, '30713', 'Adama Clinics & Hospital', '21.554634', '39.167739'),
(443, 1, 36, '30715', 'Development Medical Center', '24.699321', '46.690683'),
(444, 1, 22, '30733', 'Al-Riyadah Polyclinic', '21.573112', '39.220421'),
(445, 1, 30, '30735', 'Al-Qassem University', '26.348782', '43.766799'),
(446, 1, 16, '30738', 'Fajar Al-Dammam Medical Complex', '26.427537', '50.072991'),
(447, 1, 11, '30741', 'Experience Specialist Center', '30.982079', '41.021517'),
(448, 1, 22, '30766', 'Dr. Hani Abdullah Rakaban and Brothers Polyclinic', '21.618195', '39.133474'),
(449, 1, 21, '30769', 'Saudi Medical Consultant Center', '25.355823', '49.565922'),
(450, 1, 30, '30783', 'Future Care Clinics', '24.744507', '46.704917'),
(451, 1, 22, '30806', 'Royal Clinics', '21.549531', '39.148593'),
(452, 1, 16, '30808', 'General Care Dispensary', '26.42444', '50.08726'),
(453, 1, 11, '30819', 'Ministry of Health Affairs Northern Border', '30.97457', '41.006093'),
(454, 1, 36, '30822', 'ELYZEE', '24.684033', '46.675505'),
(455, 1, 30, '30828', 'Al-Maali Polyclinic', '26.073001', '43.981293'),
(456, 1, 36, '30837', 'Special Armed Forces Medical Service Dept.', '24.781487', '46.863026'),
(457, 1, 22, '30838', 'Joel Clinics', '21.563193', '39.165146'),
(458, 1, 36, '30839', 'Hanan Clinic', '24.711473', '46.674291'),
(459, 1, 36, '30840', 'Emam Mohammad Bin Saud Islamic University', '24.816101', '46.702951'),
(460, 1, 22, '30842', 'International Medical Group', '21.599966', '39.14039'),
(461, 1, 36, '30844', 'Ferti Clinic', '24.675205', '46.670418'),
(462, 1, 25, '30848', 'Al-Hayat National Hospital', '18.290186', '42.742604'),
(463, 1, 36, '30855', 'Royal Clinic', '24.655776', '46.644248'),
(464, 1, 36, '30857', 'Al-Rawdah National Clinic', '24.748699', '46.767421'),
(465, 1, 22, '30866', 'Sheikh Mohamed Fageeh Clinic', '21.553011', '39.167438'),
(466, 1, 36, '30888', 'King Khalid University Hospital (SHSBC)', '24.712965', '46.622583'),
(467, 1, 36, '30889', 'Al-Watan Medical Group Company - Closed Shareholding', '24.691115', '46.787047'),
(468, 1, 2, '30894', 'Al-Arkan Polyclinic', '18.216689', '42.526446'),
(469, 1, 36, '30905', 'Med Art Clinics', '24.709194', '46.676694'),
(470, 1, 36, '30908', 'Swan Medical Co. Ltd.', '24.760234', '46.673737'),
(471, 1, 16, '30912', 'Saudi Chinese Center for Acupuncture', '26.456817', '50.115758'),
(472, 1, 22, '30913', 'Hala Eisa Bin Ladin Hospital', '21.534931', '39.165302'),
(473, 1, 36, '30915', 'Eed Clinic | Riyadh', '24.708596', '46.676802'),
(474, 1, 36, '30916', 'British Center for Beauty and Smile', '24.70664', '46.673989'),
(475, 1, 36, '30925', 'Riyadh Medicine Co.', '24.699321', '46.690683'),
(476, 1, 36, '30927', 'Kaya Skin Clinics (1)', '24.718997', '46.687288'),
(477, 1, 2, '30936', 'Al-Nomies Polyclinic Center', '18.235245', '42.588646'),
(478, 1, 36, '30942', 'Al-Ebdaa Medical Clinic', '24.753459', '46.817866'),
(479, 1, 36, '30946', 'Ministry of Interior (General Directorate of Investigation)', '24.699321', '46.690683'),
(480, 1, 36, '30954', 'Asaad Dental Medical Clinic', '24.732431', '46.688171'),
(481, 1, 36, '30955', 'Saudi Jwel Company for Medical Care', '24.68358', '46.675326'),
(482, 1, 36, '30956', 'Al-Shomoly Medical Polyclinic', '24.766674', '46.669562'),
(483, 1, 36, '30959', 'Reprogene Fertility Clinic', '24.677199', '46.683236'),
(484, 1, 22, '30966', 'V.I.P Medical Clinic', '21.670189', '39.121452'),
(485, 1, 28, '30971', 'Directorate of Health | Makkah', '21.439728', '39.771376'),
(486, 1, 36, '30975', 'Nohair Clinic', '24.604586', '46.650009'),
(487, 1, 28, '30985', 'W.T.C.M CLINIC', '21.417902', '39.859381'),
(488, 1, 80, '30986', 'Al-Manar Medical Complex | Khafji', '28.45301', '48.489001'),
(489, 1, 6, '30988', 'Central Care Medical Co.', '26.292518', '50.182354'),
(490, 1, 36, '30992', 'Rawdat Al Aqsa Medical Complex - 1', '24.739428', '46.759447'),
(491, 1, 22, '31000', 'Dhiya For Dermatology & Beauty', '21.55277', '39.161032'),
(492, 1, 2, '31006', 'Specialist Polyclinic - SPL', '18.200583', '42.508282'),
(493, 1, 25, '31011', 'Wasini Medical Center', '18.336282', '42.767122'),
(494, 1, 30, '31019', 'Al-Qassem National Hospital', '26.374634', '43.940395'),
(495, 1, 22, '31020', 'Al-Mawj Polyclinic Complex', '21.607031', '39.122505'),
(496, 1, 36, '31026', 'Fursan Medical Center', '24.737524', '46.70953'),
(497, 1, 22, '31029', 'Al-Nahda Medical Complex', '21.467955', '39.276268'),
(498, 1, 26, '31038', 'Maan Medical Center', '24.486278', '39.591569'),
(499, 1, 80, '31046', 'Mamlaket Al-Tob Complex', '28.419167', '48.477336'),
(500, 1, 41, '31049', 'Al -Taif Medical Polyclinic', '21.266665', '40.410345'),
(501, 1, 36, '31053', 'Diamond Medical Company', '24.697139', '46.668779'),
(502, 1, 22, '31055', 'Mustashark Medical center', '21.58374', '39.213226'),
(503, 1, 21, '31056', 'Ezz-Eddin Abdel Rahman Naiem Co. & Partner', '25.375369', '49.583089'),
(504, 1, 16, '31057', 'Al-Tabeeb Specialist Complex', '26.458128', '50.080849'),
(505, 1, 22, '31059', 'Arab Polyclinic', '21.530187', '39.17859'),
(506, 1, 30, '31060', 'Infinity Care Medical Company Ltd.', '26.398719', '43.933339'),
(507, 1, 22, '31072', 'Al-Jawhara Polyclinic', '21.613784', '39.173781'),
(508, 1, 36, '31075', 'Al-Safeer Medical Center', '24.723605', '46.670936'),
(509, 1, 36, '31076', 'Hokamaa Najed Polyclinic', '24.732312', '46.835519'),
(510, 1, 36, '31078', 'Right Treatment', '24.585981', '46.665298'),
(511, 1, 22, '31080', 'Sharq 2 Polyclinics', '21.54914', '39.185094'),
(512, 1, 26, '31085', 'Al-Fajr Medical Center', '24.487075', '39.586983'),
(513, 1, 36, '31086', 'Specialized Medical Care Center', '24.771825', '46.720866'),
(514, 1, 23, '31089', 'Shoaa Polyclinic for Dental & Dermatology', '16.913405', '42.560833'),
(515, 1, 22, '31097', 'Ideal Care Clinics Branch of Saleh Mohammed Al-Ghamdi Group', '21.598626', '39.137548'),
(516, 1, 28, '31101', 'Al-Kholood polyclinic', '21.456784', '39.814134'),
(517, 1, 41, '31102', 'Tadawi Surgical General Medical Complex', '21.25476', '40.410415'),
(518, 1, 41, '31103', 'Al-Andalus Medical polyclinics', '21.244379', '40.417242'),
(519, 1, 40, '31108', 'Gulf Health Medical Center', '28.392314', '36.566429'),
(520, 1, 22, '31110', 'Medical Experts Center', '21.550684', '39.170197'),
(521, 1, 30, '31112', 'High Care Medical Complex', '26.346229', '43.979864'),
(522, 1, 22, '31115', 'Hana Ibrahim S. Al-Alameya Est.', '21.524694', '39.181213'),
(523, 1, 22, '31119', 'Al-Amal Medical Services', '21.575719', '39.128218'),
(524, 1, 22, '31121', 'TREVIENNA Est. (Plastic Surgery Medical Center)', '21.513948', '39.160471'),
(525, 1, 36, '31123', 'Rukn Al-Farabi.Co', '24.699321', '46.690683'),
(526, 1, 6, '31125', 'Saudi Swiss Consultant Center Ltd. Co', '26.288548', '50.183294'),
(527, 1, 36, '31128', 'Saudi Chinese Center for Acupunture', '24.737067', '46.687109'),
(528, 1, 36, '31131', 'Naseem Al Azhar Group', '24.699321', '46.690683'),
(529, 1, 19, '31135', 'Al-Manar Medical Complex | Hafar Al-Batin', '28.43331', '45.949971'),
(530, 1, 36, '31139', 'Raseel Medical Center', '24.606409', '46.750759'),
(531, 1, 36, '31140', 'Platinum Consultative Center', '24.730185', '46.785304'),
(532, 1, 29, '31147', 'Directorate Of Health | Najran', '17.557524', '44.232765'),
(533, 1, 36, '31148', 'Avenue Medical Center', '24.747869', '46.662401'),
(534, 1, 36, '31149', 'Consulting Center 2 (King Abdullah Road Branch)', '24.738846', '46.688999'),
(535, 1, 30, '31155', 'Buraidah Al Takhassusi Hospital for Healthcare Company', '26.361504', '43.946498'),
(536, 1, 22, '31157', 'Pedia Care Clinic', '21.600556', '39.120293'),
(537, 1, 36, '31158', 'Rukn Al Mawaeah Consultative Clinic', '24.757569', '46.674182'),
(538, 1, 13, '31159', 'Mahaiel National Hospital - Aseer', '18.540642', '42.062107'),
(539, 1, 17, '31165', 'Al-Zoqaihan Poly Clinic', '24.521875', '44.419397'),
(540, 1, 36, '31166', 'Al-Jazeera Medical Hospital', '24.714301', '46.846768'),
(541, 1, 36, '31168', 'Sehat Alomam Altakhasusi', '24.776592', '46.800199'),
(542, 1, 36, '31171', 'Cidic Specialized Co.', '24.68283', '46.697097'),
(543, 1, 22, '31181', 'Mamdooh Ashy Medical Center', '21.569103', '39.150026'),
(544, 1, 38, '31188', 'Skaka Medical Specialized Center', '29.976868', '40.227513'),
(545, 1, 2, '31196', 'LASERAN Center', '18.226462', '42.559516'),
(546, 1, 11, '31198', 'Salamaty Polyclinic', '30.973471', '41.021031'),
(547, 1, 36, '31199', 'Nadarah Polyclinic (Refresh Esthetic Clinic)', '24.682488', '46.686277'),
(548, 1, 22, '31202', 'Al-Sameria Polyclinic -1', '21.515683', '39.239441'),
(549, 1, 6, '31204', 'DANA CLINIC CENTER', '26.300075', '50.179974'),
(550, 1, 22, '31205', 'National Health Services Co.', '21.559775', '39.132825'),
(551, 1, 80, '31207', 'The Specialized Medical Center', '26.4258', '50.114201'),
(552, 1, 36, '31212', 'Rawdat Al Aqsa Medical Company', '24.739447', '46.759457'),
(553, 1, 22, '31213', 'Shifa International Medical Services Co. Ltd', '21.607832', '39.163286'),
(554, 1, 36, '31217', 'Al-Dhawi Polyclinic (2) (Not active)', '24.706392', '46.691248'),
(555, 1, 36, '31219', 'Al-Majd Family Medical Center', '24.571077', '46.637621'),
(556, 1, 22, '31221', 'Ahmed Hassounah Clinic', '21.525962', '39.169956'),
(557, 1, 16, '31222', 'Al Mozher Polyclinic', '26.388374', '50.104564'),
(558, 1, 36, '31223', 'Abdulelah Al Obaikan Polyclinic', '24.73316', '46.648978'),
(559, 1, 36, '31232', 'Wahat Al Tashafi Polyclinic', '24.583031', '46.628158'),
(560, 1, 36, '31237', 'Health and Beauty Rejuvenation Medical Complex', '24.777091', '46.751268'),
(561, 1, 36, '31239', 'National Medical Co. (Ajmal Clinic)', '24.699177', '46.704459'),
(562, 1, 36, '31240', 'Panorama Gulf Company', '24.701363', '46.667258'),
(563, 1, 36, '31242', 'Al-Sehani Medical Group', '24.699321', '46.690683'),
(564, 1, 36, '31252', 'Al Rayan Hospital for Healthcare company', '24.721089', '46.774921'),
(565, 1, 36, '31254', 'Al Gharb Al Takhassusi Hospital for Healthcare Company', '24.719219', '46.657184'),
(566, 1, 36, '31259', 'Border Guards - Medical Affairs', '24.71202', '46.79896'),
(567, 1, 36, '31260', 'Cmai Medical Center', '24.796667', '46.699021'),
(568, 1, 22, '31261', 'New Concept', '21.553616', '39.154674'),
(569, 1, 40, '31267', 'Kawkabat Tabouk Polyclinic', '28.416167', '36.583111'),
(570, 1, 6, '31268', 'Al-Tabeeb Dental Clinic', '26.285467', '50.195068'),
(571, 1, 21, '31270', 'DAHIM MEDICAL DISPENSARY', '25.360143', '49.569347'),
(572, 1, 16, '31272', 'Abdulaziz Al-Wehaibi Polyclinic', '26.462215', '50.081512'),
(573, 1, 21, '31274', 'Kayan Medical Center', '25.334331', '49.615102'),
(574, 1, 16, '31275', 'Dar Al Afia Medical Group', '26.461853', '50.077233'),
(575, 1, 21, '31276', 'Kayan Center', '25.420143', '49.564253'),
(576, 1, 21, '31279', 'Nass Dental Complex', '25.373556', '49.589004'),
(577, 1, 36, '31283', 'khaleej Medical Center', '24.771046', '46.812442'),
(578, 1, 36, '31284', 'Itlalet Panorama Polyclinic', '24.719827', '46.693021'),
(579, 1, 28, '31290', 'Rawdat Al-Aqsa Medical Complex', '21.383674', '39.790953'),
(580, 1, 36, '31292', 'Lamsit Al-Shifa Clinics Company Limited', '24.744142', '46.776309'),
(581, 1, 22, '31925', 'SKY Polyclinic Complex', '21.571627', '39.122992'),
(582, 1, 36, '31928', 'Maroom Al-Riyadh Medical Company', '24.712656', '46.632028'),
(583, 1, 22, '31929', 'Dr. Talal Qutub Medical Center', '21.575528', '39.209825'),
(584, 1, 16, '31931', 'AJYAD POLYCLINIC', '26.436807', '50.124045'),
(585, 1, 20, '31932', 'Royal Medical Complex', '27.540954', '41.696917'),
(586, 1, 16, '31933', 'RUBBAN MEDICAL CENTER', '26.47193', '50.046664'),
(587, 1, 22, '31934', 'Razan Medical Clinic', '21.549531', '39.148593'),
(588, 1, 36, '31936', 'Ayman Al-Alsheikh Clinic', '24.693628', '46.67602'),
(589, 1, 30, '31937', 'Rfal Medical Polyclinic', '26.367017', '43.939809'),
(590, 1, 36, '31938', 'Consultants Polyclinic', '24.761444', '46.746526'),
(591, 1, 30, '31946', 'Gulf Care Polyclinic', '26.354037', '43.95365'),
(592, 1, 36, '31948', 'Lotus Medical Complex', '24.801242', '46.788968'),
(593, 1, 22, '31952', 'Neoderma Center', '21.585291', '39.143502'),
(594, 1, 6, '31955', 'Al-Manafa Trading Co.', '26.314671', '50.209947'),
(595, 1, 28, '31956', 'Nokhbatul Tadawi General Polyclinic', '21.360961', '39.891665'),
(596, 1, 22, '31958', 'Fareed Mustafa Mohamed Jamjom Specialized Co. Ltd.', '21.623638', '39.141273'),
(597, 1, 28, '31959', 'Superior Medical Complex', '21.404551', '39.801601'),
(598, 1, 41, '31960', 'Zahrat Ebin Sina Polyclinic', '21.264411', '40.413919'),
(599, 1, 22, '31962', 'Al Mada Medical Company', '21.547788', '39.145872'),
(600, 1, 32, '31968', 'Directorate of Health Al Qurayat', '31.327565', '37.362017'),
(601, 1, 16, '31970', 'Al-Hokail Medical Group Specialized Polyclinic', '26.40559', '50.101727'),
(602, 1, 36, '31972', 'Hetteen Medical Complex', '24.771062', '46.620048'),
(603, 1, 20, '31975', 'Panorama Polyclinic', '27.510493', '41.683647'),
(604, 1, 25, '31977', 'Hasan Rashed Abo Hathrah Medical Polyclinic', '18.305406', '42.702441'),
(605, 1, 36, '31980', 'Mood specialized psychiatric clinics', '24.701281', '46.667406'),
(606, 1, 36, '31983', 'Dent Polyclinic Medical Co. Ltd', '24.748919', '46.667199'),
(607, 1, 5, '31984', 'Prince Sattam Bin Abdulaziz University', '24.153389', '47.271723'),
(608, 1, 30, '31993', 'Ahmad Al-Muosa Dental and Dermal Complex Company Onaiza', '26.106843', '43.997011'),
(609, 1, 36, '31994', 'Sanad Healthcare', '24.779064', '46.739599'),
(610, 1, 41, '31995', 'Al-Ausrah Clinic', '21.265208', '40.429154'),
(611, 1, 20, '31997', 'Al-Mamlaka Medical Est', '27.514103', '41.694113'),
(612, 1, 12, '31998', 'High Care Polyclinic', '25.85348', '43.49992'),
(613, 1, 36, '32000', 'Hello Doctor Medical Center', '24.774877', '46.754385'),
(614, 1, 36, '32001', 'Al-Sahafa Polyclinic', '24.81802', '46.641237'),
(615, 1, 22, '32002', 'Al-Erfan Company For Medical & Commercial Services', '21.576172', '39.179174'),
(616, 1, 36, '32004', 'Vitamin consulting center (Al-Massif)', '24.756075', '46.682113'),
(617, 1, 21, '32006', 'Marestan Polyclinic', '25.391621', '49.5818'),
(618, 1, 30, '32007', 'Al-Flaiw Poly Clinic', '26.375718', '43.958651'),
(619, 1, 22, '32008', 'Medical 2000 Center', '21.486856', '39.19565'),
(620, 1, 32, '32009', 'Bader Medical Center', '31.338358', '37.331893'),
(621, 1, 36, '32010', 'Medical Care Company', '24.774109', '46.680132'),
(622, 1, 36, '32012', 'Eman S. Al-Abrah Medical Center', '24.759258', '46.739722'),
(623, 1, 22, '32014', 'BMC- Bagedo Medical Clinics', '21.553708', '39.154808'),
(624, 1, 22, '32017', 'Naseem Jeddah Hospital', '21.527537', '39.218087'),
(625, 1, 31, '32019', 'Alzobydi Medical Center', '19.12749', '41.076081'),
(626, 1, 36, '32021', 'Vitamin Consulting Center (Al Shefa)', '24.551248', '46.698064'),
(627, 1, 36, '32022', 'Vitamin Consulting Center (Al Naseem)', '24.736894', '46.830974'),
(628, 1, 36, '32023', 'Vitamin Consulting Center (Al Quds)', '24.766605', '46.759619'),
(629, 1, 22, '32024', 'The Moon Smile Clinics', '21.612839', '39.149363'),
(630, 1, 22, '32026', 'Amna Center For Day Surgery & Laser', '21.376808', '39.792614'),
(631, 1, 21, '32027', 'TAHER AL BAHRANI POLYCLINIC', '25.391372', '49.602477'),
(632, 1, 16, '32030', 'Royal Medical Complex | Dammam', '26.410398', '50.080184'),
(633, 1, 36, '32033', 'Al Salam Medical Center Company', '24.583303', '46.627936'),
(634, 1, 25, '32035', 'My Care Clinic', '18.297781', '42.708579'),
(635, 1, 36, '32036', 'Opal Medical Company', '24.771728', '46.711639'),
(636, 1, 16, '32037', 'ADWAA AL-HIKMAH DENTAL CENTER', '26.436924', '50.090245');
INSERT INTO `tbl_clinics` (`Clinic_Id`, `Country_Id`, `City_Id`, `Clinic_Code`, `Clinic_Name`, `Clinic_Latitude`, `Clinic_Longitude`) VALUES
(637, 1, 36, '32038', 'AJIL Financial Services Company', '24.699321', '46.690683'),
(638, 1, 36, '32040', 'Ramah Medical Center', '24.677416', '46.677517'),
(639, 1, 22, '32044', 'International Hair Clinic', '21.519999', '39.156662'),
(640, 1, 36, '32046', 'Integral Health Co. LTD', '24.690534', '46.700404'),
(641, 1, 80, '32047', 'Al-Rahmah Medical Complex', '28.464188', '48.485272'),
(642, 1, 22, '32050', 'Kaya Medical Clinics', '21.591251', '39.144904'),
(643, 1, 36, '32053', 'Wahat Attadawy Medical Center', '24.784964', '46.682707'),
(644, 1, 36, '32054', 'The Clinics', '24.693885', '46.676686'),
(645, 1, 23, '32055', 'Purederma Medical Center', '16.960357', '42.81899'),
(646, 1, 22, '32057', 'Dr. Khalil Sendi Clinic For Nose, Ear & Throat', '21.603341', '39.189689'),
(647, 1, 1, '32058', 'Nees ideal co. for pharmaceuticals & Medical equipment’s', '20.055789', '41.447127'),
(648, 1, 1, '32059', 'Bin Dammas Medical Center', '20.003168', '41.458962'),
(649, 1, 1, '32060', 'Najran University Hospital', '17.559022', '44.228171'),
(650, 1, 36, '32062', 'Riyadh Eye Center', '24.736626', '46.694817'),
(651, 1, 2, '32063', 'Family Health Polyclinic', '18.229354', '42.514367'),
(652, 1, 36, '32064', 'Specialized Clinics for Plastic Surgery Co. (Les Cliniques)', '24.704254', '46.655528'),
(653, 1, 21, '32066', 'AL DHYIA SPECIALIST MEDICAL CENTER', '25.395168', '49.575027'),
(654, 1, 36, '32068', 'Toleen Medical Center', '24.699321', '46.690683'),
(655, 1, 20, '32069', 'Allewa Medical Complex', '27.905377', '42.40386'),
(656, 1, 6, '32070', 'BEAUTY CARE CLINIC', '26.354306', '50.205447'),
(657, 1, 6, '32077', 'Juman Medical Center', '26.323263', '50.179936'),
(658, 1, 19, '32081', 'Bright Medical Services Company', '28.39508', '45.969989'),
(659, 1, 23, '32084', 'Al-Hayat Hospital', '16.909541', '42.549165'),
(660, 1, 23, '32085', 'Consultants Specialist Centre', '16.890733', '42.582429'),
(661, 1, 36, '32087', 'Etlalet Al Seha Foundation For Contracting', '24.699321', '46.690683'),
(662, 1, 6, '32095', 'Note Medical Complex for Dermatalogy and Laser', '26.302098', '50.210607'),
(663, 1, 36, '32097', 'Ahmed Abanomy Medical Center', '24.756441', '46.684566'),
(664, 1, 14, '32098', 'SAF Specialized Medical Center', '19.891039', '41.564293'),
(665, 1, 36, '32100', 'Elaj Al Riyadh Medical Center', '24.818339', '46.752344'),
(666, 1, 28, '32101', 'Umm Al-Qaura Polyclinic', '21.37894', '39.806264'),
(667, 1, 26, '32104', 'Beta Clinics', '24.448362', '39.621866'),
(668, 1, 8, '32105', 'Future Visions Company', '19.098469', '42.129694'),
(669, 1, 22, '32106', 'Al-Sulaimani Modern Polyclinic', '21.581541', '39.197607'),
(670, 1, 30, '32108', 'Al-Maali Polyclinic (Branch of Al-Maali Medical Company)', '26.376756', '43.910906'),
(671, 1, 5, '32111', 'Vitamen Consulting Center (Al Kharj)', '24.160366', '47.346726'),
(672, 1, 36, '32117', 'Rouge Dental & Derma Clinics', '24.795807', '46.778165'),
(673, 1, 36, '32118', 'Lavendar Co. Ltd.', '24.749953', '46.778499'),
(674, 1, 36, '32119', 'Al Safwa Hospital', '24.709523', '46.706117'),
(675, 1, 36, '32122', 'Monaco Consultative Center', '24.734308', '46.680671'),
(676, 1, 36, '32137', 'Al-Nazeem National Clinic', '24.80515', '46.890865'),
(677, 1, 6, '32140', 'Radwaan Assaad Medical Center Company and Partners', '26.303457', '50.223364'),
(678, 1, 6, '32141', 'Elite Specialist clinics', '26.315049', '50.222377'),
(679, 1, 21, '32145', 'Lasik Center Consultation Clinic', '25.44809', '49.56889'),
(680, 1, 16, '32149', 'LAMA MEDICAL COMPLEX', '26.379739', '50.058726'),
(681, 1, 35, '32151', 'SHIFA RAHIMA DISPENSARY', '26.714444', '50.055631'),
(682, 1, 30, '32152', 'Panorama Clinics (Buraydah)', '26.383899', '43.959299'),
(683, 1, 25, '32155', 'Daweni Medical Center- Khamis Mushait', '18.275757', '42.736248'),
(684, 1, 36, '32157', 'Kadina Medical Center Company', '24.768504', '46.666328'),
(685, 1, 6, '32158', 'Al-Shati AlHadith Medical Complex', '26.206556', '50.208876'),
(686, 1, 36, '32161', 'Genome Medical Services ltd.', '24.706914', '46.664337'),
(687, 1, 36, '32165', 'Dawaak Medical Center', '24.68338', '46.797552'),
(688, 1, 27, '32166', 'Elaj Sudair Medical Center', '25.910591', '45.363501'),
(689, 1, 36, '32170', 'Prince Mohammed bin Abdulaziz Hospital', '24.708729', '46.792924'),
(690, 1, 30, '32176', 'Dawna Medical Center', '25.999715', '43.729663'),
(691, 1, 30, '32177', 'Al-Genah Medical Clinic', '25.87179', '43.484538'),
(692, 1, 36, '32179', 'Al-Fareuk M.C.', '24.797928', '46.785147'),
(693, 1, 36, '32181', 'Diamond Shine Clinic', '24.750826', '46.671289'),
(694, 1, 36, '32182', 'Bafaqeeh Medical Group', '24.683521', '46.675532'),
(695, 1, 36, '32185', 'Glamor Medical Company', '24.732844', '46.696928'),
(696, 1, 36, '32188', 'Specialized Medical Group', '24.675669', '46.662709'),
(697, 1, 36, '32189', 'Boulevard Center', '24.690318', '46.673221'),
(698, 1, 36, '32196', 'Dr. health Clinics', '24.735134', '46.679771'),
(699, 1, 36, '32208', 'Barraqah Medical Complex', '24.777949', '46.761725'),
(700, 1, 16, '32212', 'Saja Medical Center', '26.386206', '50.095177'),
(701, 1, 36, '32213', '32 Dents Clinic', '24.73969', '46.69119'),
(702, 1, 22, '32216', 'Art & Science Clinic', '21.602755', '39.120154'),
(703, 1, 36, '32218', 'Milan Medical Center', '24.613724', '46.683216'),
(704, 1, 36, '32219', 'Rome Center Advisory', '24.780687', '46.662502'),
(705, 1, 36, '32220', 'American Beauty and Smile', '24.709868', '46.663464'),
(706, 1, 36, '32223', 'Opal Najd Medical Company', '24.636841', '46.560732'),
(707, 1, 36, '32225', 'Rafale Clinics Complex Medical Advisory', '24.67025', '46.805288'),
(708, 1, 36, '32226', 'Nadhrat Adeem Dental And Aestatic Medical Company', '24.791028', '46.767365'),
(709, 1, 30, '32227', 'MAC Clinics', '26.364323', '43.943966'),
(710, 1, 37, '32228', 'Meso Clinic', '17.151599', '42.64858'),
(711, 1, 2, '32232', 'Tashafi Medical Center', '18.230587', '42.54845'),
(712, 1, 22, '32233', 'JC Clinic (MEDEX International Group)', '21.55908', '39.124809'),
(713, 1, 22, '32234', 'Professor Hassan S.Jamal Clinic', '21.6024', '39.120431'),
(714, 1, 25, '32235', 'Weqaya Medical Complex', '18.25025', '42.788795'),
(715, 1, 36, '32239', 'Mezdana Medical Center', '24.806394', '46.649695'),
(716, 1, 16, '32240', 'Clinic 9 Medical Center', '26.46702', '50.060093'),
(717, 1, 29, '32245', 'Zain Medical Center', '17.494031', '44.138052'),
(718, 6, 74, 'B-1019', 'Samira Al-Matrook Clinic', '26.208803', '50.566281'),
(719, 6, 74, 'B-1163', 'Dr. Khalil Al-Arayyedh Dermatology Center', '26.21574', '50.57058'),
(720, 6, 74, 'B-1385', 'Dr. Osama Bader Clinic', '26.137929', '50.566519'),
(721, 6, 72, 'B-1389', 'Al-Ghalia Co WLL', '26.202037', '50.595403'),
(722, 6, 74, 'B-1390', 'Skin Health Centre', '26.146488', '50.577678'),
(723, 6, 74, 'B-1406', 'Derma One', '26.211565', '50.576042'),
(724, 6, 74, 'B-1412', 'Basem Ashoor Clinic', '26.198929', '50.554001'),
(725, 6, 74, 'B-1421', 'Al-Noor Specialist Hospital', '26.21295', '50.571959'),
(726, 6, 74, 'B-1431', 'Clero Clinic International Co. W.L.L', '26.208272', '50.577187'),
(727, 6, 74, 'B-1432', 'Bahrain Medical Center', '26.260884', '50.618152'),
(728, 6, 74, 'B-1433', 'University Medical Center – King Abdullah Medical City', '26.213179', '50.574536'),
(729, 7, 77, 'J-1419', 'Omar Bataieneh', '31.953557', '35.898885'),
(730, 7, 77, 'J-1424', 'The Specialty Hospital', '31.978764', '35.900405'),
(731, 7, 77, 'J-1437', 'Hussein Kreishan Medical Center', '31.979817', '35.899386'),
(732, 7, 77, 'J-1438', 'Qassem Rushaidat', '31.956943', '35.866578'),
(733, 7, 77, 'J-1455', 'Louai Khalifeh', '31.960345', '35.880921'),
(734, 7, 77, 'J-1465', 'Mokaram Abdul Karim Al Naboulsi', '31.970524', '35.91082'),
(735, 7, 77, 'J-1493', 'Dr. Bassam Mansour Janab', '31.949764', '35.840956'),
(736, 3, 65, 'K-1383', 'Boushahri Clinic', '29.336925', '48.051561'),
(737, 3, 64, 'K-1404', 'Sahar F. Ghannam', '29.333488', '48.052878'),
(738, 3, 64, 'K-1415', 'Al-Shaab Medical Center', '29.354079', '48.025269'),
(739, 3, 62, 'K-1420', 'La Bourjoisie', '29.354655', '48.027871'),
(740, 3, 60, 'K-1427', 'Virginia Clinic', '29.333381', '48.051455'),
(741, 3, 60, 'K-1433', 'Al-Hayat Clinic', '29.331189', '48.037222'),
(742, 3, 60, 'K-1439', 'Dar Al Baraa Medical Center', '29.322744', '48.015099'),
(743, 3, 64, 'K-1440', 'YIACO Meical Center', '29.330583', '48.055069'),
(744, 3, 52, 'K-1443', 'Al-Orff Hospital', '29.343851', '47.673603'),
(745, 3, 66, 'K-1444', 'Family Clinic Health Care', '29.323074', '48.024952'),
(746, 3, 55, 'K-1463', 'Bouhamra Clinic', '29.332422', '48.043758'),
(747, 3, 62, 'K-1473', 'Sultan Al-Ahli Clinic', '29.09248', '48.136269'),
(748, 3, 62, 'K-1474', 'Imad Al Najadah Clinic', '29.323228', '48.018562'),
(749, 3, 62, 'K-4175', 'Mona Al Fares Clinic', '29.324912', '48.022978'),
(750, 3, 62, 'K-4179', 'Le Lotus Clinic', '29.33331', '48.049817'),
(751, 3, 60, 'K-4182', 'Dar Al Fouad Clinic', '29.33023', '48.011688'),
(752, 3, 62, 'K-4184', 'Elaj Clinic', '29.33275', '48.045608'),
(753, 3, 62, 'K-4187', 'Health Care Clinic', '29.374261', '48.004126'),
(754, 3, 65, 'K-4188', 'Al-Salmiya Clinic', '29.337171', '48.056664'),
(755, 3, 62, 'K-4191', 'Jabber Al Ahmad Armed Forces Hospital', '29.251871', '48.03914'),
(756, 3, 65, 'K-4193', 'Al Seef Hospital', '29.333189', '48.092216'),
(757, 3, 62, 'K-4195', 'Al-Manar Clinic', '29.324285', '48.086324'),
(758, 3, 62, 'K-4198', 'Specialized German Clinic', '29.092733', '48.136282'),
(759, 3, 65, 'K-4202', 'Taibah AL Monayes Clinic', '29.347728', '48.013001'),
(760, 3, 62, 'K-4211', 'Marouf Clinic', '29.342779', '48.092664'),
(761, 3, 62, 'K-4212', 'Specialized Clinics Center', '29.348345', '48.01428'),
(762, 3, 62, 'K-4213', 'Beverly Hills Secrets Clinic', '29.346012', '48.084677'),
(763, 3, 62, 'K-4214', 'Al-Safat American Medical Center', '29.258039', '48.0871'),
(764, 3, 62, 'K-4219', 'Global Med Clinic', '29.322773', '48.015235'),
(765, 3, 62, 'K-4220', 'Montana Polyclinic', '29.339342', '48.04769'),
(766, 3, 62, 'K-4221', 'Canadian Medical Center', '29.375916', '47.993057'),
(767, 3, 62, 'K-4222', 'Me & Moi Clinic', '29.328468', '48.009054'),
(768, 3, 65, 'K-4223', 'American Clinic', '29.333118', '48.082831'),
(769, 3, 62, 'K-4224', 'Elite Clinic', '29.339', '48.047297'),
(770, 3, 62, 'K-4225', 'New Nour Clinic', '29.1739', '48.097382'),
(771, 3, 62, 'K-4226', 'Long life Clinic', '29.158917', '48.1181'),
(772, 3, 62, 'K-4227', 'Omar Mostafa Mohamed Al Hashash', '29.336723', '48.052675'),
(773, 3, 62, 'K-4229', 'Grand Clinic', '29.092364', '48.127981'),
(774, 3, 65, 'K-4230', 'Al-Ansaria Clinic', '29.335382', '48.053884'),
(775, 3, 62, 'K-4231', 'Premier Clinic', '29.339415', '48.04768'),
(776, 3, 62, 'K-4232', 'Ahmad Shawqi Khair', '29.33279', '48.082609'),
(777, 3, 52, 'K-4233', 'Derma Dent Clinic', '29.348797', '47.672763'),
(778, 3, 62, 'K-4236', 'Malek Hamza Clinic (please use K-4258)', '29.335409', '48.053891'),
(779, 3, 65, 'K-4239', 'Ahmad Abdullah Ahmad Ateyah', '29.335331', '48.053951'),
(780, 3, 65, 'K-4242', 'Derma Belle Clinic', '29.335409', '48.053891'),
(781, 3, 62, 'K-4244', 'Noblesse Dermatology & Cosmetic Clinic', '29.369406', '47.978234'),
(782, 3, 62, 'K-4247', 'Dr. Bassem Shaker Clinic', '29.33681', '48.081881'),
(783, 3, 62, 'K-4251', 'Wafaa Al-Hashash Clinic', '29.338463', '48.054768'),
(784, 3, 62, 'K-4253', 'Derma Clear Clinic', '29.333118', '48.082831'),
(785, 3, 65, 'K-4258', 'Derma Pure Clinic', '29.335409', '48.053891'),
(786, 3, 62, 'K-4261', 'Al-Yassmin Clinic', '29.325072', '48.022978'),
(787, 3, 65, 'K-4262', 'Hisham Yasin Clinic', '29.33806', '48.060012'),
(788, 3, 62, 'K-4263', 'Salhiya Clinic', '29.364238', '47.967124'),
(789, 3, 65, 'K-4264', 'Orchid Clinic', '29.338383', '48.086016'),
(790, 3, 65, 'K-4265', 'Aal Subah Pearl Polyclinic', '29.332674', '48.046334'),
(791, 3, 62, 'K-4266', 'Dr. Nahida Al-Ali Clinic', '29.33275', '48.045608'),
(792, 8, 82, 'L-1158', 'Intermedic S.A.L', '33.882059', '35.524151'),
(793, 8, 82, 'L-1400', 'Nada Kawa', '33.850787', '35.545901'),
(794, 8, 82, 'L-1407', 'Dr. Dany Touma - The Skin Clinic', '33.89779', '35.48783'),
(795, 8, 82, 'L-1410', 'Clemenceau Medical Center', '33.897684', '35.490222'),
(796, 5, 69, 'O-1026', 'Gulf Medical Center LLC', '23.612798', '58.49622'),
(797, 5, 69, 'O-1403', 'Elixir Health Center', '23.611709', '58.494319'),
(798, 5, 69, 'O-1405', 'Emirates Medical Center', '23.6064', '58.453058'),
(799, 5, 69, 'O-1407', 'Modern Skin Center LLC', '23.600234', '58.378603'),
(800, 5, 69, 'O-1421', 'BMS L.L.C ( Better Medical Solutions ) / COSMECLIC', '23.600808', '58.445676'),
(801, 5, 69, 'O-1427', 'CosmeSurge Oman', '23.60225', '58.370632'),
(802, 5, 69, 'O-1428', 'Aesthetica Specialized Skin Care Center', '23.598196', '58.396394'),
(803, 5, 69, 'O-1433', 'Bin Mosa Trading & Contracting Company- Bin Mousa Medical Center', '23.608462', '58.490173'),
(804, 4, 67, 'Q-1040', 'Hassan Ali Al-Abdullah Medical Center', '25.258064', '51.552238'),
(805, 4, 67, 'Q-1042', 'Doha Clinic Hospital', '25.274138', '51.503176'),
(806, 4, 67, 'Q-1043', 'Tadawi Complex - Nawal Al-Alam', '25.307316', '51.488623'),
(807, 4, 67, 'Q-1044', 'Fahad Abdulla Ibrahim', '25.250972', '51.483575'),
(808, 4, 67, 'Q-1046', 'Qatar Medical Center', '25.267654', '51.502247'),
(809, 4, 67, 'Q-1048', 'Habeeb Bakhit Al-Basti', '25.277087', '51.489728'),
(810, 4, 67, 'Q-1060', 'Al-Jazeera Islamic Company', '25.289034', '51.544532'),
(811, 4, 67, 'Q-1186', 'Al-Mansoor Polyclinic W.L.L', '25.309791', '51.488304'),
(812, 4, 67, 'Q-1228', 'Al-Emadi Hospital', '25.255614', '51.53421'),
(813, 4, 67, 'Q-1241', 'Al-Shefa Polyclinic W.L.L', '25.255283', '51.544407'),
(814, 4, 67, 'Q-1258', 'Plastic Surgicenter', '25.259321', '51.537478'),
(815, 4, 67, 'Q-1325', 'Bahij El-Halteh', '25.270335', '51.50053'),
(816, 4, 67, 'Q-1353', 'Doha Scientific Company', '25.289034', '51.544532'),
(817, 4, 67, 'Q-1357', 'Alma Rifae', '25.255399', '51.524763'),
(818, 4, 67, 'Q-1375', 'Aida Al-Saleh', '25.308117', '51.487237'),
(819, 4, 67, 'Q-1384', 'Dr. Hessa Al-Buainain Medical Center', '25.324849', '51.486833'),
(820, 4, 67, 'Q-1389', 'Al-Hayat Medical Center', '25.265194', '51.466092'),
(821, 4, 67, 'Q-1390', 'Barzan Medical Supplies', '25.309574', '51.496267'),
(822, 4, 67, 'Q-1391', 'Gulf Dental Center', '25.256183', '51.524712'),
(823, 4, 67, 'Q-1400', 'Ahmed Ghazi Clinic', '25.31136', '51.492609'),
(824, 4, 67, 'Q-1405', 'Hamda Al Ansari', '25.234437', '51.502363'),
(825, 4, 67, 'Q-1407', 'Dr.Ayad Al-Shakarchi Medical Center', '25.337978', '51.466706'),
(826, 4, 67, 'Q-1408', 'Al Jazeera Medical Center', '25.283843', '51.517425'),
(827, 4, 67, 'Q-1409', 'Soad Lutfi Clinic', '25.336552', '51.469132'),
(828, 4, 67, 'Q-1413', 'Al-Razi Medical Center', '25.265299', '51.478502'),
(829, 4, 67, 'Q-1414', 'Al-Mukhtar Contracting and Trading Co.', '25.353359', '51.465066'),
(830, 4, 67, 'Q-1415', 'Tamima Medical Complex', '25.323735', '51.500059'),
(831, 4, 67, 'Q-1416', 'Al-Salam Medical Polyclinic', '25.277092', '51.42061'),
(832, 4, 67, 'Q-1420', 'Bin Muftah Medical Center', '25.33552', '51.493688'),
(833, 4, 67, 'Q-1421', 'Pearl Dermatology Center', '25.263889', '51.459948'),
(834, 4, 67, 'Q-1422', 'Boston Medical Care', '25.271867', '51.482786'),
(835, 4, 67, 'Q-1436', 'Ocean Medical Center', '25.215444', '51.449115'),
(836, 4, 67, 'Q-1438', 'Shaikha I. Al-Kubaisi Med.Center', '25.356456', '51.471298'),
(837, 4, 67, 'Q-1439', 'American Hospital', '25.26678', '51.51641'),
(838, 4, 67, 'Q-1443', 'Laila Hamid Medical Center', '25.277411', '51.420049'),
(839, 4, 67, 'Q-1445', 'Al Shaheen Medical Center', '25.353781', '51.465172'),
(840, 4, 67, 'Q-1446', 'Future Medical Center | Doha', '25.257561', '51.447628'),
(841, 4, 67, 'Q-1449', 'Fetomaternal Medical Center', '25.33566', '51.492933'),
(842, 4, 67, 'Q-1450', 'Orchid Medical Center', '25.347582', '51.465163'),
(843, 4, 67, 'Q-1452', 'Badria Al-Mahmoud Clinic', '25.254886', '51.440909'),
(844, 4, 67, 'Q-1454', 'Urbacon', '25.28858', '51.543917'),
(845, 4, 67, 'Q-1455', 'Lolwa Al-Mohannadi Medical Center', '25.67229', '51.514424'),
(846, 2, 47, 'U-1018', 'Mediclinic - Welcare Hospital', '25.246851', '55.340099'),
(847, 2, 44, 'U-1107', 'Mediclinic Al Noor Hospital', '24.490879', '54.360584'),
(848, 2, 50, 'U-1198', 'Al-Zahra Pvt. Hospital Company Limited', '25.360268', '55.394004'),
(849, 2, 44, 'U-1230', 'Zein Obagi Specialized One Day Surgery Center', '24.468092', '54.369401'),
(850, 2, 47, 'U-1240', 'Cosmesurge Jumeirah Medical Center', '25.198025', '55.238239'),
(851, 2, 49, 'U-1323', 'Elite Medical Center', '25.791527', '55.959969'),
(852, 2, 50, 'U-1335', 'Sharjah Ladies Club', '25.378127', '55.396289'),
(853, 2, 47, 'U-1370', 'European Medical Center & Aesthetic Surgery', '25.22383', '55.256873'),
(854, 2, 47, 'U-1426', 'Suad Lutfi Clinic', '25.231515', '55.326472'),
(855, 2, 47, 'U-1455', 'Ali Al-Tukmatchy Clinic', '25.19925', '55.265354'),
(856, 2, 47, 'U-1458', 'Aesthetic International Plastic Surgery Clinic', '25.142837', '55.207044'),
(857, 2, 47, 'U-1491', 'International Aesthetic Medical Center', '25.205409', '55.252317'),
(858, 2, 47, 'U-1507', 'Department of Health & Medical Services', '25.091489', '55.159186'),
(859, 2, 50, 'U-1522', 'Minal Medical Center', '25.344436', '55.386373'),
(860, 2, 47, 'U-1541', 'Dubai Police Department Clinic', '25.274326', '55.351271'),
(861, 2, 47, 'U-1558', 'Amina H. Al Amiri', '25.182725', '55.225463'),
(862, 2, 47, 'U-1569', 'The Facial Clinic', '25.168773', '55.215602'),
(863, 2, 50, 'U-1570', 'Al-Huda Clinic', '25.323968', '55.380784'),
(864, 2, 47, 'U-1583', 'A.R. Shamma Medical Center LLC', '25.2282', '55.261679'),
(865, 2, 50, 'U-1584', 'Al-Khajah Medical Center', '25.323685', '55.382089'),
(866, 2, 47, 'U-1608', 'British Lasik & Cosmetic Surgery Center', '25.200076', '55.239668'),
(867, 2, 50, 'U-1615', 'Dr. Mariam Abdullah Rashid Al-Obad Aal Ali', '25.334031', '55.389083'),
(868, 2, 50, 'U-1616', 'Dr. Samiha Abdalla Lutfi Center', '25.334144', '55.389087'),
(869, 2, 47, 'U-1630', 'Dubai Cosmetic Surgery', '25.151354', '55.213776'),
(870, 2, 47, 'U-1637', 'Medical Village', '25.180751', '55.223946'),
(871, 2, 49, 'U-1640', 'Burjeel Clinic', '25.783558', '55.942954'),
(872, 2, 47, 'U-1649', 'Eternel Poly Clinic', '25.194935', '55.235483'),
(873, 2, 47, 'U-1653', 'New Lifestyle Clinic', '25.144159', '55.20807'),
(874, 2, 47, 'U-1654', 'Kaya Middle East FZE', '25.06816', '55.145331'),
(875, 2, 44, 'U-1656', 'Dina Zuhair Sabih', '24.475433', '54.383891'),
(876, 2, 44, 'U-1658', 'Cosmesurge', '24.459526', '54.373466'),
(877, 2, 46, 'U-1659', 'Cosmesurge - Al Ain', '24.258636', '55.740689'),
(878, 2, 50, 'U-1666', 'Health & Aesthetic Medical Center', '25.328513', '55.37705'),
(879, 2, 47, 'U-1667', 'Med Art Clinic Day Surgery Center', '25.161542', '55.209721'),
(880, 2, 44, 'U-1678', 'Dr. Massefa Medical Center', '24.487294', '54.353851'),
(881, 2, 45, 'U-1682', 'GMC Hospital & Research Center', '25.382087', '55.462353'),
(882, 2, 44, 'U-1686', 'Dr. Nadia Medical Center', '24.483712', '54.383095'),
(883, 2, 44, 'U-1688', 'Khalidah Beauty Center', '24.459495', '54.332194'),
(884, 2, 47, 'U-1694', 'Amwaj Polyclinic L.L.C', '25.074207', '55.131663'),
(885, 2, 47, 'U-1700', 'Wafi Hospitality LLC-Health & Leisure', '25.22983', '55.320129'),
(886, 2, 47, 'U-1701', 'American Academy of Cosmetic Surgery Hospital', '25.232775', '55.319632'),
(887, 2, 50, 'U-1707', 'Emirates International Medical Centre LLC', '25.388155', '55.418307'),
(888, 2, 44, 'U-1721', 'Office of H.H. Sheikh Tahnoon Bin Zayed Al Nahyan', '24.430051', '54.463541'),
(889, 2, 47, 'U-1731', 'Canadian Specialist Hospital', '25.277317', '55.348592'),
(890, 2, 47, 'U-1740', 'MEDCARE Hospital L.L.C.', '25.183297', '55.242661'),
(891, 2, 44, 'U-1752', 'Ahmed Abu Sharia Medical Center', '24.467719', '54.352577'),
(892, 2, 50, 'U-1758', 'Al-Buhairah Medical Center', '25.329146', '55.392667'),
(893, 2, 50, 'U-1778', 'Integration Medical Center', '25.343151', '55.385829'),
(894, 2, 50, 'U-1780', 'Dr. Fatima Nooh Medical Center', '25.33897', '55.427305'),
(895, 2, 50, 'U-1782', 'Dr. Kirans Dermatology Clinic(Skin & Laser)', '25.313704', '55.373207'),
(896, 2, 47, 'U-1787', 'Sultan Al Olama Medical Center LLC', '25.236669', '55.421928'),
(897, 2, 44, 'U-1792', 'Well Health Medical Center', '24.475408', '54.383826'),
(898, 2, 47, 'U-1800', 'Dr. Sulaiman Al Habib Medical Center', '25.231577', '55.32089'),
(899, 2, 49, 'U-1812', 'Cosmesurge - Ras Al Khaimah', '25.741167', '55.94385'),
(900, 2, 50, 'U-1813', 'Cosmesurge | Sharjah', '25.392072', '55.419495'),
(901, 2, 47, 'U-1814', 'Cocoona Center for Aesthetic Transformation', '25.165241', '55.223769'),
(902, 2, 47, 'U-1820', 'Blue Tree Clinics', '25.148726', '55.211673'),
(903, 2, 47, 'U-1826', 'Wellbeing Medical Center L.L.C.', '25.147798', '55.210263'),
(904, 2, 46, 'U-1827', 'Fine Care Specialize Medical Center', '24.223395', '55.726766'),
(905, 2, 47, 'U-1832', 'Rashid Hospital', '25.242552', '55.319145'),
(906, 2, 50, 'U-1833', 'AL DAR Medical Center', '25.357408', '56.349331'),
(907, 2, 47, 'U-1835', 'Samsung Medical Center in Collaboration with Index Holding', '25.231584', '55.326632'),
(908, 2, 50, 'U-1837', 'SHG, Golf & Shooting Club LLC', '25.355839', '55.481965'),
(909, 2, 47, 'U-1846', 'Rond-Point Personal Care', '25.230215', '55.261491'),
(910, 2, 44, 'U-1863', 'N.M.C Health Care L.L.C', '24.085946', '52.665596'),
(911, 2, 47, 'U-1875', 'Cooper Health Clinic', '25.14484', '55.207726'),
(912, 2, 47, 'U-1876', 'Somar & Nasir Blinds Trading LLC', '25.091489', '55.159186'),
(913, 2, 47, 'U-1879', 'Al Mousa Medical Center', '25.235402', '55.270582'),
(914, 2, 47, 'U-1883', 'Drs. Nicolas & ASP Center', '25.224968', '55.257788'),
(915, 2, 50, 'U-1886', 'Sharjah Corniche Hospital', '25.341197', '55.385787'),
(916, 2, 44, 'U-1891', 'Al Raha Hospital', '24.489433', '54.3699'),
(917, 2, 47, 'U-1893', 'Bella Roma Specialty Hospital LLC', '25.157817', '55.218822'),
(918, 2, 49, 'U-1898', 'Khozam Medical Center LLC', '25.79741', '55.97183'),
(919, 2, 50, 'U-1900', 'Natal Derma Laser Center', '25.348079', '55.398324'),
(920, 2, 48, 'U-1902', 'AlSharq Medical Centre - Cosmomed', '25.129792', '56.334307'),
(921, 2, 48, 'U-1904', 'AL SHARQ HEALTHCARE', '25.151245', '56.351145'),
(922, 2, 47, 'U-1907', 'Bait Albatterjee Medical CO.L.L.C - Saudi German Hospital', '25.097091', '55.184157'),
(923, 2, 46, 'U-1908', 'Royal Surge Polyclinic', '24.239074', '55.718439'),
(924, 2, 47, 'U-1909', 'Dermamed Clinic', '25.2296', '55.31899'),
(925, 2, 47, 'U-1913', 'Al Fater Chemicals', '25.091489', '55.159186'),
(926, 2, 47, 'U-1917', 'Iranian Hospital', '25.230246', '55.269401'),
(927, 2, 47, 'U-1918', 'Health Bay Day Surgery Center L.L.C', '25.147835', '55.210996'),
(928, 2, 48, 'U-1921', 'Farah Al-Ansari Clinic', '25.122651', '56.322358'),
(929, 2, 47, 'U-1923', 'Kayle Aesthetic Clinic', '25.145085', '55.207935'),
(930, 2, 47, 'U-1924', 'Emad Saadalla Medical Laser Center', '25.091489', '55.159186'),
(931, 2, 50, 'U-1925', 'Mazaya Medical Center', '25.309871', '55.372315'),
(932, 2, 44, 'U-1933', 'Canadian Medical Center | Abu Dhabi', '24.462101', '54.377183'),
(933, 2, 44, 'U-1934', 'Harley Street Medical Center', '24.473555', '54.318779'),
(934, 2, 50, 'U-1935', 'Arab Doctors Specialist Center', '25.3178579', '55.373534'),
(935, 2, 44, 'U-1939', 'Clarion Medical Center', '24.474257', '54.351029'),
(936, 2, 47, 'U-1943', 'Prime Health Care Group', '25.270628', '55.322098'),
(937, 2, 50, 'U-1944', 'Oriana Hospital', '25.312761', '55.375718'),
(938, 2, 47, 'U-1948', 'Advanced Specialists Medical Center', '25.235161', '55.436088'),
(939, 2, 47, 'U-1949', 'Zana Medical Spa', '25.167725', '55.214426'),
(940, 2, 47, 'U-1961', 'Al Tadawi Medical Center', '25.256911', '55.333475'),
(941, 2, 47, 'U-1963', 'Nice Care Medical Center', '25.107232', '55.181865'),
(942, 2, 47, 'U-1972', 'I Care Clinics', '25.107203', '55.198377'),
(943, 2, 47, 'U-1974', 'Healthcare Mena Limited', '25.258287', '55.298149'),
(944, 2, 47, 'U-1975', 'Malda El Dawoodi', '25.194937', '55.235483'),
(945, 2, 48, 'U-1980', 'Cosmesurge Clinics L.L.C', '25.122629', '56.322114'),
(946, 2, 47, 'U-1984', 'United Medical Center', '25.229635', '55.319416'),
(947, 2, 47, 'U-1985', 'MAF Health', '25.250796', '55.335239'),
(948, 2, 47, 'U-1989', 'Proderma Aesthetic Center', '25.152744', '55.227191'),
(949, 2, 47, 'U-1990', 'Dr. Manal Al-Mansoori Polyclinic', '25.222149', '55.259271'),
(950, 2, 47, 'U-1995', 'Sama Sante Medical Center L.L.C', '25.154167', '55.215159'),
(951, 2, 47, 'U-1999', 'Life Long Polyclinic', '25.222088', '55.259093'),
(952, 2, 44, 'U-2001', 'Arzanah Abu Dhabi Medical Center LLC', '24.349726', '54.459483'),
(953, 2, 47, 'U-2003', 'Al-Massa Polyclinic', '25.152544', '55.213841'),
(954, 2, 47, 'U-2004', 'Infinity - The Family Clinic', '25.229863', '55.26139'),
(955, 2, 46, 'U-2017', 'Ain Al-Khaleej Hospital', '24.246005', '55.724115'),
(956, 2, 47, 'U-2019', 'Premium Cosmetic Laser Center', '25.21382', '55.258813'),
(957, 2, 50, 'U-2024', 'Al-Zumurud Medical Center LLC', '25.33737', '55.42626'),
(958, 2, 44, 'U-2025', 'Consultants Medical Center', '24.499436', '54.375656'),
(959, 2, 47, 'U-2034', 'Zabeel Ladies Club', '25.231224', '55.305893'),
(960, 2, 44, 'U-2035', 'Advanced Center for Daycare Surgery', '24.470578', '54.369498'),
(961, 2, 47, 'U-2041', 'Dr. Raja Ismail Haqqi (Mercato Family Clinic)', '25.2172724', '55.253385'),
(962, 2, 47, 'U-2047', 'The Medical City - Sama TMC Medical Services L.L.C.', '25.239209', '55.269452'),
(963, 2, 49, 'U-2052', 'Specialist Medical Center', '25.783037', '55.937218'),
(964, 2, 47, 'U-2055', 'JCI Medical Solutions', '25.257917', '55.332671'),
(965, 2, 50, 'U-2059', 'Baghdad Medical Centre', '24.912649', '55.773611'),
(966, 6, 74, 'B-1405', 'La Figure Skin & Body Care Center', '26.202037', '50.595403'),
(967, 2, 47, 'U-2064', 'Sun Face Medical Aesthetic Centre DMCC', '25.080251', '55.152442'),
(968, 2, 47, 'U-2065', 'Royal Aesthetic And Medical Clinic FZ-LLC', '25.233171', '55.317837'),
(969, 2, 45, 'U-2067', 'Rosary Medical Center', '25.394238', '55.454371'),
(970, 2, 46, 'U-2073', 'Rakhaa Al-Kilani Gynaecology Clinc', '24.224422', '55.765887'),
(971, 2, 47, 'U-2074', 'Sansaya Clinic Dental & Cosmetic L.L.C', '25.161245', '55.221373'),
(972, 2, 44, 'U-2068', 'Beverly Hills Medical Center', '24.457031', '54.380921'),
(973, 2, 44, 'U-2069', 'Elyzee Day Surgery Medical Center', '24.457859', '54.336072'),
(974, 2, 47, 'U-2075', 'Al Khayal Medical Centre', '25.23424', '55.318405'),
(975, 1, 36, '32250', 'Wathaq Group', '24.544144', '46.693146'),
(976, 1, 36, '32255', 'Generations of Medical Clinic', '24.742568', '46.67155'),
(977, 1, 36, '32256', 'Weqayah Medical Center', '24.799234', '46.597447'),
(978, 3, 65, 'K-4267', 'Basma Clinic', '29.369154', '48.00572'),
(979, 3, 62, 'K-4270', 'Dr. Sakina Farman Clinic', '29.09248', '48.136269'),
(980, 3, 65, 'K-4268', 'The Pearl Dermatology and Laser Center', '29.173766', '48.099354'),
(981, 1, 26, '32259', 'Petal Medical Specialist Center', '24.446986', '39.656175'),
(982, 1, 36, '32260', 'Innovative Care Company', '24.725269', '46.6817'),
(983, 1, 36, '32262', 'Le Sourire Center', '24.722775', '46.673921'),
(984, 1, 21, '32265', 'ARAC SPECIALIZED CLINIC', '25.43657', '49.583379'),
(985, 1, 22, '32267', 'Gulf Medical Co.LTD', '21.506435', '39.186662'),
(986, 1, 40, '32268', 'Durat Al-Qadi Medical Company', '21.594677', '39.143721'),
(987, 1, 36, '32269', 'Abdelmhsin Bin Khaled Al-Mogrin & Partners Medical Company', '24.713904', '46.672316'),
(988, 1, 36, '32270', 'Soliman Abdallah Al-Kharashi Medical Center', '24.751426', '46.699957'),
(989, 2, 51, 'U-2076', 'Dr. Muna Khalfan Medical Center', '25.493777', '55.547361'),
(990, 2, 44, 'U-2080', 'Everlast Wellness Medical Center L.L.C', '24.463865', '54.354424'),
(991, 2, 48, 'U-2083', 'Dr. Naziha Khalil Al-Merjani Clinic', '25.1218248', '56.341008'),
(992, 4, 67, 'Q-1426', 'Al-Safwa Medical Center', '25.346569', '51.46469'),
(993, 3, 65, 'K-4274', 'Dr. Shadya Othman', '29.344006', '48.087266'),
(994, 3, 62, 'K-4275', 'Ibrahim Al-Onaizy Polyclinic', '29.309437', '47.91718'),
(995, 3, 62, 'K-4273', 'MEDCO GULF Gen. Trad & Cont. Co.', '29.341394', '48.038761'),
(996, 1, 36, '32275', 'Pyramid Care Medical Center', '24.789833', '46.788602'),
(997, 1, 32, '32276', 'Saud Sultan polyclinic', '31.331282', '37.339533'),
(998, 1, 36, '32274', 'Taleen Medical Company', '24.786946', '46.789949'),
(999, 5, 69, 'O-1435', 'Al-Reem Medical Center', '23.604776', '58.49086'),
(1000, 2, 47, 'U-2094', 'Omaya Medical Center', '25.263797', '55.316287'),
(1001, 1, 28, '32279', 'Al-Wafi Complex Medical Clinics', '21.376339', '39.786881'),
(1002, 7, 77, 'J-1517', 'Makka Beauty Clinics', '31.976004', '35.849619'),
(1003, 3, 60, 'K-4277', 'Bella Clinic', '29.324701', '48.017658'),
(1004, 1, 36, '32281', 'Al-Maali Tech Co. Ltd.', '24.786709', '46.724601'),
(1005, 1, 36, '32282', 'Sanad Hospital', '24.779015', '46.739625'),
(1006, 1, 36, '32285', 'Celin Medical Center', '24.749208', '46.764028'),
(1007, 7, 77, 'J-1518', 'Gardenia Beauty Clinic', '31.951122', '35.860625'),
(1008, 1, 36, '32288', 'Pioneers Specialist Medical Center', '24.569092', '46.787744'),
(1009, 1, 36, '32293', 'Dental Care Center', '24.594794', '46.619831'),
(1010, 3, 65, 'K-4279', 'Elegant Clinic 2', '29.340326', '48.037613'),
(1011, 1, 20, '32294', 'Enayti Specialized Medical Complex', '27.501068', '41.680337'),
(1012, 4, 67, 'Q-1433', 'Al-Wehda Medical Center', '25.25869', '51.529938'),
(1013, 1, 6, '32301', 'Royal Medical Complex (Khobar)', '26.284058', '50.203832'),
(1014, 1, 30, '32302', 'Agmal Ebtsama Dental & Derma Medical Center', '26.398277', '43.941128'),
(1015, 1, 36, '32303', 'Dubont Clinic', '24.799603', '46.785207'),
(1016, 1, 16, '32307', 'Ahaleena Medical Clinic Co.', '26.450157', '50.096431'),
(1017, 1, 36, '32308', 'Al-Khayyalh Clinic', '24.701273', '46.667266'),
(1018, 1, 41, '32309', 'Al-Bandr Specialized Medical Center', '21.439292', '40.482325'),
(1019, 3, 65, 'K-4280', 'Derma Reem Clinic', '29.341394', '48.038761'),
(1020, 1, 36, '32310', 'Derma Dent', '24.76637', '46.661033'),
(1021, 2, 44, 'U-2100', 'Ultra Care Medical Center', '24.462174', '54.370651'),
(1022, 7, 77, 'J-1519', 'Ahmed Fahmy Hamdan and Akram Saad Eldin Al-Adhamy', '31.996786', '35.845346'),
(1023, 3, 65, 'K-4284', 'VLCC International Kuwait WLL', '29.337331', '48.053523'),
(1024, 1, 6, '32314', 'Rawnaq Dental and Derma Clinics', '26.305355', '50.180574'),
(1025, 1, 16, '32319', 'Orked Al-Shate Medical Center', '26.448187', '50.117933'),
(1026, 1, 2, '32321', 'Saad Medical Center', '18.256648', '42.631665'),
(1027, 1, 36, '32323', 'Doctor Smile Medical Company', '24.792539', '46.868647'),
(1028, 1, 6, '32324', 'Cham Dental Clinic', '26.304754', '50.197175'),
(1029, 1, 22, '32327', 'Doctor Style', '21.61032', '39.14153'),
(1030, 2, 47, 'U-2102', 'Allied Medical Center', '25.232933', '55.281123'),
(1031, 2, 50, 'U-2106', 'Al-Dalil Medical Center', '25.336185', '55.425299'),
(1032, 1, 6, '32331', 'Basamat Dental Clinics', '26.363087', '50.197654'),
(1033, 2, 50, 'U-2109', 'Areej Medical Center', '25.345436', '55.431799'),
(1034, 2, 50, 'U-2110', 'Celebrities Medical Center', '25.355723', '55.43913'),
(1035, 2, 46, 'U-2112', 'Infinity Health Care Medical Center', '24.245864', '55.751209'),
(1036, 3, 62, 'K-4285', 'Al-Hamra Clinic', '29.379045', '47.993238'),
(1037, 1, 13, '32333', 'Experts Medical Center', '18.53917', '42.069356'),
(1038, 1, 36, '32334', 'Al-WSJ Medical Company', '24.57693', '46.770693'),
(1039, 3, 60, 'K-4286', 'Golden Cosmetic Center', '29.341394', '48.038761'),
(1040, 2, 46, 'U-2116', 'Fine Care Plus Specialized Medical Center', '24.223461', '55.726818'),
(1041, 3, 57, 'K-4288', 'Al-Sabah Private Polyclinic', '29.085555', '48.129467'),
(1042, 3, 65, 'K-4289', 'Mal-Allah Poly Clinic', '29.336755', '48.056704'),
(1043, 2, 47, 'U-2117', 'Art of Beauty Center', '25.144486', '55.208429'),
(1044, 2, 47, 'U-2121', 'Roya Medical Center', '25.234369', '55.269977'),
(1045, 1, 36, '32337', 'Jomana Medical Company Limited', '24.708119', '46.838965'),
(1046, 1, 36, '32342', 'Hla Rose Medical Clinic', '24.757992', '46.813475'),
(1047, 1, 36, '32344', 'Aroka Medical Company', '24.793142', '46.770204'),
(1048, 3, 65, 'K-4294', 'Infinity Clinic', '29.343716', '48.086532'),
(1049, 1, 31, '32345', 'Al-Azhar Medical Center', '19.139473', '41.075526'),
(1050, 1, 36, '32350', 'Dr. Abdul Aziz Al-Mutairy Clinics', '24.815872', '46.755603'),
(1051, 2, 50, 'U-2125', 'Al-Dimashqi Medical Center', '25.336291', '55.375659'),
(1052, 1, 36, '32352', 'Abiat Al-Tibb Co.', '24.764686', '46.749749'),
(1053, 5, 69, 'O-1437', 'Kaya Middle East FZE | Muscat', '23.604467', '58.450528'),
(1054, 1, 36, '32355', 'Skin & Beauty Medical Center', '24.777624', '46.688526'),
(1055, 6, 73, 'B-1438', 'Yara Medical Hospitalia W.L.L', '26.221492', '50.503238'),
(1056, 1, 21, '32360', 'Hayat Family Medical Complex', '25.374921', '49.566375'),
(1057, 3, 60, 'K-4296', 'White Wall Clinic', '29.34805', '48.0325'),
(1058, 2, 47, 'U-2132', 'Charme Polyclinic L.L.C.', '25.14368', '55.207672'),
(1059, 1, 36, '32369', 'Al-Marmar Complex Medical Services Co.', '24.563554', '46.705889'),
(1060, 1, 36, '32371', 'Adele Medical Center', '24.760987', '46.693391'),
(1061, 1, 36, '32374', 'Unique Dental Care', '24.811395', '46.626148'),
(1062, 2, 44, 'U-2140', 'Al-Hendawy Medical Center', '24.4841809', '54.367488'),
(1063, 2, 46, 'U-2141', 'International Aesthetic Medical Center | Al-Ain', '24.247684', '55.741156'),
(1064, 3, 62, 'K-4299', 'Dr. Reem Kanawati Clinic', '29.369181', '48.008694'),
(1065, 1, 22, '32378', 'Lamera Clinics', '21.562469', '39.161598'),
(1066, 1, 85, '32384', 'Al-Deraa Medical Company', '22.290259', '46.70835'),
(1067, 2, 47, 'U-2154', 'H.H. Shaikh Hamdan Bin Rashid Al-Maktoum Palace', '25.224441', '55.303982'),
(1068, 1, 36, '32385', 'Fal Al-Afia Medical Complex', '24.798279', '46.781987'),
(1069, 2, 44, 'U-2156', 'The British Clinic', '24.49062', '54.370779'),
(1070, 1, 25, '32390', 'Ososs EST.', '18.3006', '42.718069'),
(1071, 1, 41, '32393', 'Al-Mokhtar General Medical Complex', '21.436251', '40.488638'),
(1072, 2, 47, 'U-2167', 'Quality Life Medical Center', '25.084504', '55.144674'),
(1073, 4, 67, 'Q-1468', 'Sidra Hospital- Medical & Research Center', '25.32211', '51.444937'),
(1074, 3, 62, 'K-4301', 'Flex Clinic', '29.352551', '48.026399'),
(1075, 2, 44, 'U-2179', 'Al-Amal Medical Centre & Pharmacy', '24.28263', '54.647592'),
(1076, 3, 65, 'K-4302', 'Joury Clinic', '29.342158', '48.076787'),
(1077, 1, 36, '32399', 'Allied Medical Center | Riyadh', '24.735033', '46.686586'),
(1078, 4, 67, 'Q-1424', 'VLCC', '25.260819', '51.537306'),
(1079, 2, 46, 'U-2187', 'Dr.Yamina Dehimi Clinic L.L.C.', '24.220427', '55.758972'),
(1080, 2, 47, 'U-2189', 'Marina Medical Center L.L.C', '25.085066', '55.14203'),
(1081, 2, 47, 'U-2195', 'VLCC International LLC', '25.28677', '55.390693'),
(1082, 2, 46, 'U-2196', 'Real Health Center', '24.221942', '55.750222'),
(1083, 3, 62, 'K-4303', 'Concept Clinic', '29.369163', '48.008927'),
(1084, 1, 36, '32415', 'Health & Medicine Medical Company', '24.722154', '46.672199'),
(1085, 2, 44, 'U-2198', 'Dr. Sahar Al-Kadhi Medical Center', '24.462068', '54.369822'),
(1086, 4, 67, 'Q-1428', 'Syrian American Medical Center', '25.319445', '51.456334'),
(1087, 2, 47, 'U-2202', 'Face Design Medical Center', '25.2137843', '55.25859'),
(1088, 1, 19, '32420', 'Derma Care Clinic', '28.422964', '45.957441'),
(1089, 1, 36, '32422', 'Juna Medical Center', '24.763108', '46.800973'),
(1090, 1, 36, '32424', 'Rose Medical Company', '24.74395', '46.754547'),
(1091, 2, 47, 'U-2204', 'Yoland Medical Center', '25.189083', '55.383818'),
(1092, 3, 57, 'K-4304', 'Al-Amal Polyclinic | Fahaheel', '29.078437', '48.128937'),
(1093, 1, 36, '32432', 'Medical Care and Fresh', '24.735755', '46.83179'),
(1094, 2, 47, 'U-2208', 'Irish Medical Clinic', '25.15301', '55.214898'),
(1095, 2, 44, 'U-2209', 'Beauty Trick Medical Center', '24.459113', '54.373076'),
(1096, 1, 36, '32441', 'European Consulting Center', '24.738776', '46.689265'),
(1097, 2, 44, 'U-2212', 'Dr. Fatymah Mamdouh Al-Baridi', '24.292106', '54.635024'),
(1098, 1, 23, '32445', 'Mohammed Ali Yahya Al-Kalidi Al-Maliki Polyclinic', '17.345545', '43.152006'),
(1099, 1, 41, '32447', 'Al-Bahjah Specialized Polyclinics', '21.264179', '40.3988'),
(1100, 1, 25, '32448', 'Al-Teb Al-Shamel Medical Center', '18.248853', '42.762827'),
(1101, 3, 53, 'K-4307', 'Bella Roma Clinic', '29.349926', '48.025138'),
(1102, 2, 47, 'U-2222', 'IMC Medical Center L.L.C', '25.098908', '55.204699'),
(1103, 3, 60, 'K-4308', 'I Care Clinic', '29.346521', '48.011941'),
(1104, 1, 15, '32457', 'Al-Mustaqbal Specialist Medical Group', '20.026147', '42.612609'),
(1105, 2, 45, 'U-2235', 'Oxygen Medical Center', '25.392708', '55.432444'),
(1106, 2, 44, 'U-2241', 'Cosmedics Skin & Laser Clinic', '24.431127', '54.569757'),
(1107, 1, 36, '32458', 'Demas Specialized Clinics', '24.776167', '46.753037'),
(1108, 7, 77, 'J-1525', 'Dr. Amira Clinic', '31.999342', '35.872574'),
(1109, 1, 36, '32461', 'Al-Raed Consultant Medical Center', '24.716886', '46.65913'),
(1110, 3, 63, 'K-4310', 'Chic Clinic', '29.157071', '48.126037'),
(1111, 2, 44, 'U-2256', 'Bodyworx Medical Center L.L.C', '24.48275', '54.38168'),
(1112, 2, 50, 'U-2260', 'Al-Wadi International Medical Center', '25.307788', '55.460738'),
(1113, 1, 28, '32465', 'Elite General Medical Complex', '21.374233', '39.800747'),
(1114, 3, 62, 'K-4311', 'Al-Mansour Clinic(Alsalmyah)', '29.346144', '48.087454'),
(1115, 1, 36, '32468', 'Mashari Mohamed Al-Anazi Company', '24.821942', '46.619993'),
(1116, 7, 77, 'J-1526', 'Sara Saudi Group', '31.942553', '35.880943'),
(1117, 7, 77, 'J-1527', 'Dr. Sami Mashal Clinic', '31.960345', '35.880921'),
(1118, 2, 47, 'U-2269', 'Doctor Haitham Salman Salih Plastic Surgery Clinic L.L.C', '25.287584', '55.365123'),
(1119, 3, 53, 'K-4312', 'Butrus Jerjes Yousef Bahsay', '29.349474', '48.032637'),
(1120, 1, 36, '32469', 'Care And Beauty Clinics', '24.739588', '46.68461'),
(1121, 2, 46, 'U-2274', 'I CARE CLINIC L.L.C', '24.223625', '55.781291'),
(1122, 2, 47, 'U-2279', 'Cocoona Day Surgical Center', '25.165678', '55.223871'),
(1123, 2, 47, 'U-2283', 'AIG Medical Clinics L.L.C', '25.182223', '55.225382'),
(1124, 1, 36, '32471', 'Perfect Care Poly Clinic', '24.688827', '46.756922'),
(1125, 1, 36, '32474', 'Nadret Leen Medical Complex', '24.813558', '46.754768'),
(1126, 1, 36, '32475', 'Bright Medical Centre', '24.801791', '46.738883'),
(1127, 1, 36, '32476', 'Meras Medical Center Company', '24.813764', '46.632057'),
(1128, 3, 60, 'K-4314', 'Al-Nahil International Center', '29.328412', '48.009016'),
(1129, 5, 69, 'O-1441', 'Al-Zahra Medical Complex', '23.612764', '58.496201'),
(1130, 1, 26, '32478', 'Lamasat Al-Nour Dental Clinic', '24.457058', '39.655452'),
(1131, 1, 21, '32480', 'Bright White Medical Center', '25.397655', '49.560147'),
(1132, 1, 36, '32482', 'Bella Medical Centre', '24.57174', '46.665651'),
(1133, 1, 22, '32486', 'Makarim Sobhi Batarji Medical Services Company Ltd.', '21.59734', '39.135618'),
(1134, 1, 2, '32487', 'Universe Medical Center', '18.230686', '42.493281'),
(1135, 1, 30, '32491', 'Dov Medical Complex (Dental & Dermatology)', '26.394649', '43.925935'),
(1136, 2, 44, 'U-2291', 'Ambulatory Healthcare Services (AHS)', '24.428053', '54.463159'),
(1137, 3, 52, 'K-4316', 'Dana Clinic', '29.342475', '47.673338'),
(1138, 3, 52, 'K-4321', 'Al-Rayan Clinic', '29.351489', '47.666721'),
(1139, 1, 22, '32493', 'Dr. Saeed Awdah Al-Asiri Complex for General Medicine', '21.514427', '39.224726'),
(1140, 2, 47, 'U-2296', 'TruCare Clinics L.L.C', '25.117422', '55.20471'),
(1141, 3, 60, 'K-4323', 'Quttainah Medical Center', '29.350883', '48.030521'),
(1142, 2, 47, 'U-2304', 'Bizrah Medical Center & Nose Cosmetic Surgery BMC L.L.C', '25.125021', '55.202392'),
(1143, 4, 67, 'Q-1481', 'Dr. Halima Al-Tamimi Obsteitrics & Gynaecology Centre', '25.253354', '51.48707'),
(1144, 1, 36, '32502', 'Dr. Mohamed Al-Zomami Dental & Derma Center', '24.799235', '46.597254'),
(1145, 1, 16, '32510', 'Creative Medical Specialized Complex', '26.408932', '50.055862'),
(1146, 3, 61, 'K-4325', 'Dr. Amani Sultan Clinic', '29.320852', '48.025356'),
(1147, 1, 41, '32513', 'Childhood Crown Medical Complex General', '21.243703', '40.410651'),
(1148, 1, 26, '32514', 'Al Miknan Al Mumayaz Dental Complex', '24.413559', '39.61957'),
(1149, 3, 62, 'K-4329', 'Dr. Salem Al-Ajmy Clinic', '29.329115', '48.090747'),
(1150, 7, 78, 'J-1533', 'Dr. Rasha Clinic', '32.53666', '35.869985'),
(1151, 2, 47, 'U-2318', 'Omnicare Medical Center LLC', '25.150123', '55.211898'),
(1152, 3, 62, 'K-4332', 'La Bourjoise Swiss Clinic', '29.354942', '48.02428'),
(1153, 3, 62, 'K-4334', 'Mallorca Beauty Center', '29.367232', '48.009074'),
(1154, 1, 41, '32518', 'Zahrat Al-Salamah Medical Center', '21.268934', '40.405859'),
(1155, 1, 28, '32528', 'Al-Fares Crystal General Medical Complex', '21.463849', '39.946215'),
(1156, 4, 67, 'Q-1484', 'Al-Jameel Medical Services', '25.258992', '51.450357'),
(1157, 1, 6, '32532', 'Riyadh Mansour Al-Bigmy Clinics', '26.294882', '50.18528'),
(1158, 1, 36, '32533', 'Bahr Darin Medical complex', '24.813758', '46.776362'),
(1159, 1, 41, '32535', 'Al-Salam General Polyclinic', '21.283204', '40.423848'),
(1160, 2, 47, 'U-2330', 'Euro Arabian Medical Center', '25.22383', '55.256873'),
(1161, 2, 44, 'U-2332', 'Mezyad Medical Center', '24.373265', '54.538277'),
(1162, 3, 60, 'K-4337', 'Infinity Derma Clinic 2', '29.34829', '48.014257'),
(1163, 1, 36, '32537', 'Dana Smile Medical Complex', '24.643578', '46.546221'),
(1164, 3, 53, 'K-4338', 'Laross Clinica', '29.34805', '48.0325'),
(1165, 1, 5, '32538', 'Tbeeb Al-Hayah Medical Clinic', '24.143183', '47.367509'),
(1166, 1, 36, '32540', 'Hi Care Polyclinic', '24.734963', '46.831967'),
(1167, 1, 2, '32542', 'Deep Vision Center', '18.230131', '42.509686'),
(1168, 3, 53, 'K-4341', 'Dr. Sahar A S Al Houti', '29.34805', '48.0325'),
(1169, 6, 76, 'B-1447', 'Dr. Rana’S Aesthetic Health Center', '26.127155', '50.557575'),
(1170, 1, 36, '32553', 'Saudi British Hospital', '24.706722', '46.673916'),
(1171, 1, 36, '32554', 'Trust Medical Center', '24.753173', '46.719917'),
(1172, 1, 36, '32556', 'Specialized Expert Center', '24.77893', '46.664363'),
(1173, 2, 46, 'U-2349', 'Cryogenic General Trading', '24.190929', '55.760304'),
(1174, 1, 25, '32557', 'Gulf Smile Center', '18.253368', '42.758929'),
(1175, 1, 16, '32558', 'Era Doctors Clinics', '26.470151', '50.124128'),
(1176, 4, 67, 'Q-1489', 'Diamond Medical Center', '25.393272', '51.431821'),
(1177, 3, 58, 'K-4347', 'Elite Medical Centre', '29.289443', '47.967423'),
(1178, 3, 62, 'K-4348', 'Dr. Ahmed Abdullatif Ahmed Al-Haddad Clinic', '29.38619', '47.984006'),
(1179, 1, 36, '32564', 'To Care Polyclinic', '24.796484', '46.638296'),
(1180, 1, 36, '32565', 'Knowledge Source For Consulting & Medical Training', '24.755904', '46.655908'),
(1181, 2, 44, 'U-2352', 'NMC Royal Hospital (Abu Dhabi)', '24.483794', '54.361367'),
(1182, 1, 10, '32566', 'Ibrahim Saud Al-Tayyar and Partner Medical Complex', '24.064829', '45.28736'),
(1183, 1, 36, '32572', 'Victoria Saudi Medical Hospital Company', '24.730152', '46.785305'),
(1184, 2, 46, 'U-2360', 'Al-Andalus Medical Center', '24.228469', '55.761961'),
(1185, 3, 54, 'K-4351', 'Mangaf Private Polyclinic', '29.092238', '48.131186'),
(1186, 4, 67, 'Q-1490', 'Royal Medical Center', '25.260773', '51.524858'),
(1187, 3, 65, 'K-4353', 'Venues Clinic', '29.335344', '48.053879'),
(1188, 2, 45, 'U-2367', 'Derma Art Clinic L.L.C', '25.419313', '55.488531'),
(1189, 2, 47, 'U-2368', 'VIA Medical Center and Plastic surgery', '25.209627', '55.245855'),
(1190, 1, 28, '32576', 'Al-Bader Al-Thamin General Polyclinic', '21.448597', '39.864076'),
(1191, 1, 22, '32577', 'Al Bader IV Specialized Medical Complex', '21.425584', '39.296683'),
(1192, 1, 28, '32579', 'Al-Bader Al-Thani Company L.L.C', '21.382167', '39.794902'),
(1193, 1, 22, '32583', 'Oasis Clinics', '21.559209', '39.124791'),
(1194, 1, 41, '32584', 'Hikmet Al-Byrony Polyclinic', '21.250186', '40.410016'),
(1195, 1, 36, '32585', 'Amaldun Dental And Dermatology Clinics', '24.763687', '46.692963'),
(1196, 3, 60, 'K-4356', 'Dental 8 Clinic - Dental Center', '29.32976', '48.028804'),
(1197, 3, 62, 'K-4357', 'Diva Derma Clinic', '29.367625', '48.008932'),
(1198, 7, 78, 'J-1537', 'Rawan Ali Mohamed Abo Samrah Clinic', '32.543838', '35.858893'),
(1199, 1, 22, '32587', 'Septa Specialized Medical Complex', '21.641725', '39.130137'),
(1200, 1, 36, '32588', 'Al-Farabi Smile Medical Complex', '24.596628', '46.619372'),
(1201, 1, 6, '32589', 'Dar Ram Medical Complex', '26.303777', '50.20337'),
(1202, 5, 69, 'O-1451', 'Gulf Specialized Hospital', '23.607437', '58.5131'),
(1203, 2, 46, 'U-2380', 'Beaulink Medical Center', '24.226653', '55.660928'),
(1204, 1, 26, '32595', 'Rooh Al-Shefaa Medical Polyclinic', '24.420421', '39.624122'),
(1205, 1, 29, '32596', 'Mohamed Hamad Dakheel Clinic', '17.528837', '44.201158'),
(1206, 3, 60, 'K-4364', 'Laila Taishouri', '29.348064', '48.013454'),
(1207, 5, 69, 'O-1458', 'Ali Al Battashi United Projects', '23.610181', '58.243726'),
(1208, 5, 69, 'O-1460', 'Al-Taima International L.L.C', '23.619942', '58.259153'),
(1209, 4, 67, 'Q-1491', 'Dr. Kholoud Al-Mahmoud Specialized Diseases Center', '25.251668', '51.461241'),
(1210, 2, 47, 'U-2387', 'Confident Skin & Dental Care L.L.C', '25.228474', '55.26146'),
(1211, 2, 47, 'U-2388', 'Serenity Medical Clinic', '25.088658', '55.146849'),
(1212, 3, 60, 'K-4362', 'Rosa Clinic', '29.348314', '48.014284'),
(1213, 3, 62, 'K-4363', 'Nael Al-Hazeem Dental Center', '29.370531', '47.992567'),
(1214, 3, 60, 'K-4368', 'Tajmeel Clinics', '29.323228', '48.018562'),
(1215, 1, 29, '32599', 'Beauty Secrets Polyclinic', '17.551249', '44.228666'),
(1216, 1, 28, '32600', 'Atba Al-Asr General Medical Complex', '21.400211', '39.876873'),
(1217, 1, 36, '32601', 'Manaber Al-Teqnia', '24.575426', '46.676202'),
(1218, 1, 36, '32603', 'Al Hayat Medical Complex Company', '24.785119', '46.750602'),
(1219, 1, 3, '32605', 'Shmoa Al Seha Medical Group', '23.895064', '42.908027'),
(1220, 1, 6, '32607', 'Eshraqah Al Khobar Medical Copmlex', '26.294941', '50.170201'),
(1221, 1, 7, '32610', 'Al-Nairya Medical Polyclinic', '27.474045', '48.490419'),
(1222, 1, 30, '32612', 'Delta Al-Naseem Medical Complex', '26.131015', '43.648317'),
(1223, 5, 69, 'O-1476', 'Al Khaldiyya Specialized Medical and Commercial Complex L.L.C.', '23.600268', '58.377245'),
(1224, 1, 36, '32614', 'Sehat Al Suwaidi Medical Company', '24.5673', '46.640521'),
(1225, 1, 36, '32615', 'Al-Rahama Medical Center Company', '24.760107', '46.812439'),
(1226, 1, 19, '32616', 'Pulse Care Polyclinic', '28.31522', '46.122925'),
(1227, 1, 24, '32617', 'Majid Polyclinics Medical Complex Company', '27.00874', '49.644177'),
(1228, 1, 36, '32621', 'River of Health Medical Complex Co.', '24.788558', '46.875985'),
(1229, 1, 30, '32622', 'Smart Medical Clinics Company', '26.417076', '43.928919'),
(1230, 3, 53, 'K-4374', 'Mohamed Eid Salamah Eid Mousa', '29.348156', '48.032476'),
(1231, 4, 67, 'Q-1493', 'Beauty Concept Polyclinic', '25.306531', '51.487018'),
(1232, 3, 65, 'K-4375', 'Kuwait Edafah Company', '29.338154', '48.055225'),
(1233, 1, 36, '32624', 'State Security Presidency', '24.699321', '46.690683'),
(1234, 2, 44, 'U-2412', 'Al-Reem Dental & Cosmetic Center - Branch Of Dubai L.L.C', '24.465907', '54.346859'),
(1235, 1, 36, '32627', 'Pearl Zone Medical Center', '24.73382', '46.686304'),
(1236, 1, 30, '32629', 'Ramz Al-Rawad', '26.355263', '43.956476'),
(1237, 1, 28, '32631', 'Life Way General Polyclinic', '21.459758', '39.962094'),
(1238, 7, 77, 'J-1541', 'Al-Khaldi Beauty Clinic (Dr. Majdi Fathi Sadek Al-Khaldi)', '31.957475', '35.855458'),
(1239, 1, 36, '32633', 'Smile Experts Dental and Dermatology Clinic', '24.57394', '46.608919'),
(1240, 3, 60, 'K-4376', 'Dr. Ahmed Al-Muheisen', '29.346525', '48.011934'),
(1241, 1, 36, '32636', 'Bylsan Al-Riyadh Medical Center', '24.763901', '46.801512'),
(1242, 2, 47, 'U-2425', 'Beauty Concept Clinic FZ-L.L.C', '25.23183', '55.321824'),
(1243, 2, 44, 'U-2426', 'L A Medical Center', '24.371687', '54.540275'),
(1244, 1, 36, '32638', 'Orked Riyadh Polyclinics', '24.748045', '46.798107'),
(1245, 4, 67, 'Q-1496', 'Al-Nawras Medical Center', '25.254784', '51.44982'),
(1246, 5, 71, 'O-1494', 'Royal Excellence Medical Center', '24.384652', '56.699348'),
(1247, 6, 75, 'B-1460', 'Al-Senan Health Center', '26.261411', '50.618055'),
(1248, 1, 36, '32641', 'Sumo Al-Seha Medical Center', '24.804482', '46.693907'),
(1249, 2, 44, 'U-2439', 'Care Well Clinic L.L.C', '24.43469', '54.41256'),
(1250, 2, 44, 'U-2440', 'HOSPACCX Medical Equipment LLC', '24.477443', '54.381495'),
(1251, 1, 16, '32644', 'Hoor Dental Complex', '26.412483', '50.018475'),
(1252, 6, 74, 'B-1462', 'Al-Salam Specialist Hospital', '26.154265', '50.568624'),
(1253, 1, 22, '32647', 'Renew Cosmetic Clinics', '21.61178', '39.119931'),
(1254, 1, 36, '32649', 'Adwaa Ishbiliya Medical Complex', '24.792096', '46.787439'),
(1255, 1, 16, '32650', 'Jordanian Medical Clinic Company', '26.427566', '50.038496'),
(1256, 3, 62, 'K-4378', 'Rim Ahmad Achrafi', '29.367433', '48.009002'),
(1257, 2, 44, 'U-2453', 'Kings College Hospital Clinics', '24.47301', '54.349623'),
(1258, 1, 36, '32661', 'Al-Enaya Medical Center Dental Co.', '24.64903', '46.555685'),
(1259, 1, 36, '32662', 'Medical Care Origin Clinic', '24.685048', '46.689788'),
(1260, 4, 67, 'Q-1498', 'Dr.Fatina Imran Medical Complex', '25.324382', '51.500978'),
(1261, 1, 42, '32666', 'Shams Al-Tadawai Medical Clinics Complex', '20.476064', '44.776307'),
(1262, 1, 29, '32667', 'Enayti Medical Center', '17.558904', '44.229823'),
(1263, 1, 22, '32671', 'El-Herfay El Maher Organization', '21.572188', '39.138927'),
(1264, 1, 21, '32672', 'Beauty Zone Medical Center', '25.403781', '49.557242'),
(1265, 1, 36, '32673', 'Smile Palace Polyclinic', '24.800787', '46.783066'),
(1266, 2, 47, 'U-2461', 'Scottish Dental Centre', '25.165567', '55.234406'),
(1267, 5, 69, 'O-1496', 'Kinaan Medical Center', '23.623311', '58.213375'),
(1268, 1, 29, '32679', 'Elia Clinic', '17.492743', '44.189095'),
(1269, 1, 36, '32680', 'Al-Bayroni Saudi Medical Company', '24.815061', '46.776987'),
(1270, 1, 16, '32682', 'Murjan Medical Co.', '26.371689', '50.124045'),
(1271, 2, 47, 'U-2463', 'Tazyeen Gynae and Polyclinic LLC', '25.045951', '55.231757'),
(1272, 2, 44, 'U-2465', 'NMC Royal Medical Center', '24.456061', '54.339859'),
(1273, 1, 36, '32685', 'Noor Medical Clinics Complex', '24.714548', '46.677133'),
(1274, 3, 60, 'K-4381', 'My Doctor Clinic', '29.333538', '48.087024'),
(1275, 4, 67, 'Q-1501', 'Value Medical Complex', '25.3445', '51.469465'),
(1276, 1, 16, '32690', 'Cham Dental & Derma Clinics (2)', '26.41241', '50.097154'),
(1277, 3, 53, 'K-4382', 'HK Dermatology Clinic', '29.348765', '48.03263');
INSERT INTO `tbl_clinics` (`Clinic_Id`, `Country_Id`, `City_Id`, `Clinic_Code`, `Clinic_Name`, `Clinic_Latitude`, `Clinic_Longitude`) VALUES
(1278, 2, 47, 'U-2467', 'ZIA Medical Center', '25.165471', '55.212371'),
(1279, 4, 67, 'Q-1503', 'Al-Etihad Polyclinic', '25.260298', '51.498966'),
(1280, 1, 40, '20921', 'King Khalid Hospital, Tabuk', '28.394821', '36.543855'),
(1281, 1, 28, '32692', 'Sarh Medical Complex', '21.465625', '39.930913'),
(1282, 1, 86, '32903', 'Ryadet Al-Dhran Medical Complex', '26.350264', '50.132867'),
(1283, 1, 25, '20826', 'Abdul Salam Polyclinic', '18.305073', '42.724354'),
(1284, 1, 21, '20481', 'Jameel M. Khattab Polyclin', '25.392428', '49.591049'),
(1285, 3, 65, 'K-4383', 'Aspen Aesthetic & Laser Clinic', '29.335384', '48.053869'),
(1286, 6, 74, 'B-1463', 'Wellmed Center', '26.20244', '50.56069'),
(1287, 5, 69, 'O-1504', 'Sobehs Medical Center', '23.628759', '58.266857'),
(1288, 1, 26, '32709', 'Jude Comprehensive Medical Center', '24.485972', '39.592499'),
(1289, 2, 47, 'U-2472', 'American Medical Center', '25.077311', '55.155276'),
(1290, 3, 65, 'K-4384', 'Zainab Beauty Clinic', '29.333069', '48.082694'),
(1291, 1, 22, '30172', 'Obagi Center', '21.538826', '39.16932'),
(1292, 1, 25, '32716', 'Specialist Dental Center', '18.307083', '42.704095'),
(1293, 1, 19, '32817', 'Ferma Polyclinics', '28.430452', '45.950672'),
(1294, 2, 47, 'U-2475', 'Doctor K. Medical Center', '25.062814', '55.137858'),
(1295, 2, 46, 'U-2477', 'Barada Medical Center', '24.218188', '55.758542'),
(1296, 3, 65, 'K-4387', 'COSMO DERMA Clinic', '29.336957', '48.051736'),
(1297, 1, 23, '32724', 'Al-Hayat Specialized Medical Center', '16.961682', '42.832479'),
(1298, 3, 65, 'K-4389', 'Venicia Clinic', '29.332749', '48.086377'),
(1299, 1, 22, '32758', 'Elixir General Medical Complex', '21.748329', '39.190855'),
(1300, 3, 62, 'K-4245', 'Prime Clinic', '29.339068', '48.047347'),
(1301, 6, 74, 'B-1464', 'Symmertia Medical CO W.L.L', '26.2033', '50.566028'),
(1302, 2, 46, 'U-2482', 'Urgent Care Medical Center', '24.220697', '55.760287'),
(1303, 5, 69, 'O-1507', 'DERMAGLOW', '23.589025', '58.382123'),
(1304, 1, 22, '32839', 'Dalia Clinics', '21.560702', '39.156823'),
(1305, 1, 22, '32734', 'Smith-F Clinic Dr. Tariq Mohana', '21.569178', '39.164975'),
(1306, 1, 22, '20251', 'Al-Ansar Hospital- Jeddah', '21.583495', '39.154284'),
(1307, 3, 53, 'K-4391', 'Clinica Joelle - Kuwait', '29.349926', '48.025138'),
(1308, 2, 46, 'U-2488', 'ZO Skin Center', '24.27407', '55.779842'),
(1309, 2, 46, 'U-2489', 'Mourany Orthodontic & Dental Center', '24.225893', '55.737362'),
(1310, 3, 60, 'K-4393', 'El-Joun Medical Center', '29.331739', '48.010438'),
(1311, 3, 65, 'K-4392', 'Dana Derm Clinic', '29.33806', '48.060012'),
(1312, 3, 60, 'K-4394', 'B-SMART Center', '29.333776', '48.015129'),
(1313, 3, 60, 'K-4395', 'Marina Beauty Clinic', '29.331754', '48.010478'),
(1314, 1, 22, '32738', 'Aghrass Medical Center', '21.464134', '39.180898'),
(1315, 3, 60, 'K-4396', 'Derma Health Clinic', '29.333776', '48.015129'),
(1316, 2, 44, 'U-2491', 'Bella Medical Center - Abu Dhabi', '24.456193', '54.334814'),
(1317, 3, 65, 'K-4398', 'Hassan Kadry Atout', '29.33806', '48.060012'),
(1318, 5, 69, 'O-1510', 'AgeCare Clinic', '23.620912', '58.502261'),
(1319, 1, 24, '20798', 'Al-Mana General Hospital - Jubail', '27.118556', '49.548835'),
(1320, 1, 22, '33018', 'Balsam Al-Shifa Medical Est.', '', ''),
(1321, 1, 22, '20711', 'Ideal Clinic', '21.549359', '39.145146'),
(1322, 2, 47, 'U-2492', 'You New Plastic Surgery Clinic', '25.2556', '55.329903'),
(1323, 2, 47, 'U-2493', 'Amber Clinics', '25.265196', '55.321339'),
(1324, 1, 28, '32745', 'Al-Bishri Medical Center', '21.368251', '39.837448'),
(1325, 2, 46, 'U-2495', 'Cocoon Polyclinic - Beauty, Spa & Saloon', '24.221002', '55.764807'),
(1326, 1, 26, '20660', 'Al-Dar Hospital', '24.441506', '39.619884'),
(1327, 2, 46, 'U-2497', 'Mediclinic Al Jowhara Hospital', '24.232724', '55.724579'),
(1328, 5, 69, 'O-1511', 'Modern Skin Center - Mabela', '23.634786', '58.14124'),
(1329, 1, 21, '20978', 'Al-Muhaish Dispensary', '', ''),
(1330, 1, 22, '20320', 'Bugshan General Hospital', '21.557252', '39.176301'),
(1331, 1, 16, '32750', 'AL-Qimmah Clinics LTD Co.', '26.339776', '50.151617'),
(1332, 4, 67, 'Q-1506', 'Dr.Khaled Al-Sheikh Ali Medical Center', '25.323446', '51.470454'),
(1333, 1, 6, '32864', 'Dr. Nawal Jomaa Dermatology and Laser Centre', '26.3093', '50.218959'),
(1334, 3, 62, 'K-4400', 'Al-Bannay Clinic', '29.381329', '47.985702'),
(1335, 3, 65, 'K-4401', 'Surgicare Clinic', '29.33806', '48.060012'),
(1336, 2, 46, 'U-2502', 'Arabian Specialist Medical Center', '24.209463', '55.688603'),
(1337, 2, 44, 'U-2505', 'Icon Clinic', '24.471357', '54.385819'),
(1338, 3, 60, 'K-4402', 'Soul Beauty Clinic', '29.348447', '48.014511'),
(1339, 1, 21, '32764', 'C Ram Medical Company (Hofuf)', '25.398808', '49.578119'),
(1340, 2, 44, 'U-2507', 'Beauty Secret Medical Center LLC', '24.465048', '54.348382'),
(1341, 2, 47, 'U-2516', 'La Familia Medical Center', '25.096958', '55.181123'),
(1342, 2, 44, 'U-2519', 'Novadent Dental Center', '24.44793', '54.367163'),
(1343, 1, 7, '32768', 'Al-Midan Al-Azraq Polyclinic', '27.469188', '48.502695'),
(1344, 2, 44, 'U-2520', 'Dr. Samiha Abdalla Lutfi Clinic - Branch of Abu Dhabi 2', '24.410383', '54.603569'),
(1345, 6, 75, 'B-1466', 'Professional Medical Center', '26.264319', '50.597901'),
(1346, 2, 47, 'U-2523', 'OCP Medical Center', '25.226345', '55.284532'),
(1347, 1, 9, '32772', 'Ram Dental Clinics - Seihat', '26.469698', '50.059844'),
(1348, 1, 9, '32877', 'Elegance Complex Clinic', '26.552269', '50.020156'),
(1349, 1, 25, '20368', 'Armed Forces Hospital (Khamis Mushait)', '18.236463', '42.781319'),
(1350, 1, 28, '20591', 'Makkah Medical Center', '21.494841', '39.794094'),
(1351, 6, 74, 'B-1468', 'London Breast Care Centre', '26.198614', '50.554548'),
(1352, 2, 47, 'U-2526', 'Noor Al-Wasl Clinic', '25.155207', '55.21664'),
(1353, 1, 24, '20983', 'Al-Lulu Dispensary', '27.112906', '49.53798'),
(1354, 1, 22, '32785', 'Dr. Ibrahim Ashary Beauty Clinic', '21.548141', '39.133148'),
(1355, 2, 46, 'U-2527', 'Marbella Medical Center', '24.244677', '55.751977'),
(1356, 4, 67, 'Q-1511', 'European Medical Center', '25.395371', '51.461053'),
(1357, 1, 1, '33197', 'Al-Rawad Global Medical Complex', '20.018712', '41.466971'),
(1358, 2, 47, 'U-2530', 'Moon light Polyclinic', '25.216481', '55.257859'),
(1359, 1, 29, '32844', 'Narsis Polyclinic', '17.533888', '44.212655'),
(1360, 1, 30, '32788', 'Al-Habib Polyclinic', '26.318643', '43.98533'),
(1361, 2, 44, 'U-2532', 'Elite Medical Center | Abu Dhabi', '24.4933', '54.366886'),
(1362, 3, 65, 'K-4407', 'Lime Clinic', '29.332726', '48.086341'),
(1363, 2, 47, 'U-2533', 'Marys Beauty Clinic', '25.079098', '55.1502'),
(1364, 2, 50, 'U-2534', 'Genova Medical Center', '25.3248', '55.375084'),
(1365, 3, 65, 'K-4409', 'Skin Aesthetic Clinic', '29.33806', '48.060012'),
(1366, 3, 60, 'K-4410', 'Seif Beauty Clinic', '29.356053', '48.026819'),
(1367, 2, 47, 'U-2537', 'Health Call DMCC', '25.077245', '55.154859'),
(1368, 1, 12, '32802', 'Ahmad Al-Mousa Medical Company', '25.866488', '43.488434'),
(1369, 5, 69, 'O-1516', 'Badr Al-Samaa Polyclinic - Al Khuwair', '23.586516', '58.426941'),
(1370, 2, 47, 'U-2544', 'Manhal Medical Center', '25.177181', '55.245345'),
(1371, 1, 22, '33040', 'Beauty Concept Medical Complex', '21.558474', '39.151327'),
(1372, 5, 69, 'O-1518', 'Zahrat Baghdad Medical Centre', '23.621553', '58.204163'),
(1373, 2, 47, 'U-2545', 'Dental Health Clinic', '25.040646', '55.116453'),
(1374, 1, 41, '20233', 'Al-Amin Hospital', '21.267047', '40.409298'),
(1375, 2, 47, 'U-2557', 'Medica Zone Clinic', '25.144829', '55.207721'),
(1376, 1, 26, '20237', 'Madinah National Hospital', '24.445696', '39.642579'),
(1377, 1, 43, '32826', 'Al-Hayat Specialized Medical Clinics Complex', '24.093344', '38.090292'),
(1378, 1, 26, '32827', 'Dama Medical Centre', '24.49641', '39.606017'),
(1379, 1, 22, '32829', 'Dafa Specialized Medical Polyclinic Co.', '21.58379', '39.245338'),
(1380, 1, 41, '20914', 'Consultative Specialized Medical Complex', '21.264577', '40.411194'),
(1381, 1, 41, '32832', 'Samaya Advanced Specialied Medical Complex', '21.436493', '40.484565'),
(1382, 1, 6, '20247', 'Saad Specialist Hospital', '26.304125', '50.199709'),
(1383, 2, 47, 'U-2564', 'Junqueira Medical Clinic', '25.207242', '55.254551'),
(1384, 2, 50, 'U-2567', 'Al-Jamal Al-Zahabi Medical Centre L.L.C', '25.336608', '55.425776'),
(1385, 1, 30, '32840', 'Selva Medical Complex', '26.369328', '43.932936'),
(1386, 3, 62, 'K-4412', 'JAMAL Clinic', '29.376638', '47.97681'),
(1387, 2, 44, 'U-2548', 'Ibn Nafees Medical Center- Khalifa City Branch', '24.42312', '54.566027'),
(1388, 2, 47, 'U-2549', 'Dr. Nader Saab Plastic Surgery Clinic', '25.208696', '55.24564'),
(1389, 1, 41, '32812', 'Zain Advanced Medical Center', '21.342088', '40.440046'),
(1390, 1, 22, '20322', 'Abdulrahman Bakhsh Hospital', '21.520389', '39.191055'),
(1391, 3, 65, 'K-4413', 'Dr. Beauty Clinic', '29.342168', '48.09525'),
(1392, 1, 26, '20661', 'Al-Mouwasat Hospital (Madinah)', '24.523566', '39.676647'),
(1393, 1, 16, '32816', 'Narcissus Medical Establishment', '26.400333', '50.096522'),
(1394, 1, 22, '20325', 'Erfan and Bagedo General Hospital', '21.576228', '39.179915'),
(1395, 2, 44, 'U-2553', 'Health & Beauty Polyclinic - Abu Dhabi Branch', '24.488999', '54.362295'),
(1396, 1, 24, '32883', 'Avicena for Dental and Derma Center', '27.015471', '49.635581'),
(1397, 1, 21, '32884', 'Al-Hokail Specialized Polyclinic - Hasa', '26.40559', '50.10177'),
(1398, 3, 65, 'K-4421', 'Pure Care Clinic', '29.347967', '48.087493'),
(1399, 1, 22, '20336', 'New Jeddah Clinic Hospital', '21.532298', '39.177502'),
(1400, 1, 2, '20793', 'Asir Central Hospital', '18.199655', '42.524559'),
(1401, 1, 8, '32852', 'Four Seasons Clinics', '19.140915', '42.122364'),
(1402, 1, 22, '32858', 'Dr. Maha Dahlan Clinics', '21.554661', '39.167558'),
(1403, 2, 46, 'U-2573', 'Elegance Medical Center', '24.241632', '55.747376'),
(1404, 2, 50, 'U-2578', 'British Medical Complex', '25.366202', '55.421461'),
(1405, 1, 6, '20724', 'Al-Doha National Dispensary', '', ''),
(1406, 2, 44, 'U-2581', 'Mediclinic Al Mussafah', '24.329598', '54.531486'),
(1407, 2, 44, 'U-2582', 'Beauty Style Medical Centre', '24.484209', '54.367427'),
(1408, 5, 98, 'O-1523', 'Ladies Derma Clinic', '22.580915', '59.51387'),
(1409, 5, 69, 'O-1525', 'Promise Advanced Projects - City Skin Center', '23.638359', '58.130564'),
(1410, 2, 47, 'U-2583', 'Royal Vision Day Surgery Center', '25.141545', '55.205971'),
(1411, 1, 22, '21247', 'Ahmad Nashaat Zaki Hashem', '21.598318', '39.136734'),
(1412, 2, 44, 'U-2589', 'ZO Skin Centre By Zein Obagi Md - Al Marina Village Branch', '24.473371', '54.318976'),
(1413, 1, 22, '33031', 'Watanak Medical Company', '21.581015', '39.21863'),
(1414, 2, 47, 'U-2594', 'Basmat Al-Bayan Medical Center', '25.213866', '55.258888'),
(1415, 2, 44, 'U-2595', 'Medeor Medical Center - Yas Mall', '24.486188', '54.608281'),
(1416, 3, 62, 'K-4418', 'Creative Clinic', '29.376638', '47.97681'),
(1417, 2, 47, 'U-2598', 'Kings College Hospital London Medical Center (KCH Healthcare LLC)', '25.162382', '55.210162'),
(1418, 2, 47, 'U-2601', 'GSM Medical Center', '25.00412', '55.154404'),
(1419, 1, 30, '20423', 'King Fahad Specialist Hospital (Buraydah)', '26.347937', '43.969714'),
(1420, 1, 6, '20426', 'Al-Mana General Hospital (Khobar)', '26.294494', '50.217833'),
(1421, 1, 29, '20792', 'Najran Armed Forces Hospital', '17.552025', '44.216624'),
(1422, 5, 69, 'O-1530', 'Badr Al-Samaa Hospital - Ruwi', '23.595091', '58.543548'),
(1423, 2, 47, 'U-2605', 'DNA Health Center', '25.130323', '55.185059'),
(1424, 1, 16, '20672', 'Al-Mana General Hospital - Dammam', '26.413194', '50.115058'),
(1425, 2, 44, 'U-2607', 'Dar Al Shifaa Hospital- Dalma Mall Branch', '24.333152', '54.523885'),
(1426, 2, 47, 'U-2608', 'Bourn Hall Clinic', '25.240872', '55.272531'),
(1427, 6, 74, 'B-1472', 'Middle East Hospital W.L.L', '26.217185', '50.578745'),
(1428, 2, 47, 'U-2609', 'Riaz Medical Centre - Muhaisnah', '25.287838', '55.401051'),
(1429, 1, 26, '20438', 'King Fahd Hospital, Medina', '24.494013', '39.560139'),
(1430, 6, 74, 'B-1473', 'Gulf Dental Speciality Hospital W.L.L', '26.206013', '50.578308'),
(1431, 2, 45, 'U-2611', 'Ibtesam Medical Center', '25.39281', '55.435175'),
(1432, 5, 69, 'O-1533', 'Yas Medical Center', '24.259182', '55.774776'),
(1433, 1, 25, '20452', 'Ghassan N. Pharaon General Hospital - Khamis', '18.294203', '42.684481'),
(1434, 3, 62, 'K-4419', 'B Queen Clinic', '29.367232', '48.009074'),
(1435, 5, 69, 'O-1537', 'VLCC - Mawaleh', '23.609948', '58.241661'),
(1436, 2, 44, 'U-2612', 'LLH Medical Center', '24.340992', '54.537579'),
(1437, 5, 69, 'O-1540', 'Dar Al-Shefaa Medical Center', '23.610932', '58.496597'),
(1438, 2, 47, 'U-2619', 'OasiRejuve', '25.116286', '55.389743'),
(1439, 2, 47, 'U-2622', 'Dr. Toni Nassar Cosmetic Surgery Clinic', '25.173396', '55.219213'),
(1440, 2, 47, 'U-2623', 'HYF Medical Center', '25.232819', '55.262428'),
(1441, 2, 47, 'U-2625', 'Koster Clinic', '25.135361', '55.196702'),
(1442, 1, 6, '32888', 'Modern Care Polyclinic Complex', '26.206556', '50.208878'),
(1443, 2, 47, 'U-2626', 'Hersche Medical Center', '25.215918', '55.259897'),
(1444, 2, 47, 'U-2628', 'House Health Medical Centre', '25.091489', '55.159186'),
(1445, 2, 47, 'U-2629', 'Royal European Specialist Polyclinic', '25.091489', '55.159186'),
(1446, 2, 44, 'U-2630', 'Burjeel Medical Center Shahama LLC', '24.523352', '54.670521'),
(1447, 3, 65, 'K-4422', 'Messila Clinic', '29.246548', '48.083651'),
(1448, 2, 47, 'U-2631', 'Emirates Specialty Hospital', '25.091489', '55.159186'),
(1449, 3, 65, 'K-4423', 'Villa Sara Medical Center', '29.336111', '48.053192'),
(1450, 3, 62, 'K-4424', 'Zain Beauty Clinic', '29.09423', '48.137003'),
(1451, 1, 1, '30070', 'King Fahd Hospital (Baha)', '20.061863', '41.439379'),
(1452, 3, 62, 'K-4425', 'Dr. Ahdi Al-Bader Clinic', '29.386877', '47.988757'),
(1453, 2, 50, 'U-2633', 'Orchid Medical Center | Sharjah', '25.328121', '55.368443'),
(1454, 2, 45, 'U-2636', 'Basma Baghdad Medical Center', '25.391678', '55.438329'),
(1455, 2, 47, 'U-2637', 'About You Polyclinic', '25.240679', '55.272497'),
(1456, 1, 1, '32892', 'Salem Saad Al Ghamdi Medical Complex', '', ''),
(1457, 2, 47, 'U-2639', 'Cosmo Secrets Medical Center', '25.117161', '55.196613'),
(1458, 1, 35, '20929', 'Al-Taafi Dispensary', '26.701026', '50.067311'),
(1459, 6, 74, 'B-1474', 'Dr. Abd Ashaheed Fadhul Consultant Plastic Surgery Clinic', '26.202037', '50.595403'),
(1460, 5, 71, 'O-1547', 'Al-Sahab Skin Center', '24.426109', '56.610046'),
(1461, 3, 60, 'K-4429', 'Burj Tajmeel', '29.325022', '48.0119'),
(1462, 1, 22, '20565', 'Al-Salam Polyclinic', '21.611647', '39.187979'),
(1463, 1, 22, '20566', 'Mushrefa Polyclinic', '21.537444', '39.197027'),
(1464, 5, 98, 'O-1548', 'Dar Alteb Specialized Polyclinic', '22.040385', '59.322497'),
(1465, 3, 65, 'K-4430', 'View Clinic', '29.346814', '48.085287'),
(1466, 2, 47, 'U-2645', 'Thai Elite SPA & Rehabilitation Center', '25.279348', '55.344428'),
(1467, 3, 65, 'K-4431', 'Wejdan Clinic', '29.331615', '48.047932'),
(1468, 2, 50, 'U-2646', 'Manchester Medical Center', '25.313615', '55.372982'),
(1469, 2, 46, 'U-2649', 'Dr. Nazek Al Salman Medical Center', '24.241737', '55.728372'),
(1470, 1, 22, '20578', 'Khalid Marzouki Polyclinic (Please Use 20532)', '', ''),
(1471, 2, 46, 'U-2653', 'Medeor Hospital - Al-Ain', '24.241737', '55.728372'),
(1472, 2, 44, 'U-2655', 'Health Line Medical Center', '24.459495', '54.332194'),
(1473, 3, 53, 'K-4432', 'Glamour Clinic', '29.349926', '48.025138'),
(1474, 2, 46, 'U-2657', 'Paradise Medical Center', '24.22173', '55.759583'),
(1475, 2, 46, 'U-2658', 'Lamasat Medical Polyclinic', '24.241737', '55.728372'),
(1476, 3, 65, 'K-4433', 'SHAPE CLINIC', '29.347022', '48.085501'),
(1477, 1, 41, '32920', 'Al Taj Al- Motawer Medical Centre', '', ''),
(1478, 2, 44, 'U-2662', 'First Global clinic', '24.459495', '54.332194'),
(1479, 1, 6, '20734', 'As-Salama Hospital (Khobar)', '26.282877', '50.212758'),
(1480, 2, 47, 'U-2663', 'The Elixir Clinic', '25.169054', '55.215591'),
(1481, 2, 45, 'U-2666', 'Eve Medical Center', '25.403716', '55.507278'),
(1482, 3, 52, 'K-4434', 'Consultation Medical Center', '29.329496', '47.680767'),
(1483, 3, 65, 'K-4435', 'Dr. Reem Safi Obstetrics & Gynecology Clinic', '29.33806', '48.060012'),
(1484, 1, 30, '32926', 'Kawader Medical Dental complex', '26.383941', '43.928287'),
(1485, 2, 44, 'U-2667', 'Dr. Mai Al-Shamsi Integrated Care Center', '24.450578', '54.601334'),
(1486, 2, 46, 'U-2668', 'Celeste Medical Center', '24.198682', '55.663135'),
(1487, 3, 65, 'K-4437', 'BBC Clinic', '29.33806', '48.060012'),
(1488, 2, 47, 'U-2669', 'Promise Aesthetic Clinic', '25.217282', '55.418129'),
(1489, 2, 50, 'U-2672', 'Issaq bin Omran Medical Center', '25.300381', '55.538938'),
(1490, 5, 69, 'O-1551', 'Nazaha Polyclinic', '23.607334', '58.23071'),
(1491, 1, 26, '30284', 'Bakkari Consulting Clinics', '24.430143', '39.585621'),
(1492, 3, 60, 'K-4439', 'Derma Plus Clinic', '29.333776', '48.015129'),
(1493, 1, 22, '20753', 'Khalid Polyclinic - Jeddah', '21.471104', '39.264318'),
(1494, 2, 47, 'U-2677', 'FMC Medical Center', '25.091489', '55.159186'),
(1495, 1, 16, '32947', 'Royal Medical Complex - Corniche', '26.45245', '50.119085'),
(1496, 2, 47, 'U-2678', 'Nagem Dental Center', '25.113331', '55.191891'),
(1497, 3, 62, 'K-4440', 'Toscana Clinic', '29.373451', '48.005591'),
(1498, 3, 65, 'K-4441', 'Nuoov Clinic', '29.33806', '48.060012'),
(1499, 1, 41, '32949', 'Planet Complex of General Medical Healing', '21.285326', '40.432155'),
(1500, 2, 47, 'U-2681', 'Ikhlas Al Manara Polyclinic', '25.160795', '55.220961'),
(1501, 3, 65, 'K-4443', 'Yousra Clinic', '29.33806', '48.060012'),
(1502, 2, 49, 'U-2684', 'Al Meead Derma Clinic L.L.C', '25.772791', '55.897033'),
(1503, 3, 62, 'K-4445', 'Hala Medical Center', '29.339949', '47.675642'),
(1504, 3, 62, 'K-4447', 'Dr. Shamayel Faisal Al-Sanafi Clinic', '29.386781', '47.988881'),
(1505, 1, 2, '20827', 'Abha National Dispensary', '18.229831', '42.482497'),
(1506, 3, 65, 'K-4452', 'Dr. Musa Salama Gabr Polyclinic', '29.331076', '48.044756'),
(1507, 3, 65, 'K-4453', 'Dar Al-Jamal Clinic', '29.339638', '48.047751'),
(1508, 3, 65, 'K-4454', 'G Clinic', '29.342269', '48.095263'),
(1509, 2, 47, 'U-2685', 'Prestige International Polyclinic', '25.11711', '55.205312'),
(1510, 3, 58, 'K-4458', 'Al-Rabiaa Medical Center', '29.287231', '47.965116'),
(1511, 1, 6, '20856', 'Omar Ghzawi Polyclinic', '26.300972', '50.218175'),
(1512, 2, 44, 'U-2688', 'Sama Al Shamkha Medical Center', '24.363686', '54.689478'),
(1513, 1, 6, '20888', 'Shorouk Al-Hada Polyclinic', '26.306699', '50.190396'),
(1514, 3, 62, 'K-4468', 'Skin Clinic', '29.370102', '47.992502'),
(1515, 1, 28, '20997', 'Al-Saedi Polyclinic', '21.444566', '39.813997'),
(1516, 3, 62, 'K-4470', 'Monaliza Clinic', '29.367232', '48.009074'),
(1517, 2, 47, 'U-2690', 'La Mar Aesthetic Surgery Centre LLC', '25.091489', '55.159186'),
(1518, 1, 25, '30518', 'Al-Safa Polyclinic', '18.195571', '42.820539'),
(1519, 1, 28, '30279', 'Rowad Medical Polyclinics', '21.345693', '40.446294'),
(1520, 7, 78, 'J-1549', 'Dr. Sara Rawashdah Clinic', '32.536111', '35.864111'),
(1521, 5, 69, 'O-1554', 'Kaya Skin Clinic - City Center Muscat', '23.600181', '58.247697'),
(1522, 1, 24, '20984', 'Al-Mouwasat Hospital (Jubail)', '27.13773', '49.537013'),
(1523, 3, 65, 'K-4489', 'Diva Clinic', '29.336723', '48.052675'),
(1524, 3, 65, 'K-4491', 'Myriam Clinic', '29.342474', '48.095333'),
(1525, 1, 28, '21329', 'Makkah Al-Khaldiyah Polyclinic', '21.403126', '39.795353'),
(1526, 3, 65, 'K-4494', 'Asayad Medical Center (AMC)', '29.329343', '48.08765'),
(1527, 1, 26, '30200', 'Dr. Hamid Al-Ahmadi Hospital', '24.495018', '39.606859'),
(1528, 2, 48, 'U-2694', 'Cady Royal Clinic For Dermatology & Laser', '25.579572', '56.259098'),
(1529, 5, 69, 'O-1555', 'Al-Itfaq Modern Projects', '23.665816', '57.893473'),
(1530, 1, 22, '30335', 'New Al-Jedani Hospital', '21.447876', '39.201739'),
(1531, 1, 12, '21101', 'Al-Sharq National Clinic', '25.878727', '43.490692'),
(1532, 1, 22, '33061', 'Pearl Medical Complex', '21.597293', '39.172049'),
(1533, 2, 44, 'U-2699', 'Health Sheild Medical Center', '24.430185', '54.467536'),
(1534, 5, 69, 'O-1560', 'Derma Laser & Body Sculpture', '23.620379', '58.212362'),
(1535, 5, 71, 'O-1563', 'Melanin Medical Center', '23.755674', '57.580386'),
(1536, 5, 69, 'O-1564', 'Burjeel Hospital', '23.595825', '58.418226'),
(1537, 3, 60, 'K-4513', 'Sepi Skin Care Clinic', '29.348064', '48.013454'),
(1538, 3, 62, 'K-4514', 'Notre Dame de Paris Clinic', '29.367434', '48.009002'),
(1539, 2, 46, 'U-2710', 'Dr. Norah Al Khaily New Center', '24.218163', '55.742358'),
(1540, 5, 71, 'O-1566', 'Dorat Al Shifaa Polyclinic', '24.142898', '56.870851'),
(1541, 3, 62, 'K-4516', 'Clinic 26', '29.367232', '48.009074'),
(1542, 2, 47, 'U-2722', 'Signature Clinic', '25.243493', '55.340249'),
(1543, 2, 47, 'U-2723', 'Smile Design Dental Clinic', '25.216086', '55.26017'),
(1544, 2, 47, 'U-2724', 'Blue Velvet Medical Center', '25.01066', '55.06549'),
(1545, 3, 58, 'K-4526', 'Al-Thuraya Clinic', '29.272512', '47.966835'),
(1546, 1, 26, '30189', 'Abdelwahab Badr', '24.497764', '39.618582'),
(1547, 6, 74, 'B-1481', 'Shuwaikh Derma And Laser Center', '26.214934', '50.564801'),
(1548, 2, 50, 'U-2728', 'Sana Habib Medical Center', '25.34478', '55.387467'),
(1549, 2, 46, 'U-2702', 'Ventura Clinic', '24.2075', '55.74472'),
(1550, 5, 69, 'O-1557', 'Multi Business Engineering and Trading LLC', '23.601036', '58.445942'),
(1551, 2, 50, 'U-2712', 'Hermosa Medical Center', '25.348079', '55.398324'),
(1552, 3, 53, 'K-4519', 'Perfecta Clinic', '29.34805', '48.0325'),
(1553, 3, 65, 'K-4521', 'Lazurde Beauty Clinic', '29.336723', '48.052675'),
(1554, 5, 69, 'O-1572', 'Elite Clinic | Muscat', '23.60244', '58.3685'),
(1555, 5, 69, 'O-1575', 'European Omani Medical Center', '23.58057', '58.403231'),
(1556, 2, 47, 'U-2717', 'Wellness Avenue Medical Centre', '25.191998', '55.379408'),
(1557, 2, 47, 'U-2720', 'Padra Medical Center', '25.201044', '55.269388'),
(1558, 2, 88, 'U-2733', 'Dr. Suad Lutfi Dermatology & Laser Clinic', '23.623579', '53.715736'),
(1559, 3, 65, 'K-4546', 'Pure Care Clinic 2', '29.342099', '48.095556'),
(1560, 6, 74, 'B-1486', 'Mega Care Medical Center', '26.148218', '50.5767'),
(1561, 5, 71, 'O-1605', 'Majestic Medical Center', '24.364796', '56.708265'),
(1562, 1, 41, '33288', 'Al Watan Shehar General Medical Complex', '21.2569', '40.40841'),
(1563, 1, 6, '33324', 'Al-Mouwasat Hospital (Al-Khobar)', '26.346596', '50.189787'),
(1564, 1, 22, '33475', 'Olas Medical Center', '21.757853', '39.185795'),
(1565, 1, 20, '33488', 'Jamaly Hail Medical Center', '27.483956', '41.674727'),
(1566, 1, 28, '33493', 'Al Rajawi Trading Company', '21.424997', '39.77287'),
(1567, 5, 69, 'O-1609', 'Al-Razi Medical Center - Muscat', '23.612455', '58.463317'),
(1568, 3, 62, 'K-4573', 'Define Your Beauty Clinic', '29.367232', '48.009074'),
(1569, 3, 65, 'K-4575', 'B3 Clinic', '29.342326', '48.095311'),
(1570, 6, 74, 'B-1489', 'Prime Care Medical Center s.p.c', '26.170413', '50.54088'),
(1571, 2, 47, 'U-2739', 'Medcare Medical center Al Khwaneej BR. of Medcare Hospital L.L.C', '25.24861', '55.479601'),
(1572, 6, 74, 'B-1501', 'Dr. Ghassana Sadek Medical Center Dermal, Laser Cosmetology Spc', '26.135108', '50.539788'),
(1573, 6, 74, 'B-1502', 'Premier Vitality Medical Center, Cosmetology & Care W.L.L', '26.238299', '50.531816'),
(1574, 6, 74, 'B-1509', 'Dr Zaki Al Obaid Center for Dermal Beauty and Laser W.L.L', '26.20349', '50.562058'),
(1575, 5, 99, 'O-1615', 'Modern Skin Center - Salalah', '17.00867', '54.026304'),
(1576, 2, 45, 'U-2740', 'Clinica Medical Center', '25.420704', '55.4897'),
(1577, 2, 45, 'U-2743', 'Swiss Care Polyclinic LLC.', '25.413139', '55.502286'),
(1578, 3, 65, 'K-4583', 'Al-Arbeed Clinic', '29.336111', '48.053192'),
(1579, 2, 47, 'U-2744', 'Clinica Sabah L.L.C', '25.150156', '55.199017'),
(1580, 4, 67, 'Q-1594', 'Tai Medical Center', '25.289034', '51.544532'),
(1581, 2, 47, 'U-2751', 'Medcare Medical Center - Dicovery Gardens', '25.034663', '55.146911'),
(1582, 3, 62, 'K-4606', 'College General Trading & Contracting Company', '48.011767', '29.342473'),
(1583, 2, 50, 'U-2757', 'Tatweer Healthcare CO L.L.C', '25.377293', '55.398642'),
(1584, 3, 101, 'K-4607', 'Kuwait Hospital', '29.258231', '48.087383'),
(1585, 2, 50, 'U-2760', 'Hannover Dental Clinic', '25.336322', '55.375545'),
(1586, 5, 69, 'O-1622', 'Perfect Diet Center - Mawaleh', '23.609458', '58.215776'),
(1587, 2, 47, 'U-2766', 'Sultan Al Olama Medical Center L.L.C (Barsha Mall)', '25.09994', '55.204946'),
(1588, 3, 63, 'K-4610', 'Maria Beauty Clinic', '29.13776', '48.117106'),
(1589, 2, 47, 'U-2770', 'Mediclinic Parkview Hospital', '25.067146', '55.249021'),
(1590, 3, 60, 'K-4305', 'Lausanne Clinic', '29.349913', '48.028961'),
(1591, 2, 45, 'U-2772', 'Skin and Teeth Medical Center - L.L.C', '25.420064', '55.489899'),
(1592, 5, 69, 'O-1630', 'Clinica Joelle', '23.606352', '58.452361'),
(1593, 2, 50, 'U-2780', 'Al-Raid Modern Medical Center', '25.330455', '55.39208'),
(1594, 5, 99, 'O-1632', 'Health Complex of Diwan of Royal Court - Salalah', '17.004407', '54.09596'),
(1595, 2, 48, 'U-2796', 'Dr. Dileep Skin and Laser Clinic', '25.121659', '56.339185'),
(1596, 5, 99, 'O-1634', 'American Specialty Clinics Center - Salalah', '17.053621', '54.159689'),
(1597, 2, 47, 'U-2802', 'Medze Starmed Polyclinic', '25.264051', '55.328613'),
(1598, 2, 47, 'U-2804', 'Midas Touch Med Spa', '25.199404', '55.265471'),
(1599, 3, 65, 'K-4621', 'Devon Medical Center', '29.33806', '48.060012'),
(1600, 2, 50, 'U-2811', 'Canadian Medical Center - Sharjah', '25.34921', '55.431601'),
(1601, 2, 47, 'U-2820', 'American Aesthetic Medical Center L.L.C', '25.165555', '55.234447'),
(1602, 2, 47, 'U-2821', 'Wellmed', '25.231956', '55.261612'),
(1603, 2, 46, 'U-2825', 'Al Rehab Medical Centre', '24.195579', '55.726013'),
(1604, 2, 47, 'U-2826', 'Green Life Medical Clinic', '25.219133', '55.253571'),
(1605, 5, 69, 'O-1648', 'Muscat Dermatology & Laser Center - Ibri', '23.217571', '56.472297'),
(1606, 2, 45, 'U-2848', 'Amina Medical Center - Al Jurf', '25.415865', '55.504325'),
(1607, 2, 47, 'U-2851', 'Kings College Hospital London - Marina', '25.086561', '55.147305'),
(1608, 2, 50, 'U-2857', 'Sunny Medical Center - Halwan', '25.34144', '55.429129'),
(1609, 2, 50, 'U-2858', 'The Garden Dermatology Clinic', '25.363132', '55.432948'),
(1610, 5, 99, 'O-1670', 'Sultan Qaboos Hospital - Salalah', '17.008936', '54.055425'),
(1611, 2, 47, 'U-2866', 'Cosmesurge - Conrad Dubai', '25.225896', '55.283066'),
(1612, 2, 49, 'U-2873', 'Eve Medical Center - RAK Branch', '25.765777', '55.923914'),
(1613, 2, 50, 'U-2876', 'ACME Aesthetic & Dental Clinic', '25.326627', '55.379167'),
(1614, 2, 44, 'U-2880', 'Dana Medical Center', '24.374542', '54.645777'),
(1615, 2, 47, 'U-2206', 'Al-Manara Specialized Medical Center L.L.C.', '25.160934', '55.221281'),
(1616, 2, 47, 'U-2207', 'Dr. Abeer Al-Qubaisi Cosm Plastic', '26.204782', '50.575808'),
(1617, 4, 67, 'Q-1476', 'Elite Medical Center | Doha', '25.307861', '51.491694'),
(1618, 1, 26, '30555', 'Saudi German Hospital - Madina', '24.417737', '39.529585'),
(1619, 1, 16, '30567', 'Ibrahim S. Al-Senaid Clinic', '', ''),
(1620, 1, 29, '30581', 'Al-Zafar Hospital - Najran', '', ''),
(1621, 1, 25, '30611', 'Al-Shamil Family Polyclinic', '18.324099', '42.725865'),
(1622, 1, 25, '30640', 'Consult. Medical Center', '18.284731', '42.731385'),
(1623, 1, 22, '30642', 'Derma Clinics (Jeddah)', '21.554664', '39.167921'),
(1624, 1, 22, '30667', 'Nehad Islam Clinics', '21.604959', '39.120135'),
(1625, 1, 2, '30674', 'Future Visions Medical Center (2)', '', ''),
(1626, 1, 22, '30678', 'Dar Al-Bairouni Polyclinic', '', ''),
(1627, 1, 6, '30709', 'Slim & Beauty Center', '', ''),
(1628, 1, 30, '30736', 'Al-Fayhaa Medical Center', '26.367185', '43.967869'),
(1629, 1, 22, '30740', 'Al-Faisal Polyclinic', '21.486852', '39.201538'),
(1630, 1, 20, '30765', 'Al Takhsis Medical Complex.', '27.524352', '41.691809'),
(1631, 1, 22, '30773', 'Al-Tababah Specialaized Clinics (Please use 30537)', '', ''),
(1632, 1, 41, '30807', 'Al-Falah Polyclinic -Taif', '21.274358', '40.433296'),
(1633, 1, 25, '30830', 'Al-Emeis Polyclinic', '18.243031', '42.771375'),
(1634, 1, 25, '30843', 'Khamis Mushait Civilian Hospital', '18.274527', '42.734799'),
(1635, 1, 29, '30863', 'Dawa Al-Janoub Polyclinic - Najran', '17.490604', '44.192452'),
(1636, 1, 29, '30896', 'Bin Enaks polyclinic - Najran', '17.522103', '44.195126'),
(1637, 1, 16, '30904', 'Al-Emam Abdulrehman Ben Faisal Hospital(NGHA)', '26.356465', '50.17746'),
(1638, 1, 22, '30944', 'Arab Doctors Clinic', '21.559792', '39.132816'),
(1639, 1, 22, '30974', 'Al Tababa Specialized Center (Please use 30537)', '21.554181', '39.165379'),
(1640, 1, 22, '31045', 'Hair & Skin Care Center', '21.554263', '39.168741'),
(1641, 1, 25, '31088', 'Al-Emeis Polyclinic (2 ) Khamis Mushait', '18.24301', '42.771364'),
(1642, 1, 6, '31095', 'Riaya Procare Hospital', '26.302734', '50.173768'),
(1643, 1, 30, '31160', 'Saudi Medical Polyclinic (Al-Qasseem)', '26.382819', '43.929142'),
(1644, 1, 22, '31179', 'Women Health Center', '21.563344', '39.143068'),
(1645, 1, 26, '31189', 'Elite Doctors Center', '24.468669', '39.662936'),
(1646, 1, 9, '31192', 'MEDICAL EXCELLENCE CENTER', '26.560131', '50.01281'),
(1647, 1, 21, '31211', 'Miami Medical Center', '25.447889', '49.568446'),
(1648, 1, 13, '31216', 'Hamid Specialist Polyclinic', '', ''),
(1649, 1, 40, '31263', 'Al-Arjan Polyclinic', '28.389685', '36.584694'),
(1650, 1, 13, '31922', 'Hamed Specialized Polyclinic', '18.538827', '42.084584'),
(1651, 1, 23, '31966', 'Awad Mashbab Abdullah Amees Branch (Please use 30511)', '16.890923', '42.569086'),
(1652, 1, 6, '31974', 'Obagi Medispa', '26.314149', '50.216332'),
(1653, 1, 22, '31982', 'La Perle Dental SPA', '21.554459', '39.164972'),
(1654, 1, 19, '31992', 'Al-Auda Medical Center', '28.42949', '45.97667'),
(1655, 1, 21, '31996', 'Hussain Al-Ali Hospital', '25.393547', '49.604305'),
(1656, 1, 22, '32003', 'Tina Medix Technologies Int. Co.', '', ''),
(1657, 1, 19, '32015', 'MADA AL-ENAYAH MEDICAL COMPLEX', '28.414161', '45.966794'),
(1658, 1, 16, '32072', 'SECURITY FORCES HOSPITAL - DAMMAM', '26.411287', '50.011373'),
(1659, 1, 20, '32075', 'Salah Eddien Polyclinic', '27.524048', '41.668515'),
(1660, 1, 25, '32086', 'Al-Shamil Family Polyclinic Group', '18.299907', '42.739217'),
(1661, 1, 22, '32099', 'Safaa Poineer Clinic', '21.645991', '39.138702'),
(1662, 1, 22, '32114', 'Saudi Chinese Center For Acupuncture (Jeddah)', '21.5586', '39.150974'),
(1663, 1, 6, '32134', 'Jood Al-Salam for Medical Services', '26.297875', '50.200742'),
(1664, 1, 41, '32150', 'Al-Khaleel Medical Clinic', '21.294133', '40.442294'),
(1665, 1, 26, '32159', 'Al-Aqeeq Polyclinic', '24.431033', '39.638921'),
(1666, 1, 16, '32167', 'Al-Saif Medical Center', '26.471102', '50.063553'),
(1667, 1, 22, '32174', 'Cosmetic Derma & Laser and Hair Transplantaion Center', '21.547124', '39.20996'),
(1668, 1, 43, '32184', 'Yanbu National Dispenseries & Pharmacies Group', '', ''),
(1669, 1, 23, '32186', 'Consultative Center for Dermatology & Venereology - Jizan', '16.923366', '42.554416'),
(1670, 1, 29, '32191', 'Ital Medical Center', '17.547608', '44.260977'),
(1671, 1, 22, '32197', 'Hanan Al-Shamrani Clinic', '21.602755', '39.120162'),
(1672, 1, 22, '32204', 'Khalid A. Khadawardi Clinic', '', ''),
(1673, 1, 22, '32209', 'Beauty Elements', '21.57734', '39.127588'),
(1674, 1, 22, '32215', 'OPTH & Laser Clinic', '21.52115', '39.159494'),
(1675, 1, 28, '32236', 'Rawdat Makkah Medical Co.', '21.49011', '39.941175'),
(1676, 1, 6, '32237', 'Adama Medical Co. (Khobar)', '26.28242', '50.200481'),
(1677, 1, 19, '32242', 'Marrom Medical Center', '28.427154', '45.976286'),
(1678, 6, 74, 'B-1118', 'Bahrain Defence Forces Hospital', '26.143488', '50.548613'),
(1679, 6, 74, 'B-1379', 'Ibn Al-Nafees Medical Complex', '26.20524', '50.579297'),
(1680, 6, 74, 'B-1384', 'Bahrain Specialist Hospital', '26.219452', '50.614957'),
(1681, 6, 74, 'B-1414', 'Marafie Skin & Laser Clinic', '26.230012', '50.549876'),
(1682, 6, 76, 'B-1415', 'Amina Turif Clinic', '26.137908', '50.56634'),
(1683, 6, 74, 'B-1429', 'Abeer Clinic', '26.204811', '50.575818'),
(1684, 6, 96, 'B-1434', 'Awali Hospital', '26.094245', '50.54865'),
(1685, 7, 77, 'J-1430', 'Zeid Almadi Clinic', '31.960345', '35.880921'),
(1686, 7, 95, 'J-1468', 'Sirrin Al Ali', '29.531167', '35.004067'),
(1687, 7, 77, 'J-1478', 'Jarir Al Khaldi Clinic', '31.960345', '35.880921'),
(1688, 7, 77, 'J-1490', 'Adas clinic', '31.960345', '35.880921'),
(1689, 7, 77, 'J-1494', 'Dana Badran Clinic', '31.960345', '35.880921'),
(1690, 7, 77, 'J-1496', 'Mandala Beauty Clinic', '31.960345', '35.880921'),
(1691, 3, 62, 'K-1061', 'Al-Salam Hospital (Kuwait)', '29.369887', '48.00773'),
(1692, 3, 60, 'K-1062', 'Hadi Hospital', '29.333776', '48.015129'),
(1693, 3, 62, 'K-1077', 'Dar Al-Shifa Hospital', '29.335713', '48.019066'),
(1694, 3, 62, 'K-1240', 'SAMA Medical Services Company WLL', '29.326527', '48.026633'),
(1695, 3, 60, 'K-1388', 'Kuwait London Clinic', '29.333776', '48.015129'),
(1696, 3, 100, 'K-1390', 'Elysium Health Spa', '29.38651', '47.999123'),
(1697, 3, 62, 'K-1396', 'California Skin Care', '29.346902', '48.085371'),
(1698, 3, 64, 'K-1397', 'Dunia Medical & Technology Company', '29.371588', '47.973667'),
(1699, 3, 64, 'K-1399', 'Al-Ghannam Medical Services', '29.371588', '47.973667'),
(1700, 3, 62, 'K-1400', 'Al-Corniche Club', '29.344214', '48.046984'),
(1701, 3, 65, 'K-1409', 'Al-Zuhair Center', '29.342971', '48.085497'),
(1702, 3, 53, 'K-1414', 'Platinum Enterpirses', '29.349926', '48.025138'),
(1703, 3, 65, 'K-1416', 'International Clinic', '29.100373', '48.137225'),
(1704, 3, 62, 'K-1417', 'Talal Al-Ali Clinic', '29.335603', '48.072661'),
(1705, 3, 64, 'K-1418', 'Aayan Leasing & Investment Co.', '29.371647', '47.972903'),
(1706, 3, 62, 'K-1422', 'Al Hakim Clinic', '29.329017', '48.02895'),
(1707, 3, 62, 'K-1423', 'Fatma Clinic', '29.376638', '47.97681'),
(1708, 3, 62, 'K-1424', 'Al Hilal Fortis Polyclinic', '29.328698', '47.96286'),
(1709, 3, 62, 'K-1425', 'Bader Abdulwahab', '29.376638', '47.97681'),
(1710, 3, 62, 'K-1430', 'Abdul-Reda Lari', '29.327043', '48.024327'),
(1711, 3, 62, 'K-1431', 'Khaled Al-Sabeeh', '29.376638', '47.97681'),
(1712, 3, 62, 'K-1445', 'S&F International Co', '29.376638', '47.97681'),
(1713, 3, 65, 'K-1446', 'New Mowasat Hospital', '29.343244', '48.087313'),
(1714, 3, 101, 'K-1447', 'Al-Sumow Intl Co.', '29.169393', '48.117825'),
(1715, 3, 62, 'K-1448', 'Belle Medical Center', '29.376638', '47.97681'),
(1716, 3, 61, 'K-1452', 'Amazonia Medical Wellness', '29.318247', '48.026192'),
(1717, 3, 100, 'K-1453', 'Al-Salam International Hospital | Dasman', '29.368791', '48.009437'),
(1718, 3, 65, 'K-1454', 'INAYA German Medical Center', '29.33806', '48.060012'),
(1719, 3, 62, 'K-1464', 'Taiba Hospital', '29.250756', '48.081177'),
(1720, 3, 62, 'K-1467', 'Al Safwa International Medical Center', '29.09247', '48.131017'),
(1721, 3, 62, 'K-1471', 'European Specialized Clinic', '29.376638', '47.97681'),
(1722, 3, 62, 'K-4176', 'Al-Essa Medical & Scientific Equipment Co. W.L.L.', '29.376638', '47.97681'),
(1723, 3, 62, 'K-4178', 'Elaj Medical Services Co.', '29.376638', '47.97681'),
(1724, 3, 60, 'K-4180', 'Al-Hasawi Clinic', '29.334155', '48.005171'),
(1725, 3, 62, 'K-4181', 'Al Joun Medical Center', '29.33179', '48.010474'),
(1726, 3, 62, 'K-4183', 'Cosmetic Care Clinic', '29.376638', '47.97681'),
(1727, 3, 62, 'K-4185', 'Al Jraiwi Clinic', '29.326424', '48.010398'),
(1728, 3, 62, 'K-4186', 'Shifa Al Jazeera Clinic', '29.280577', '47.962001'),
(1729, 3, 64, 'K-4189', 'Ministry of Social Affairs & Labour', '29.371588', '47.973667'),
(1730, 3, 54, 'K-4194', 'Al Ahmadi Hospital', '29.097691', '48.078107'),
(1731, 3, 62, 'K-4196', 'Al-Adan Hospital', '29.135545', '48.097594'),
(1732, 3, 100, 'K-4197', 'Hisham Burezq Clinic', '29.38651', '47.999123'),
(1733, 3, 65, 'K-4199', 'International Health Services', '29.33806', '48.060012'),
(1734, 3, 65, 'K-4203', 'Royal Clinic | Salmiya', '29.333987', '48.053586'),
(1735, 3, 62, 'K-4204', '09 Clinic', '29.371235', '48.002177'),
(1736, 3, 65, 'K-4205', 'Al-Saad Clinic', '29.33806', '48.060012'),
(1737, 3, 62, 'K-4206', 'Al-Etihad Medical Center', '29.335329', '48.053845'),
(1738, 3, 62, 'K-4207', 'Mohamed Khalaf Clinic', '29.376638', '47.97681'),
(1739, 3, 62, 'K-4208', 'Jarallah German Clinic', '29.348354', '48.014522'),
(1740, 3, 62, 'K-4209', 'Virginia Center Al-Jahraa', '29.354005', '47.669883'),
(1741, 3, 62, 'K-4215', 'Faisal Polyclinic', '29.359492', '48.022389'),
(1742, 3, 62, 'K-4216', 'Ministry Of Health - Management of medical equipment', '29.376638', '47.97681'),
(1743, 3, 62, 'K-4217', 'Al-Omooma Hospital', '29.306742', '47.908221'),
(1744, 3, 62, 'K-4218', 'COSMOMEDICA Clinic', '29.376638', '47.97681'),
(1745, 3, 62, 'K-4228', 'Omar Kaaki Clinic', '29.375869', '47.977407'),
(1746, 3, 62, 'K-4234', 'Mohamed Hisham Al-Shazly Clinic', '29.341282', '48.038976'),
(1747, 3, 62, 'K-4235', 'New Life Clinic', '29.340682', '48.035211'),
(1748, 3, 62, 'K-4237', 'Faisal Farouk Clinic', '29.376638', '47.97681'),
(1749, 3, 62, 'K-4238', 'Bright Beauty Laser & Skin Care Center', '29.376638', '47.97681'),
(1750, 3, 62, 'K-4241', 'Soft Pelle Clinic', '29.376638', '47.97681'),
(1751, 3, 62, 'K-4243', 'Eve Clinic', '29.376638', '47.97681'),
(1752, 3, 62, 'K-4246', 'Dubai Clinic', '29.376638', '47.97681'),
(1753, 3, 62, 'K-4248', 'Al-Najat Derma Clinic', '29.334994', '48.072938'),
(1754, 3, 62, 'K-4249', 'Abo Khaled Clinic', '29.376638', '47.97681'),
(1755, 3, 62, 'K-4250', 'Al-Mansour Clinic', '29.376638', '47.97681'),
(1756, 3, 62, 'K-4252', 'Prestige Clinic', '29.338514', '48.068917'),
(1757, 3, 62, 'K-4254', 'Derma Care Center', '29.376638', '47.97681'),
(1758, 3, 62, 'K-4255', 'Universal Clinic', '29.301708', '47.911769'),
(1759, 3, 62, 'K-4257', 'Aliaa Abd Al-Haseeb Clinic', '29.3332', '48.092216'),
(1760, 3, 62, 'K-4259', 'Alia International Hospital', '29.145006', '48.120943'),
(1761, 3, 65, 'K-4260', 'Al-Dana Clinic', '29.342739', '47.673679'),
(1762, 5, 69, 'O-1426', 'Al-Bushra Medical Specialty Complex', '23.597301', '58.356634'),
(1763, 4, 67, 'Q-1041', 'Khalid Hassan Al-Bayyari', '25.265794', '51.500375'),
(1764, 4, 67, 'Q-1367', 'Elaj Medical Center', '25.274745', '51.515787'),
(1765, 4, 67, 'Q-1376', 'Al-Ahli Hospital | Doha', '25.307981', '51.500991'),
(1766, 4, 67, 'Q-1406', 'Saeed Kaldari Plasti Surgery Clinic', '25.347537', '51.469231'),
(1767, 4, 67, 'Q-1412', 'Kayyali medical center', '25.308759', '51.48722'),
(1768, 4, 67, 'Q-1437', 'Al Aksa Medical center', '25.317579', '51.486476'),
(1769, 4, 67, 'Q-1447', 'Premium Naseem Al-Rabeeh Medical Center', '25.252197', '51.487465'),
(1770, 4, 67, 'Q-1453', 'Doctors Polyclinic', '25.235938', '51.499642'),
(1771, 2, 51, 'U-0175', 'Imar Spa', '25.553157', '55.561005'),
(1772, 2, 47, 'U-1127', 'American Hospital Dubai', '25.235666', '55.313398'),
(1773, 2, 47, 'U-1131', 'Mahaveer Mehta Medical Center', '25.267656', '55.317427'),
(1774, 2, 47, 'U-1134', 'Zayed Military Hospital', '25.091489', '55.159186'),
(1775, 2, 47, 'U-1138', 'Mediclinic Al Bahr Clinic L.L.C', '25.226562', '55.259854'),
(1776, 2, 47, 'U-1140', 'Al-Zahra (Pvt.) Medical Center', '25.217825', '55.278889'),
(1777, 2, 47, 'U-1142', 'Belhoul European Hospital', '25.236887', '55.275184'),
(1778, 2, 47, 'U-1181', 'Galadari Derma Clinic', '25.1336104', '55.22735'),
(1779, 2, 44, 'U-1206', 'Corpofina Slimming Center', '24.445408', '54.392003'),
(1780, 2, 44, 'U-1219', 'Medical Laser Center (Abu Dhabi)', '24.49063', '54.358601'),
(1781, 2, 47, 'U-1222', 'Lesprit Beaut', '25.181505', '55.224729'),
(1782, 2, 44, 'U-1244', 'Al-Salama Hospital (Abu Dhabi)', '24.499334', '54.376349'),
(1783, 2, 50, 'U-1253', 'Zulekha Hospital', '25.368823', '55.404625'),
(1784, 2, 50, 'U-1417', 'Emirates International Hospital', '25.388115', '55.418405'),
(1785, 2, 47, 'U-1444', 'Dubai Medical Group', '25.267318', '55.29721'),
(1786, 2, 47, 'U-1487', 'Aesthetica Clinic', '25.198968', '55.238632'),
(1787, 2, 47, 'U-1495', 'Salah Al-Rubaie Clinic', '25.264363', '55.328991'),
(1788, 2, 46, 'U-1496', 'Specialized Medical Care Center | Al-Ain', '24.214843', '55.75761'),
(1789, 2, 47, 'U-1498', 'Royal Medical Center | Dubai', '25.237886', '55.271672'),
(1790, 2, 44, 'U-1509', 'Gulf Diagnostic Center', '24.44653', '54.363769'),
(1791, 2, 46, 'U-1510', 'Tawam University Hospital', '24.19557', '55.650125'),
(1792, 2, 47, 'U-1512', 'Mohammed Shawkat Al Zubaidy', '25.26617', '55.319406'),
(1793, 2, 51, 'U-1513', 'Umm Al-Quwain Hospital', '25.574098', '55.55905'),
(1794, 2, 44, 'U-1520', 'General Medical Center', '24.459495', '54.332194'),
(1795, 2, 50, 'U-1523', 'Tigani Shayeb Clinic', '25.323706', '55.382102'),
(1796, 2, 47, 'U-1528', 'Prime Medical Center', '25.234563', '55.436156'),
(1797, 2, 47, 'U-1530', 'Belhoul Speciality Hospital', '25.280422', '55.313053'),
(1798, 2, 47, 'U-1531', 'Emirates Hospital', '25.085447', '55.141759'),
(1799, 2, 44, 'U-1533', 'Amrita Medical Center', '24.47719', '54.348453'),
(1800, 2, 47, 'U-1556', 'Al-Baraha Hospital', '25.282925', '55.318059'),
(1801, 2, 47, 'U-1559', 'SoftLight Center', '25.223757', '55.285188'),
(1802, 2, 47, 'U-2225', 'DermaCare Skin Center', '25.220909', '55.262789'),
(1803, 2, 47, 'U-1572', 'Al-Borj Medical Center', '25.199226', '55.265312'),
(1804, 2, 44, 'U-1588', 'Ibn Nafees Medical Center', '24.491463', '54.368345'),
(1805, 2, 44, 'U-1592', 'Al-Mazroui Medical Center', '24.485245', '54.374733'),
(1806, 2, 44, 'U-1604', 'Aesthetic Polyclinic', '24.460404', '54.336711'),
(1807, 2, 44, 'U-1609', 'Hospital Franco-Emirien', '24.493243', '54.359975'),
(1808, 2, 47, 'U-1618', 'Zulekha Hospital (Dubai)', '25.291229', '55.383987'),
(1809, 2, 49, 'U-1621', 'Al-Zahrawi Pvt.Hospital (RAK)', '25.799574', '55.97516'),
(1810, 2, 47, 'U-1629', 'International Modern Hospital', '25.248793', '55.283512'),
(1811, 2, 44, 'U-1633', 'Dar Al Shifaa Hospital', '24.478453', '54.381588'),
(1812, 2, 47, 'U-1636', 'Villa Fortuny Laser Center', '25.176244', '55.231997'),
(1813, 2, 47, 'U-1639', 'Simin Medical Clinic', '25.219003', '55.253828'),
(1814, 2, 47, 'U-1641', 'Al-Shunnar Plastic Surgery Center', '25.167825', '55.214682'),
(1815, 2, 44, 'U-1648', 'Quality Care Medical Center', '24.491263', '54.356784'),
(1816, 2, 44, 'U-1655', 'Ibn Khaldoun Plastic Surgery & Laser Center', '24.48656', '54.371458'),
(1817, 2, 44, 'U-1657', 'Prince Specialist Medical Center', '24.476885', '54.379134'),
(1818, 2, 47, 'U-1660', 'Simply Skin', '25.097112', '55.184139'),
(1819, 2, 47, 'U-1665', 'Ultra Care Medical Group', '25.158465', '55.219339'),
(1820, 2, 47, 'U-1670', 'Dr. Imran Taher Aestheticare center L.L.C', '25.150919', '55.213461'),
(1821, 2, 46, 'U-1674', 'Radiance Beauty Center', '24.225915', '55.737372'),
(1822, 2, 50, 'U-1677', 'Royal Hospital', '25.31543', '55.518147'),
(1823, 2, 44, 'U-1684', 'Sheikh Khalifa Medical City', '24.470076', '54.36697'),
(1824, 2, 50, 'U-1692', 'Central Private Hospital', '25.36104', '55.398161'),
(1825, 2, 47, 'U-1711', 'The Medical Specialists Center', '25.241244', '55.27433'),
(1826, 2, 47, 'U-1712', 'Iwona Speciality Clinic', '25.172127', '55.217329'),
(1827, 2, 50, 'U-1722', 'Al Sarraf Clinic', '25.370817', '55.412285'),
(1828, 2, 44, 'U-1732', 'American - European Medical Center', '24.460982', '54.379639'),
(1829, 2, 47, 'U-1733', 'Biolite Aesthetic Clinic', '25.143867', '55.199786'),
(1830, 2, 49, 'U-1738', 'Royal Medical & Dental Clinic', '25.790633', '55.950511'),
(1831, 2, 47, 'U-1739', 'VeinCure Clinic', '25.072315', '55.141456'),
(1832, 2, 50, 'U-1749', 'Damas Medical Center', '25.340669', '55.385989'),
(1833, 2, 50, 'U-1750', 'Cosmolaser Medical Center', '25.340765', '55.427901'),
(1834, 2, 47, 'U-1751', 'Dubai Herbal & Treatment Center', '25.211497', '55.311545'),
(1835, 2, 46, 'U-1757', 'Mubarak Medical Center', '24.222912', '55.765303'),
(1836, 2, 49, 'U-1765', 'RAK Hospital', '25.768278', '55.976587'),
(1837, 2, 47, 'U-1769', 'Al-Qaser Al-Dahabi Medical Center', '25.150008', '55.211892'),
(1838, 2, 50, 'U-1770', 'Corniche Medical Consultancy Center', '25.340978', '55.38581'),
(1839, 2, 50, 'U-1781', 'Al Qaser Medical Center', '25.326903', '55.378905'),
(1840, 2, 47, 'U-1785', 'New Al Shifaa Clinic', '25.182727', '55.225461'),
(1841, 2, 45, 'U-1786', 'Ajman Specialty General Hospital', '25.392929', '55.481805'),
(1842, 2, 47, 'U-1789', 'Arya Clinic', '25.225974', '55.265913'),
(1843, 2, 44, 'U-1802', 'LIFELINE HOSPITAL', '24.487696', '54.364868'),
(1844, 2, 47, 'U-1805', 'N9ne Medical Institute', '25.234282', '55.319217'),
(1845, 2, 46, 'U-1829', 'Al-Ain Hospital', '24.231261', '55.733041'),
(1846, 2, 47, 'U-1830', 'Euromed Clinic', '25.165989', '55.213551'),
(1847, 2, 46, 'U-1845', 'Mediclinic Al Madar', '24.244031', '55.720275'),
(1848, 2, 50, 'U-1848', 'Sunny Medical Center', '25.338201', '55.42794'),
(1849, 2, 47, 'U-1851', 'Silkor Medical Laser Center', '25.158462', '55.205837'),
(1850, 2, 50, 'U-1854', 'Reesh Health & Beauty Med SPA', '25.358505', '55.411643'),
(1851, 2, 47, 'U-1861', 'Riva International Spa', '25.28802', '55.365308'),
(1852, 2, 47, 'U-1867', 'Mediclinic Dubai Mall', '25.198922', '55.276732'),
(1853, 2, 47, 'U-1871', 'The Lakes Clinic', '25.072223', '55.142697'),
(1854, 2, 45, 'U-1881', 'Elaj Medical Center (Ajman)', '25.394167', '55.427252'),
(1855, 2, 47, 'U-1889', 'Sawsan Al-Mulla Medical Center', '25.250201', '55.453689'),
(1856, 2, 46, 'U-1896', 'Al-Ain Cromwell Hospital', '24.245833', '55.72104'),
(1857, 2, 50, 'U-1901', 'Salamaty Medical Center', '25.298689', '55.877972'),
(1858, 2, 44, 'U-1906', 'First Medical Center', '24.464162', '54.347365'),
(1859, 2, 44, 'U-1910', 'Delma Medical Center & SPA', '24.468928', '54.383557'),
(1860, 2, 47, 'U-1911', 'Embassy of Beauty', '25.071724', '55.135551'),
(1861, 2, 47, 'U-1920', 'Elite Medical Center | Dubai', '25.228117', '55.260246'),
(1862, 2, 47, 'U-1922', 'Mawi Medical Center', '25.171844', '55.218798'),
(1863, 2, 47, 'U-1928', 'Mount Royal Medical Center', '25.200252', '55.239825'),
(1864, 2, 47, 'U-1931', 'Cavallo Aesthetic Clinic', '25.165366', '55.223247'),
(1865, 2, 47, 'U-1937', 'International Eye Surgery - Day Care Surgery', '25.205418', '55.252295'),
(1866, 2, 47, 'U-1942', 'Armada Medical Center', '25.074972', '55.145385'),
(1867, 2, 44, 'U-1946', 'VITAL POLYCLINIC', '24.463051', '54.342626'),
(1868, 2, 50, 'U-1947', 'Zaina Medical Centre', '25.342879', '55.385732'),
(1869, 2, 44, 'U-1952', 'Advanced Cure Diagnostic Center', '24.459252', '54.349244'),
(1870, 2, 47, 'U-1962', 'Alliance Medical Center', '25.240656', '55.272082'),
(1871, 2, 47, 'U-1964', '515 Med Spa', '25.1512458', '55.200163'),
(1872, 2, 50, 'U-1968', 'AL SHATEE BEAUTY CLINIC', '25.348079', '55.398324'),
(1873, 2, 47, 'U-1969', 'BORNA MEDICAL SPA LASER CENTER', '25.224297', '55.265579'),
(1874, 2, 46, 'U-1971', 'Mediclinic Al Ain Hospital', '24.22438', '55.768511'),
(1875, 2, 47, 'U-1976', 'Cosmesurge & Emirates Hospital - Marina Br.', '25.085189', '55.141879'),
(1876, 2, 47, 'U-1978', 'NMC Specialty Hospital', '25.289957', '55.369229'),
(1877, 2, 47, 'U-1981', 'Fathi Emara Polyclinic', '25.273873', '55.327304'),
(1878, 2, 47, 'U-1986', 'Lucia Aesthetic & Dermatology Center', '25.202577', '55.241501'),
(1879, 2, 47, 'U-1988', 'AL NOOR POLYCLINIC - RASHIDIYA', '25.091489', '55.159186'),
(1880, 2, 44, 'U-1991', 'New Age Clinic', '24.471981', '54.387985'),
(1881, 2, 47, 'U-1992', 'American British Surgical and Medical Center', '25.265517', '55.329902'),
(1882, 2, 44, 'U-1996', 'Well Care One Day Surgery Hospital', '24.490043', '54.371386'),
(1883, 2, 50, 'U-2000', 'Beverly Hills Speciality Clinic', '25.307339', '55.457645'),
(1884, 2, 50, 'U-2005', 'Sharjah Int. Holistic Health Center', '25.346059', '55.390767'),
(1885, 2, 47, 'U-2006', 'The Royal Doctors Polyclinic', '25.207357', '55.245051'),
(1886, 2, 46, 'U-2012', 'Elixir Aesthetic Medical Polyclinic', '24.207014', '55.657961'),
(1887, 2, 44, 'U-2015', 'Dr. Muna ALMurrawi Medical Center', '24.420528', '54.460572'),
(1888, 2, 47, 'U-2016', 'Al-Aliaa Polyclinic', '25.202261', '55.241379'),
(1889, 2, 47, 'U-2020', 'Acacia Medical Center', '25.213444', '55.258565'),
(1890, 2, 47, 'U-2022', 'Australia Medical Center', '25.14875', '55.210907'),
(1891, 2, 47, 'U-2027', 'Getwell Medical Center', '25.256313', '55.300666'),
(1892, 2, 47, 'U-2030', 'American Outpatient Clinics', '25.213452', '55.380434'),
(1893, 2, 46, 'U-2032', 'Nova Medical Center', '24.225824', '55.729705'),
(1894, 2, 47, 'U-2033', 'Mercato Family Clinic', '25.217272', '55.253385'),
(1895, 2, 44, 'U-2036', 'The American Surge Center', '24.459932', '54.36347'),
(1896, 2, 44, 'U-2037', 'Universal Hospital', '24.459823', '54.37915'),
(1897, 2, 47, 'U-2039', 'Maysoon Al-Kaisi Clinic', '25.267317', '55.33004'),
(1898, 2, 47, 'U-2040', 'Rami Hamed Medical Center', '25.232527', '55.321646'),
(1899, 2, 47, 'U-2049', 'BR Medical Suites', '25.233416', '55.318005'),
(1900, 2, 47, 'U-2054', 'Canadian Medical Center & Plastic Surgery', '25.167283', '55.213575'),
(1901, 2, 50, 'U-2057', 'Dallas Medical Center', '25.353199', '55.437417'),
(1902, 2, 46, 'U-2061', 'Canadian Care Medical Center', '24.226269', '55.737557'),
(1903, 2, 50, 'U-2062', 'New Hope IVF', '25.320245', '55.363803'),
(1904, 5, 69, 'U-1497', 'Gulf Medical Center (Please use Id O-1026)', '23.589025', '58.382123'),
(1905, 6, 74, 'B-1435', 'Global Dermatology', '26.202715', '50.560896'),
(1906, 3, 62, 'K-4271', 'American Smile GAllery Clinic', '29.333118', '48.082831'),
(1907, 3, 62, 'K-4269', 'Berlin Center', '29.348101', '48.013459'),
(1908, 2, 44, 'U-2077', 'Intra Laser Clinic', '24.458283', '54.370996'),
(1909, 2, 47, 'U-2082', 'MEDICORP Gulf Medical Clinic', '25.213752', '55.258603'),
(1910, 2, 50, 'U-2085', 'Euro Arabian Hospital for One Day Surgery', '25.312236', '55.374761'),
(1911, 2, 44, 'U-2086', 'ARCHER Medical Center', '24.366168', '54.540384'),
(1912, 2, 47, 'U-2092', 'Spanish Center Lasik, Eyes & Cosmetic', '25.208508', '55.24519'),
(1913, 2, 44, 'U-2090', 'Al-Madina Medical Center', '24.451484', '54.38916'),
(1914, 3, 63, 'K-4276', 'Top Clinic', '29.147127', '48.127283'),
(1915, 2, 47, 'U-2093', 'Nada A. Hamza Clinic', '25.287572', '55.365118'),
(1916, 2, 47, 'U-2095', 'Start Consult / Retreat Spa & Health Club', '25.085641', '55.143741'),
(1917, 1, 29, '32280', 'International Medical Complex', '17.503764', '44.353212'),
(1918, 2, 46, 'U-2096', 'Royal Care Medical Center (Al-Ain)', '24.181125', '55.732149'),
(1919, 4, 67, 'Q-1425', 'Queen Medical Center', '25.258865', '51.440956'),
(1920, 3, 65, 'K-4278', 'Jana Clinic', '29.332715', '48.046536'),
(1921, 1, 6, '32300', 'Al-Safwa Dental', '26.211017', '50.20832'),
(1922, 5, 69, 'O-1436', 'Muscat Dermatology Center', '23.589305', '58.384492');
INSERT INTO `tbl_clinics` (`Clinic_Id`, `Country_Id`, `City_Id`, `Clinic_Code`, `Clinic_Name`, `Clinic_Latitude`, `Clinic_Longitude`) VALUES
(1923, 3, 61, 'K-4281', 'International Quality Clinic', '29.323661', '48.023949'),
(1924, 3, 62, 'K-4282', 'American Derma & Slimming Center', '29.333118', '48.082831'),
(1925, 3, 62, 'K-4283', 'Al-Kout Medical Center', '29.100363', '48.137175'),
(1926, 1, 26, '32316', 'Sulaiman Al-Malaq Medical Center', '24.476503', '39.593312'),
(1927, 1, 28, '32318', 'Kingdom Medical Center', '21.446261', '39.763808'),
(1928, 1, 22, '32325', 'Arab Medical Specialist Hospital', '21.623002', '39.207516'),
(1929, 2, 47, 'U-2104', 'Medwin Medical Center', '25.181096', '55.224458'),
(1930, 2, 50, 'U-2107', 'Cosmo Health Medical Center', '25.35551', '55.423516'),
(1931, 2, 47, 'U-2108', 'Crescent Cosmetic Medical Center', '25.217795', '55.25307'),
(1932, 2, 50, 'U-2111', 'Hans Medical Center', '25.338039', '55.426824'),
(1933, 2, 44, 'U-2113', 'Lumiere Skin Clinic', '24.476624', '54.38305'),
(1934, 1, 22, '32336', 'Dr. Mohamed Saad Al-Qahtani Medical Center (Deryaq Jeddah)', '21.748398', '39.188893'),
(1935, 2, 50, 'U-2119', 'Al-Hikma Medical Center', '25.323803', '55.380726'),
(1936, 2, 47, 'U-2120', 'Al-Biraa Clinic', '25.144063', '55.208005'),
(1937, 7, 77, 'J-1520', 'Akkash Derma Clinic', '31.949998', '35.933143'),
(1938, 4, 67, 'Q-1464', 'Qatar Lebanon Medical Center', '25.277682', '51.420585'),
(1939, 3, 65, 'K-4290', 'Gulf Healthcare International (British MC)', '29.33806', '48.060012'),
(1940, 3, 103, 'K-4292', 'Dr. Samira Abd Al-Kerim Al-Awadi Clinic', '29.325106', '47.963791'),
(1941, 2, 47, 'U-2123', 'Al-Das Medical Clinic', '25.114159', '55.141545'),
(1942, 3, 65, 'K-4293', 'Awtad Care Clinic', '29.386877', '47.988757'),
(1943, 1, 40, '32346', 'Asrar Al-Dawa Medical Center', '28.388201', '36.582456'),
(1944, 6, 74, 'B-1437', 'The German Medical Center', '26.23525', '50.588589'),
(1945, 2, 44, 'U-2126', 'Wellness One Day Surgery Center', '24.443304', '54.398141'),
(1946, 2, 44, 'U-2127', 'Iris Medical Center', '24.475012', '54.345831'),
(1947, 1, 6, '32291', 'Al-Hejin Clinic', '26.278874', '50.21896'),
(1948, 3, 60, 'K-4295', 'Clinique De La Peu', '29.348042', '48.013481'),
(1949, 2, 47, 'U-2128', 'Beverly Hills Aesthetic & Medical Center', '25.199903', '55.24848'),
(1950, 2, 49, 'U-2129', 'Retag Medical Center', '25.753993', '55.911378'),
(1951, 2, 44, 'U-2130', 'YAS Healthcare', '24.455964', '54.395246'),
(1952, 3, 104, 'K-4297', 'Al-Mubarak Around The World Co.', '29.324058', '47.934093'),
(1953, 3, 61, 'K-4298', 'Al-Loaloah Dental Center', '29.323402', '48.018007'),
(1954, 2, 47, 'U-2133', 'F M C Medical Center LLC', '25.152126', '55.214136'),
(1955, 1, 16, '32370', 'Dr. Adel Al-Dayel Medical Complex', '26.400444', '50.096533'),
(1956, 2, 50, 'U-2135', 'Middle East Medical Center', '25.339081', '55.38639'),
(1957, 1, 6, '32372', 'Samir Abbas Medical Center (Khobar)', '26.274547', '50.216384'),
(1958, 2, 46, 'U-2138', 'Dr. Ourida Clinic', '24.224707', '55.760322'),
(1959, 2, 44, 'U-2139', 'Care First Dental-Med', '24.460327', '54.363089'),
(1960, 2, 47, 'U-2142', 'Dr. Kamil Al-Rustom Skin & Laser centre', '25.22695', '55.266798'),
(1961, 2, 47, 'U-2143', 'Dr. Farah Shams Clinic', '25.199131', '55.265457'),
(1962, 2, 44, 'U-2145', 'All Care Medical Center L.L.C', '24.463968', '54.379382'),
(1963, 3, 65, 'K-4300', 'Dr. Mohamed Abdelmegeed Clinic', '29.33806', '48.060012'),
(1964, 2, 47, 'U-2146', 'Specialized Medical & Dental Center', '25.240881', '55.271852'),
(1965, 2, 44, 'U-2148', 'Medeor 24x7 Hospital - L.L.C', '24.480342', '54.369859'),
(1966, 2, 44, 'U-2149', 'The Doctors Medical Center (Abu Dhabi)', '24.46922', '54.337427'),
(1967, 2, 44, 'U-2152', 'Burjeel Hospital | Abu Dhabi', '24.479239', '54.380839'),
(1968, 2, 46, 'U-2153', 'Al-Bader Medical Center', '24.228186', '55.761414'),
(1969, 2, 44, 'U-2161', 'Al-Hosn One Day Surgery Center L.L.C', '24.467288', '54.334143'),
(1970, 2, 50, 'U-2162', 'Al-Sanabel Medical Center', '25.341118', '55.385673'),
(1971, 2, 44, 'U-2164', 'Oxford Medical Center', '24.440456', '54.412417'),
(1972, 2, 44, 'U-2165', 'Al-Qadi Medical Center', '24.441913', '54.368699'),
(1973, 5, 69, 'O-1438', 'STARCARE Hospital', '23.604326', '58.247776'),
(1974, 7, 77, 'J-1524', 'Alessandro International Clinics', '31.972625', '35.864572'),
(1975, 4, 67, 'Q-1469', 'Al-Qasi Medical Center', '25.31757', '51.486481'),
(1976, 2, 44, 'U-2169', 'Suad Lutfi Dermatology & Laser Clinic', '24.423885', '54.456327'),
(1977, 2, 44, 'U-2170', 'Sherif Mattar Specialized Center', '24.410353', '54.498317'),
(1978, 2, 46, 'U-2171', 'Kaya Skin Clinic (Al-Ain)', '24.248148', '55.723541'),
(1979, 1, 28, '32398', 'Al-Zaher Polyclinic', '21.440192', '39.793574'),
(1980, 2, 44, 'U-2181', 'Abu Dhabi Police GHQ Hospital', '24.432265', '54.423098'),
(1981, 2, 44, 'U-2184', 'Dew Derm', '24.461709', '54.348807'),
(1982, 1, 16, '32401', 'Basmah Chandelier Medical Clinics Complex', '26.360644', '50.066174'),
(1983, 2, 47, 'U-2190', 'Medicure Center', '25.116161', '55.390013'),
(1984, 2, 47, 'U-2191', 'Riviera Medical & Dental Center', '25.161042', '55.220502'),
(1985, 2, 44, 'U-2192', 'Kaya Skin Clinic (Abu Dhabi Mall)', '24.496185', '54.383983'),
(1986, 2, 44, 'U-2193', 'Kaya Skin Clinic (Al-Raha Mall)', '24.439186', '54.573788'),
(1987, 4, 67, 'Q-1471', 'Dr. Kholoud Derm Clinic', '25.327968', '51.466782'),
(1988, 4, 67, 'Q-1472', 'Al-Ahmdani Medical Center', '25.259464', '51.53689'),
(1989, 1, 16, '32414', 'Special Care Dental', '26.432098', '50.067467'),
(1990, 2, 44, 'U-2199', 'Seha Emirates Hospital L.L.C', '24.470873', '54.38297'),
(1991, 2, 47, 'U-2201', 'Medline Medical Center', '25.239294', '55.270496'),
(1992, 1, 30, '32417', 'Enayate Medical Center and Dermatology', '26.367809', '43.929855'),
(1993, 1, 41, '32425', 'Thanaya Al-Yaqoot Medical Specialist', '21.290298', '40.443918'),
(1994, 2, 44, 'U-2205', 'Medical Park Consultants', '24.462777', '54.344918'),
(1995, 2, 44, 'U-2210', 'Visage Polyclinic', '24.470732', '54.339848'),
(1996, 1, 22, '32433', 'Comprehensive Medical Health Company', '21.62834', '39.134289'),
(1997, 1, 22, '32434', 'Saba Medical Company (2) Um Al-Selm', '21.44747', '39.302142'),
(1998, 1, 22, '32435', 'Saba Medical Company (3) Al-Sulaymaniyah', '21.504387', '39.247067'),
(1999, 1, 22, '32436', 'Saba Medical Company (4) Hira St.', '21.611023', '39.142545'),
(2000, 1, 22, '32439', 'Saba Medical Company (7) Al-Marwah', '21.615748', '39.216126'),
(2001, 1, 22, '32440', 'Al-Beshry Medical Group', '21.368332', '39.837564'),
(2002, 2, 47, 'U-2213', 'Full Care Medical Center', '25.1922796', '55.402253'),
(2003, 2, 47, 'U-2214', 'Elite Plastic & Cosmetic Surgery Group', '25.2342805', '55.319213'),
(2004, 2, 47, 'U-2215', 'De Paris Medical Center', '25.244389', '55.288881'),
(2005, 1, 19, '32449', 'Al Maali Hospital', '28.430979', '45.98241'),
(2006, 2, 44, 'U-2216', 'Awazen Polyclinic', '24.471925', '54.374321'),
(2007, 2, 47, 'U-2217', 'Medstar Healthcare LLC', '25.235303', '55.319092'),
(2008, 2, 44, 'U-2218', 'Euphoria', '24.431098', '54.445382'),
(2009, 2, 46, 'U-2219', 'Al-Sultan Advanced Medical Poly Clinic', '24.17589', '55.708455'),
(2010, 2, 44, 'U-2220', 'Al-Ahlia Hospital', '24.362925', '54.524388'),
(2011, 2, 46, 'U-2221', 'Al-Dawaa Medical Center', '24.225289', '55.758394'),
(2012, 2, 44, 'U-2237', 'French Dental And Aesthetic Center', '24.453115', '54.373626'),
(2013, 2, 44, 'U-2238', 'Atiqur Rahman Polyclinic. LLC', '24.479329', '54.36606'),
(2014, 2, 44, 'U-2242', 'Mayfair Clinic', '24.462338', '54.350297'),
(2015, 2, 47, 'U-2243', 'Aster Jubilee Medical Complex', '25.260071', '55.294065'),
(2016, 2, 44, 'U-2244', 'Kaya Skin Clinic (AL-Karamah Branch)', '24.465343', '54.368168'),
(2017, 2, 46, 'U-2246', 'Emirates International Hospital (Al-Ain)', '24.234003', '55.722928'),
(2018, 2, 47, 'U-2247', 'Femiclinic', '25.2329505', '55.320172'),
(2019, 2, 44, 'U-2248', 'Silkor Skin Clinic', '24.466178', '54.33955'),
(2020, 2, 46, 'U-2249', 'Mediclinic Al Yahar', '24.224161', '55.552716'),
(2021, 1, 23, '32460', 'Armed Forces Hospital - Jizan', '17.003785', '42.916251'),
(2022, 3, 61, 'K-4309', 'Zaina Clinic', '29.323066', '48.018556'),
(2023, 2, 50, 'U-2224', 'Riaz Medical Center', '25.337494', '55.427278'),
(2024, 2, 47, 'U-2226', 'Primacare Specialty Clinics L.L.C', '25.25851', '55.298281'),
(2025, 2, 47, 'U-2227', 'Dr. Anwar Atari Clinic', '25.23748', '55.274532'),
(2026, 2, 50, 'U-2228', 'Specialized Medical Center', '25.335551', '55.38788'),
(2027, 2, 47, 'U-2232', 'Pearls Polyclinic', '25.285891', '55.351588'),
(2028, 2, 44, 'U-2257', 'Madar Medical Center Abu Dhabi Branch', '24.48413', '54.367599'),
(2029, 2, 46, 'U-2258', 'Laurete Medical Center', '24.208157', '55.737711'),
(2030, 2, 47, 'U-2259', 'Derma Premier Skin Clinic', '25.183752', '55.226093'),
(2031, 1, 30, '32464', 'Buraidah Care Clinics', '26.319745', '44.016531'),
(2032, 2, 50, 'U-2262', 'Dr. Saba Medical Center', '25.323312', '55.388543'),
(2033, 2, 46, 'U-2263', 'Ultra Medical Center', '24.242625', '55.7285'),
(2034, 2, 44, 'U-2267', 'Danat Al-Emarat Hospital', '24.396864', '54.501014'),
(2035, 2, 47, 'U-2270', 'Al-Tamayoz Medical Center', '25.288008', '55.365284'),
(2036, 2, 47, 'U-2271', 'Dubai Specialized Medical Center & Medical Reearch Labs', '25.251065', '55.416759'),
(2037, 4, 67, 'Q-1477', 'Sama Medical Care', '25.25074', '51.485331'),
(2038, 2, 48, 'U-2275', 'Corniche Medical Consultancy Centre - Fujairah', '', ''),
(2039, 2, 47, 'U-2276', 'Kind Care Medical Center', '25.149044', '55.198178'),
(2040, 2, 46, 'U-2277', 'Health and Beauty Polyclinic', '24.227051', '55.731537'),
(2041, 1, 22, '32470', 'Biolife Clinics', '21.567742', '39.143431'),
(2042, 5, 69, 'O-1439', 'Sandiane Dermatology, Cosmetology and Laser Center', '23.596545', '58.360222'),
(2043, 3, 60, 'K-4313', 'Dr. Sawsan Madi Center', '29.333776', '48.015129'),
(2044, 2, 47, 'U-2286', 'Elite Style Polyclinic', '25.2128645', '55.277446'),
(2045, 5, 99, 'O-1440', 'Liya Medical Complex', '17.018681', '54.092846'),
(2046, 2, 47, 'U-2287', 'Champs-Elysees Aesthetic Center', '25.15223', '55.219266'),
(2047, 2, 47, 'U-2288', 'Hadi & Hofmann Medical Center', '25.22486', '55.258931'),
(2048, 5, 69, 'O-1442', 'Muscat Private Hospital', '23.55052', '58.397871'),
(2049, 2, 44, 'U-2290', 'Al-Noor Hospitals Family Care Centre - Al Mamoura', '24.465412', '54.385706'),
(2050, 3, 52, 'K-4315', 'Reem Clinic', '29.33631', '47.666189'),
(2051, 3, 52, 'K-4317', 'Exir Specialized Clinic', '29.329496', '47.680767'),
(2052, 3, 52, 'K-4318', 'Jahraa Clinic', '29.338765', '47.670126'),
(2053, 3, 65, 'K-4319', 'Jasmine Clinic', '29.33806', '48.060012'),
(2054, 3, 60, 'K-4320', 'Hollywood Clinic', '29.333776', '48.015129'),
(2055, 1, 22, '32492', 'Al-Jamal & Alrafahia Medical Complex', '21.550295', '39.171998'),
(2056, 3, 100, 'K-4322', 'Face of Fame Clinic', '29.38651', '47.999123'),
(2057, 1, 22, '32494', 'Oral Dental Clinic', '21.554249', '39.169127'),
(2058, 2, 50, 'U-2295', 'Hijazy Medical Center', '25.36115', '55.395603'),
(2059, 1, 25, '32495', 'Roaa Al-Mustakbal Polyclinic', '18.084393', '43.133275'),
(2060, 2, 50, 'U-2297', 'Ebn Hayan Medical Center', '25.336271', '55.375613'),
(2061, 2, 47, 'U-2101', 'Aqua Care Medical Center', '25.208798', '55.272287'),
(2062, 5, 69, 'O-1445', 'Modern Al-Salama Polyclinic', '23.652676', '58.121413'),
(2063, 2, 44, 'U-2307', 'European Canadian Medical Center', '24.49118', '54.360469'),
(2064, 1, 26, '32504', 'Sultanah Polyclinic', '24.470497', '39.606193'),
(2065, 1, 26, '32508', 'Al-Shifa Tibah Polyclinic', '24.44695', '39.644548'),
(2066, 1, 30, '32511', 'Medical Excellence Paths Complex', '26.319424', '44.038419'),
(2067, 2, 44, 'U-2310', 'Canadian Medical & Rehabiliation Center Khalifa A City Branch', '24.422682', '54.546401'),
(2068, 6, 74, 'B-1443', 'Reval Medical Center', '26.170635', '50.549641'),
(2069, 3, 60, 'K-4327', 'Blooming Clinic', '29.328209', '48.009054'),
(2070, 3, 58, 'K-4328', 'Al-Abeer Medical Center', '29.363064', '47.964205'),
(2071, 4, 67, 'Q-1482', 'Five Stars Medical Center', '25.355136', '51.519158'),
(2072, 2, 44, 'U-2313', 'London Consulting Medical Center', '24.462255', '54.35617'),
(2073, 2, 50, 'U-2315', 'Al-Bayan Medical Centre', '25.336099', '55.375258'),
(2074, 2, 44, 'U-2316', 'Mediclinic Baniyas', '24.288082', '54.646976'),
(2075, 3, 62, 'K-4331', 'Dr. Huda Al-Saffar (Dermatology Clinic)', '29.376638', '47.97681'),
(2076, 2, 44, 'U-2317', 'La Belle Medical Center', '24.426175', '54.449346'),
(2077, 3, 53, 'K-4333', 'Cure Clinic', '29.349926', '48.025138'),
(2078, 1, 22, '32520', 'Skin Center', '21.546395', '39.179267'),
(2079, 1, 28, '32521', 'Clinics AJ', '21.355701', '39.889781'),
(2080, 1, 28, '32522', 'Al-Huda Medical Polyclinic', '21.358005', '39.891352'),
(2081, 1, 2, '32523', 'Best Care Center', '18.210308', '42.4906'),
(2082, 3, 57, 'K-4335', 'Miral Clinic', '29.147305', '48.127264'),
(2083, 2, 50, 'U-2320', 'Oras Medical Centre', '25.342998', '55.404455'),
(2084, 2, 46, 'U-2322', 'Mediclinic Al-Hili', '24.273835', '55.778802'),
(2085, 2, 47, 'U-2323', 'Seagull Medical Spa', '25.116365', '55.206086'),
(2086, 2, 47, 'U-2324', 'Dubai London Clinic & Speciality Hospital', '25.153046', '55.201293'),
(2087, 1, 28, '32525', 'Medicare Polyclinic | Makkah', '25.853495', '43.499791'),
(2088, 1, 20, '32527', 'Bushraty Medical Complex', '27.517813', '41.664815'),
(2089, 2, 47, 'U-2325', 'Samaa Medical Centre', '25.181294', '55.235507'),
(2090, 3, 65, 'K-4336', 'Mora Derma Clinic', '29.332768', '48.086352'),
(2091, 1, 26, '32531', 'Al-Weqayah Medical Center', '24.434298', '39.593346'),
(2092, 1, 26, '32534', 'Yaqeen Tabah General Medical Complex', '24.470966', '39.558334'),
(2093, 2, 47, 'U-2329', 'Aestheticon', '25.078036', '55.152847'),
(2094, 2, 45, 'U-2331', 'International Specilist Medical Centre', '25.386537', '55.455406'),
(2095, 2, 45, 'U-2336', 'Amina Hospital', '25.403866', '55.441305'),
(2096, 4, 67, 'Q-1488', 'Dr.Marwan Kalla Dental Center', '25.261262', '51.510492'),
(2097, 1, 29, '32543', 'Elite Derma Center', '17.556506', '44.221489'),
(2098, 3, 65, 'K-4339', 'Sabreena Clinic', '29.339105', '48.051134'),
(2099, 3, 60, 'K-4340', 'La Rouge Clinic', '29.328412', '48.00905'),
(2100, 1, 26, '32549', 'Bana Clinic', '24.487411', '39.588539'),
(2101, 2, 47, 'U-2345', 'Sultan Al-Olama Medical Center (ETIHAD)', '25.236659', '55.421924'),
(2102, 6, 74, 'B-1445', 'The Dermatology Clinic', '26.21296', '50.571976'),
(2103, 2, 47, 'U-2348', 'Bloom Aesthetic and Laser Clinic', '25.142127', '55.206469'),
(2104, 6, 76, 'B-1455', 'Dr. Fadeelah Al-Alawait Clinic', '26.132393', '50.562323'),
(2105, 3, 65, 'K-4343', 'SILKOR Laser Medical Center', '29.338735', '48.057186'),
(2106, 3, 65, 'K-4344', 'Nishan Medical Clinic', '29.329216', '48.054962'),
(2107, 3, 58, 'K-4345', 'Metro Medical Center', '29.28126', '47.960151'),
(2108, 3, 65, 'K-4342', 'Cedar Clinic', '29.33806', '48.060012'),
(2109, 1, 6, '32562', 'Al Hokail Specialized Polyclinic', '26.302994', '50.209993'),
(2110, 1, 22, '32567', 'Avanti Weight Loss Center', '21.553946', '39.158253'),
(2111, 3, 105, 'K-4349', 'Kuwait Clinic', '29.292589', '47.968023'),
(2112, 3, 65, 'K-4350', 'Al-Rashid Hospital | Salmiya', '29.328369', '48.055972'),
(2113, 6, 76, 'B-1457', 'Al-Rayan Hospital', '26.118787', '50.577014'),
(2114, 3, 62, 'K-4352', 'Precise line Clinic', '29.368823', '48.009435'),
(2115, 3, 65, 'K-4354', 'PADRA Clinic', '29.362624', '47.964232'),
(2116, 2, 47, 'U-2370', 'Royal Aesthetica Polyclinic L.L.C', '25.224013', '55.25776'),
(2117, 2, 47, 'U-2371', 'Gaga medical Center', '25.1802', '55.224951'),
(2118, 2, 44, 'U-2372', 'Kaya Skin Clinic (Mushrif Mall)', '24.434416', '54.412181'),
(2119, 2, 44, 'U-2373', 'Amaryllis Dermatology Specialized Medical Center', '24.456825', '54.31898'),
(2120, 2, 47, 'U-2376', 'La Estetica Medical Center', '25.130026', '55.196557'),
(2121, 2, 46, 'U-2377', 'Kaya Skin Clinic (Al-Ain Mall)', '24.222759', '55.781962'),
(2122, 2, 44, 'U-2378', 'Al-Anamel Medical Center One Day Surgery', '24.464312', '54.34778'),
(2123, 3, 60, 'K-4359', 'VOGUE Clinic', '29.346401', '48.012127'),
(2124, 3, 60, 'K-4360', 'Kana Clinic', '29.34671', '48.011837'),
(2125, 3, 66, 'K-4361', 'Brite Dental Center', '29.385652', '47.987165'),
(2126, 5, 69, 'O-1447', 'Amara Dermatology Clinic', '23.603298', '58.448888'),
(2127, 5, 69, 'O-1448', 'Royal Medical Centre', '23.589025', '58.382123'),
(2128, 5, 69, 'O-1449', 'American Specialty Clinics Center - Qurum', '23.623206', '58.487397'),
(2129, 5, 69, 'O-1450', 'Ayaan Health Center', '23.605729', '58.454061'),
(2130, 2, 47, 'U-2379', 'Medeor Down Town Medical Center', '25.192375', '55.279318'),
(2131, 5, 99, 'O-1453', 'Emirates Medical Center - Salalah', '17.00779', '54.026367'),
(2132, 5, 69, 'O-1454', 'Muscat Dermatology & Laser Center - Barka', '23.665467', '57.892102'),
(2133, 5, 99, 'O-1455', 'Muscat Dermatology & Laser Center - Salalah', '17.022061', '54.075886'),
(2134, 1, 26, '32597', 'Dr. Ibrahim Zolaly Polyclinic', '24.481092', '39.596721'),
(2135, 2, 47, 'U-2393', 'Cosmocare Medical Center', '25.236012', '55.278213'),
(2136, 5, 69, 'O-1461', 'Emirates Medical Center - Mawaleh', '23.612919', '58.230407'),
(2137, 3, 101, 'K-4365', 'Al-Fintas Clinic', '29.170955', '48.113515'),
(2138, 3, 64, 'K-4366', 'Al-Saleh Clinic', '29.283498', '47.978361'),
(2139, 5, 99, 'O-1456', 'Liya Medical Complex - Al-Saadah', '17.050327', '54.150932'),
(2140, 2, 46, 'U-2381', 'Obagi Medical Center', '24.160673', '55.807188'),
(2141, 2, 47, 'U-2382', 'Dermaline Cosmetic Skin & Laser Center', '25.194939', '55.244985'),
(2142, 2, 44, 'U-2386', 'Kaya Skin Clinic (Mazyad Mall)', '24.37364', '54.53741'),
(2143, 3, 100, 'K-4369', 'Flourish Skin Clinic', '29.379835', '47.995216'),
(2144, 3, 54, 'K-4370', 'New Noor Clinic', '29.174477', '48.096891'),
(2145, 3, 62, 'K-4371', 'Dr. Mohamed Bakry Private Clinic', '29.368733', '48.009466'),
(2146, 6, 74, 'B-1458', 'Mohei Medical Centre', '26.167967', '50.541704'),
(2147, 3, 65, 'K-4372', 'Organza Clinic', '29.339087', '48.047536'),
(2148, 5, 98, 'O-1466', 'Modern Skin Center - Sur', '22.570459', '59.496999'),
(2149, 5, 98, 'O-1468', 'Badr Al Sama Polyclinic - Sur', '22.5705', '59.498682'),
(2150, 2, 44, 'U-2397', 'Canadian Medical Cosmetic Center', '24.365599', '54.540339'),
(2151, 5, 71, 'O-1472', 'Al-Taif Dermatology Center', '24.367536', '56.716786'),
(2152, 5, 71, 'O-1474', 'Emirates Medical Center - Sohar', '24.38031', '56.707536'),
(2153, 2, 47, 'U-2401', 'First Med Day Surgery Center', '25.267146', '55.330109'),
(2154, 5, 69, 'O-1477', 'Azhar Specialized Polyclinic', '23.607595', '58.232847'),
(2155, 5, 69, 'O-1478', 'Silkor - Laser Medical Center', '23.600226', '58.444824'),
(2156, 2, 46, 'U-2402', 'Mediclinic Zakher', '24.110526', '55.825476'),
(2157, 2, 44, 'U-2406', 'Clinica Joelle - Abu Dhabi', '24.472953', '54.317669'),
(2158, 1, 25, '32623', 'Art Clinic', '18.32187', '42.749708'),
(2159, 2, 47, 'U-2408', 'Lavie Clinic', '25.142527', '55.206796'),
(2160, 3, 53, 'K-4373', 'Majestic Derma Clinic', '29.349926', '48.025138'),
(2161, 2, 47, 'U-2413', 'Just White Dental Clinic', '25.079392', '55.135964'),
(2162, 5, 69, 'O-1482', 'Burjeel Medical Centre', '23.590994', '58.375859'),
(2163, 2, 44, 'U-2417', 'Forever Young Medical Center', '24.438477', '54.416508'),
(2164, 5, 69, 'O-1483', 'KIMS Oman Hospital', '23.611971', '58.540546'),
(2165, 5, 69, 'O-1486', 'Apollo Hospital', '23.587829', '58.540201'),
(2166, 5, 69, 'O-1487', 'SUGAR Apollo Diabetes Services', '23.590094', '58.541182'),
(2167, 2, 47, 'U-2422', 'Life Medical Center', '25.077604', '55.151394'),
(2168, 5, 69, 'O-1493', 'Aster AL-Raffah Hospital - Al-Ghobra', '23.587743', '58.406955'),
(2169, 2, 44, 'U-2424', 'Bareen International Hospital', '24.339011', '54.554398'),
(2170, 2, 50, 'U-2428', 'Tabeeby Polyclininc', '25.336291', '55.375659'),
(2171, 2, 46, 'U-2442', 'Sulaiman Medical Centre', '24.257637', '55.740395'),
(2172, 3, 62, 'K-4377', 'Kaya Skin Care - Kuwait', '29.301788', '47.911967'),
(2173, 2, 50, 'U-2444', 'Emirates European Hospital', '25.373455', '55.399322'),
(2174, 1, 6, '32654', 'Zagzoog Medical Center', '26.290906', '50.189013'),
(2175, 2, 44, 'U-2449', 'Mediclinic Airport Road Hospital', '24.417479', '54.46192'),
(2176, 2, 47, 'U-2454', 'Proto Clinic Medical', '25.232009', '55.327122'),
(2177, 2, 47, 'U-2457', 'Truelase Beauty Clinic', '25.223723', '55.424663'),
(2178, 1, 22, '32670', 'Al-Hejin Clinics', '21.672593', '39.120928'),
(2179, 3, 60, 'K-4379', 'Clinic LUGANO', '29.333321', '48.051286'),
(2180, 3, 57, 'K-4380', 'Al-SOOR Clinic', '29.142519', '48.128837'),
(2181, 1, 6, '32676', 'Rana Kmal Shehab Skin Clinic', '26.309616', '50.222357'),
(2182, 1, 7, '32681', 'Saudi Italian Dental and Skin Center', '27.476741', '48.475394'),
(2183, 2, 50, 'U-2462', 'Al-Qudrah Medical Center', '25.388931', '55.414007'),
(2184, 1, 28, '32686', 'Al-Maha Care General Medical Complex', '21.410832', '39.783119'),
(2185, 6, 74, 'B-1487', 'Meral Medical Center WLL', '26.215713', '50.568302'),
(2186, 7, 78, 'J-1554', 'Dr. Salma Al-Rifai', '32.53666', '35.869985'),
(2187, 1, 36, '20035', 'Al-Amal Clinic (4)', '24.563313', '46.645441'),
(2188, 1, 36, '20105', 'Al-Wattan Clinic', '24.563313', '46.645441'),
(2189, 1, 36, '20171', 'Rasan Medical Clinic', '24.563313', '46.645441'),
(2190, 1, 26, '20358', 'Ohud Hospital', '24.510922', '39.564353'),
(2191, 1, 20, '20449', 'Hail General Hospital', '27.510932', '41.686206'),
(2192, 1, 36, '20704', 'Elite Medical & Surgical Center', '24.563313', '46.645441'),
(2193, 1, 36, '20834', 'Omar Al-Ajaji Medical Center', '24.563313', '46.645441'),
(2194, 1, 36, '30228', 'Al-Watan Medical Center', '24.563313', '46.645441'),
(2195, 1, 36, '31150', 'Consulting Center 3 (Badia Branch)', '24.563313', '46.645441'),
(2196, 1, 5, '31264', 'Al-Khannas Medical Group', '24.16012', '47.310024'),
(2197, 1, 24, '32162', 'KIMS MEDICAL CENTER', '27.134774', '49.565119'),
(2198, 1, 16, '32231', 'Dar Al-Saha Dental & Skin Care Center', '26.411367', '50.047375'),
(2199, 1, 36, '32395', 'Sada Care Medical Center', '24.563313', '46.645441'),
(2200, 1, 28, '32578', 'Al-Bader Polyclinic 3- Al-Sharyie 1', '21.393213', '39.788824'),
(2201, 1, 22, '32606', 'Malameh Qamar Polyclinic Complex', '21.617119', '39.149226'),
(2202, 1, 36, '32677', 'Wound Healing Medical Complex', '24.563313', '46.645441'),
(2203, 1, 36, '32729', 'Coral Medical Services Company', '24.563313', '46.645441'),
(2204, 1, 16, '32775', 'Al-Alm Medical Company (Faisalia)', '26.411367', '50.047375'),
(2205, 1, 30, '32879', 'SADAN Medical Complex', '26.3707', '43.944873'),
(2206, 1, 6, '33006', 'Avicena Dental Center ltd Company - Khobar', '26.31506', '50.222377'),
(2207, 1, 36, '33055', 'Dr. Musad Azallal Medical Complex - Mursalat branch', '24.563313', '46.645441'),
(2208, 1, 36, '33150', 'Dallah Hospital - Namar', '24.563313', '46.645441'),
(2209, 3, 52, 'K-1411', 'Mansour Al-Orf Medical Center', '29.353684', '47.665492'),
(2210, 3, 53, 'K-4358', 'Delta Derma Clinic', '29.34805', '48.0325'),
(2211, 3, 53, 'K-4404', 'Planura Clinic', '29.34805', '48.0325'),
(2212, 3, 65, 'K-4495', 'Anana Clinic Etihad Medical Center - Floor 2', '29.346203', '48.084652'),
(2213, 3, 62, 'K-4623', 'Laser & Beauty Unit - Mallorca MC 1st Floor', '29.384226', '47.991338'),
(2214, 5, 69, 'O-1536', 'First Medical Center - Starcare', '23.599818', '58.446284'),
(2215, 5, 69, 'O-1542', 'Starcare Medical Center - Maabela', '23.599818', '58.446284'),
(2216, 4, 67, 'Q-0910', 'Hamad Medical Corporation', '25.272997', '51.513512'),
(2217, 4, 67, 'Q-1461', 'Al-Aziziya Medical Center', '25.272997', '51.513512'),
(2218, 4, 67, 'Q-1507', 'Family Medical Clinics', '25.272997', '51.513512'),
(2219, 1, 22, '20370', 'King Khalid National Guard Hospital', '21.617119', '39.149226'),
(2220, 1, 21, '20450', 'King Fahd Hospital (Hofuf)', '25.436997', '49.572262'),
(2221, 1, 43, '21405', 'Al-Amal Polyclinic-1(Yanbu)', '24.002754', '38.181089'),
(2222, 1, 11, '30892', 'Prince Abdulaziz Bin Mousaad Hospital', '30.982079', '41.021517'),
(2223, 1, 36, '32048', 'Umul Al Hamam Polyclinic', '24.563313', '46.645441'),
(2224, 1, 36, '32652', 'Sehat Al Olaya Medical Complex Company', '24.563313', '46.645441'),
(2225, 1, 27, '32687', 'Durar Al-Dawadmi Medical Complex', '25.910591', '45.363501'),
(2226, 1, 36, '32904', 'Attib Al-Shrouk Medical Company', '24.563313', '46.645441'),
(2227, 1, 22, '32929', 'Dr. Samir Abbas Hospital', '21.617119', '39.149226'),
(2228, 1, 36, '32952', 'Ohoud Ramzi Rajab Medical Est.', '24.563313', '46.645441'),
(2229, 1, 36, '32986', 'Jarir Medical Centre Riyadh', '24.563313', '46.645441'),
(2230, 1, 36, '33492', 'Deep Care Dental Clinic', '24.563313', '46.645441'),
(2231, 1, 22, '33532', 'Andalusia Polyclinics Al-Sanabel', '21.617119', '39.149226'),
(2232, 2, 47, 'U-1831', 'Mediclinic - The City Hospital', '25.181143', '55.224364'),
(2233, 2, 45, 'U-1839', 'Sheikh Khalifa Hospital', '25.41917', '55.488932'),
(2234, 2, 47, 'U-1997', 'American Excellence Medical & Dental Center', '25.181143', '55.224364'),
(2235, 2, 50, 'U-2071', 'Al-Widad Specialist Clinic', '25.351856', '55.413734'),
(2236, 2, 47, 'U-2272', 'Dr. Fawzia Al-Jeziri Medical Center', '25.181143', '55.224364'),
(2237, 2, 46, 'U-2312', 'Dr. Suad Lutfi Dermatology and Laser Clinic', '24.223516', '55.724845'),
(2238, 2, 47, 'U-2384', 'Cooper Dermatology & Dentistry', '25.181143', '55.224364'),
(2239, 2, 44, 'U-2410', 'Mediclinic Al Bateen', '24.457425', '54.373153'),
(2240, 2, 46, 'U-2471', 'Mediclinic Bawadi', '24.223516', '55.724845'),
(2241, 2, 44, 'U-2518', 'Tajmeel Specialized Medical Center', '24.457425', '54.373153'),
(2242, 2, 47, 'U-2621', 'Al-Rowaad Dental Center', '25.181143', '55.224364'),
(2243, 2, 47, 'U-2680', 'Medcare Medical Center Mirdif BR', '25.181143', '55.224364'),
(2244, 2, 44, 'U-2705', 'Health Point Hospital L.L.C', '24.457425', '54.373153'),
(2245, 2, 47, 'U-2706', 'Emirates Hospitals And Clinics - Motor City', '25.181143', '55.224364'),
(2246, 2, 47, 'U-2715', 'Emirates Hospital Clinics - Business Bay', '25.181143', '55.224364'),
(2247, 2, 47, 'U-2732', 'Doctror Mulhams Polyclinic L.L.C', '25.181143', '55.224364'),
(2248, 2, 47, 'U-2774', 'Al Sahel Medical Supplies Trading L.L.C', '25.181143', '55.224364'),
(2249, 2, 46, 'U-2775', 'Novomed Centers', '24.223516', '55.724845'),
(2250, 2, 47, 'U-2824', 'Beautica Polyclinic', '25.181143', '55.224364');

-- --------------------------------------------------------

--
-- Table structure for table `tbl_clinic_device`
--

CREATE TABLE `tbl_clinic_device` (
  `id` int(11) NOT NULL,
  `Clinic_Id` int(11) NOT NULL,
  `Device_Id` int(11) NOT NULL,
  `Quantity` int(11) NOT NULL,
  `U_W_AVG_Repair_Time_12_h` int(6) NOT NULL COMMENT '	Under warranty Avergae repair time &lt; 12 hours	',
  `U_W_AVG_Repair_Time` int(6) NOT NULL COMMENT 'Under Warranty Average repair time',
  `AVG_Repair_Time_12_h` int(6) NOT NULL COMMENT '	Avergae repair time &lt; 12 hours - All',
  `AVG_Repair_Time_All` int(6) NOT NULL COMMENT '	Average repair time - All',
  `First_Time_Call` int(6) NOT NULL COMMENT 'First time Call',
  `Total_Repair_Calls_All` int(6) NOT NULL COMMENT 'Total repair calls All',
  `Up_Time` int(6) NOT NULL,
  `Doctors_Trained` int(6) NOT NULL,
  `Nurses_Trained` int(6) NOT NULL,
  `E_Learning_Course_Delivered` int(6) NOT NULL
) ENGINE=InnoDB DEFAULT CHARSET=latin1;

--
-- Dumping data for table `tbl_clinic_device`
--

INSERT INTO `tbl_clinic_device` (`id`, `Clinic_Id`, `Device_Id`, `Quantity`, `U_W_AVG_Repair_Time_12_h`, `U_W_AVG_Repair_Time`, `AVG_Repair_Time_12_h`, `AVG_Repair_Time_All`, `First_Time_Call`, `Total_Repair_Calls_All`, `Up_Time`, `Doctors_Trained`, `Nurses_Trained`, `E_Learning_Course_Delivered`) VALUES
(1, 719, 2, 1, 0, 0, 1, 1, 1, 1, 8693, 0, 0, 0),
(2, 719, 7, 1, 1, 1, 1, 1, 1, 1, 8743, 0, 0, 0),
(3, 720, 1, 3, 0, 0, 1, 1, 1, 1, 8725, 0, 0, 0),
(4, 722, 1, 1, 0, 0, 0, 0, 0, 0, 8760, 0, 0, 3),
(5, 723, 2, 1, 0, 0, 2, 2, 2, 2, 8730, 0, 1, 2),
(6, 723, 5, 1, 0, 0, 0, 0, 0, 0, 8760, 0, 1, 3),
(7, 723, 9, 1, 0, 0, 0, 0, 0, 0, 8760, 0, 0, 1),
(8, 724, 1, 2, 0, 0, 2, 3, 2, 3, 8737, 0, 4, 0),
(9, 726, 2, 1, 0, 0, 0, 0, 0, 0, 8760, 1, 4, 1),
(10, 726, 3, 1, 0, 0, 0, 1, 0, 1, 8748, 0, 4, 1),
(11, 727, 1, 2, 0, 0, 5, 8, 5, 8, 8748, 0, 3, 3),
(12, 727, 2, 1, 0, 0, 0, 0, 0, 0, 8760, 0, 0, 2),
(13, 727, 3, 1, 0, 0, 0, 0, 0, 0, 8760, 0, 0, 0),
(14, 727, 9, 1, 0, 0, 0, 0, 0, 0, 8760, 0, 0, 0),
(15, 728, 1, 2, 0, 0, 2, 6, 3, 6, 8747, 0, 8, 0),
(16, 728, 2, 1, 0, 0, 0, 0, 0, 0, 8760, 0, 0, 0),
(17, 1684, 3, 0, 0, 0, 0, 0, 0, 0, 0, 1, 0, 0),
(18, 1055, 1, 3, 0, 0, 8, 11, 8, 11, 8728, 0, 13, 6),
(19, 1055, 2, 1, 0, 0, 6, 6, 6, 6, 8727, 0, 1, 0),
(20, 1055, 5, 1, 0, 0, 0, 0, 0, 0, 8760, 0, 0, 0),
(21, 1169, 9, 1, 0, 0, 0, 0, 0, 0, 8760, 1, 7, 0),
(22, 1247, 1, 3, 6, 6, 12, 19, 12, 19, 8757, 3, 9, 8),
(23, 1247, 2, 1, 0, 0, 3, 4, 3, 4, 8759, 3, 8, 0),
(24, 1247, 5, 1, 0, 0, 0, 0, 0, 0, 8760, 0, 0, 1),
(25, 1247, 9, 1, 0, 0, 0, 0, 0, 0, 8760, 3, 9, 0),
(26, 1247, 8, 1, 0, 0, 0, 0, 0, 0, 8760, 0, 0, 0),
(27, 1247, 7, 1, 0, 0, 4, 4, 4, 4, 8758, 0, 0, 0),
(28, 1252, 1, 1, 1, 1, 1, 1, 1, 1, 8758, 0, 0, 5),
(29, 1252, 2, 1, 0, 0, 0, 0, 0, 0, 8760, 0, 0, 5),
(30, 14, 1, 1, 1, 1, 1, 1, 1, 1, 8708, 0, 0, 0),
(31, 14, 2, 1, 1, 1, 1, 1, 1, 1, 8585, 0, 0, 0),
(32, 14, 5, 1, 0, 0, 0, 0, 0, 0, 8760, 0, 0, 0),
(33, 15, 1, 1, 5, 8, 5, 8, 6, 8, 7599, 0, 0, 3),
(34, 2185, 3, 0, 1, 1, 1, 1, 1, 1, 0, 0, 0, 0),
(35, 721, 1, 1, 0, 0, 0, 0, 0, 0, 8760, 0, 0, 0),
(36, 725, 1, 1, 0, 0, 0, 0, 0, 0, 8760, 0, 0, 0),
(37, 966, 1, 1, 0, 0, 0, 0, 0, 0, 8760, 0, 0, 0),
(38, 718, 1, 1, 0, 0, 0, 0, 0, 0, 8760, 0, 0, 0),
(39, 730, 1, 3, 0, 0, 8, 8, 8, 8, 7725, 0, 2, 0),
(40, 731, 1, 2, 0, 0, 2, 2, 2, 2, 8372, 0, 0, 0),
(41, 731, 4, 1, 0, 0, 0, 0, 0, 0, 8760, 0, 0, 0),
(42, 732, 1, 1, 0, 0, 6, 7, 7, 7, 8053, 0, 0, 0),
(43, 732, 2, 1, 0, 0, 0, 0, 0, 0, 8760, 0, 0, 0),
(44, 734, 1, 1, 0, 0, 3, 3, 3, 3, 8657, 0, 1, 0),
(45, 735, 1, 1, 0, 0, 1, 1, 1, 1, 8770, 0, 0, 0),
(46, 735, 2, 1, 0, 0, 0, 0, 0, 0, 8760, 0, 1, 0),
(47, 735, 9, 1, 0, 0, 0, 0, 0, 0, 8760, 0, 0, 0),
(48, 1002, 2, 1, 0, 0, 5, 7, 7, 7, 8760, 0, 0, 0),
(49, 1007, 1, 3, 0, 0, 10, 12, 11, 12, 8694, 0, 0, 0),
(50, 1007, 2, 2, 0, 0, 2, 2, 2, 2, 8748, 0, 0, 0),
(51, 1022, 1, 3, 2, 2, 7, 7, 7, 7, 8745, 0, 7, 0),
(52, 1022, 2, 2, 2, 2, 2, 2, 2, 2, 8750, 0, 1, 1),
(53, 1108, 1, 1, 1, 1, 10, 11, 10, 11, 8755, 1, 2, 1),
(54, 1108, 2, 1, 0, 0, 1, 1, 1, 1, 8758, 1, 2, 0),
(55, 1108, 3, 1, 1, 2, 1, 2, 1, 2, 8745, 1, 0, 0),
(56, 1108, 7, 1, 1, 1, 3, 3, 3, 3, 8755, 0, 0, 0),
(57, 1116, 1, 6, 10, 10, 16, 19, 19, 19, 8718, 1, 0, 0),
(58, 1116, 2, 1, 0, 0, 1, 1, 1, 1, 8756, 1, 0, 0),
(59, 1117, 1, 2, 2, 2, 4, 4, 4, 4, 8750, 1, 2, 0),
(60, 1150, 1, 1, 0, 0, 5, 6, 6, 6, 8757, 0, 0, 0),
(61, 1198, 1, 1, 0, 0, 1, 1, 1, 1, 8757, 0, 0, 0),
(62, 1238, 1, 2, 1, 1, 2, 2, 2, 2, 8754, 0, 1, 0),
(63, 1238, 5, 1, 0, 0, 0, 0, 0, 0, 8760, 0, 0, 1),
(64, 21, 1, 2, 7, 8, 7, 8, 8, 8, 8747, 0, 0, 0),
(65, 21, 2, 1, 1, 1, 1, 1, 1, 1, 8740, 0, 0, 1),
(66, 21, 3, 1, 0, 0, 0, 0, 0, 0, 8760, 0, 0, 2),
(67, 21, 9, 1, 0, 0, 0, 0, 0, 0, 8760, 0, 0, 1),
(68, 25, 1, 1, 1, 1, 1, 1, 1, 1, 8760, 0, 1, 4),
(69, 2186, 1, 0, 0, 0, 2, 2, 2, 2, 0, 0, 0, 0),
(70, 2186, 2, 0, 0, 0, 3, 3, 3, 3, 8726, 0, 0, 0),
(71, 13, 3, 1, 0, 0, 0, 0, 0, 0, 8760, 0, 0, 0),
(72, 733, 1, 1, 0, 0, 0, 0, 0, 0, 8760, 0, 0, 0),
(73, 729, 1, 3, 0, 0, 0, 0, 0, 0, 8760, 0, 0, 0),
(74, 247, 1, 0, 0, 0, 0, 0, 0, 0, 0, 0, 1, 0),
(75, 247, 1, 0, 0, 0, 0, 0, 0, 0, 0, 0, 1, 2),
(76, 2187, 1, 0, 0, 0, 0, 0, 0, 0, 0, 1, 0, 0),
(77, 215, 1, 0, 0, 0, 0, 0, 0, 0, 0, 0, 1, 0),
(78, 255, 1, 0, 0, 0, 0, 0, 0, 0, 0, 0, 0, 1),
(79, 212, 2, 0, 0, 0, 0, 0, 0, 0, 0, 0, 0, 1),
(80, 212, 3, 0, 0, 0, 0, 0, 0, 0, 0, 1, 0, 1),
(81, 2188, 2, 0, 0, 0, 0, 0, 0, 0, 0, 1, 0, 0),
(82, 192, 2, 0, 0, 0, 0, 0, 0, 0, 0, 1, 0, 0),
(83, 192, 3, 0, 0, 0, 0, 0, 0, 0, 0, 4, 2, 0),
(84, 191, 1, 0, 0, 0, 0, 0, 0, 0, 0, 1, 0, 0),
(85, 191, 2, 0, 0, 0, 0, 0, 0, 0, 0, 1, 0, 0),
(86, 191, 4, 0, 0, 0, 0, 0, 0, 0, 0, 1, 0, 0),
(87, 217, 1, 0, 0, 0, 0, 0, 0, 0, 0, 1, 0, 0),
(88, 251, 1, 0, 0, 0, 0, 0, 0, 0, 0, 1, 23, 1),
(89, 251, 2, 0, 0, 0, 0, 0, 0, 0, 0, 2, 4, 0),
(90, 200, 1, 0, 0, 0, 0, 0, 0, 0, 0, 1, 1, 0),
(91, 205, 1, 0, 0, 0, 0, 0, 0, 0, 0, 0, 2, 0),
(92, 2189, 1, 0, 0, 0, 0, 0, 0, 0, 0, 2, 7, 0),
(93, 2189, 2, 0, 0, 0, 0, 0, 0, 0, 0, 1, 3, 0),
(94, 2189, 4, 0, 0, 0, 0, 0, 0, 0, 0, 1, 0, 0),
(95, 220, 1, 0, 0, 0, 0, 0, 0, 0, 0, 2, 25, 0),
(96, 220, 2, 0, 0, 0, 0, 0, 0, 0, 0, 1, 7, 0),
(97, 220, 4, 0, 0, 0, 0, 0, 0, 0, 0, 2, 0, 0),
(98, 237, 1, 0, 0, 0, 0, 0, 0, 0, 0, 3, 0, 3),
(99, 237, 2, 0, 0, 0, 0, 0, 0, 0, 0, 1, 0, 3),
(100, 237, 5, 0, 0, 0, 0, 0, 0, 0, 0, 0, 0, 1),
(101, 198, 1, 0, 0, 0, 0, 0, 0, 0, 0, 0, 10, 0),
(102, 222, 1, 0, 0, 0, 0, 0, 0, 0, 0, 1, 2, 0),
(103, 197, 2, 0, 0, 0, 0, 0, 0, 0, 0, 1, 0, 0),
(104, 216, 1, 0, 0, 0, 0, 0, 0, 0, 0, 4, 5, 0),
(105, 216, 4, 0, 0, 0, 0, 0, 0, 0, 0, 4, 0, 0),
(106, 164, 3, 0, 0, 0, 0, 0, 0, 0, 0, 0, 0, 1),
(107, 138, 7, 0, 0, 0, 0, 0, 0, 0, 0, 1, 0, 0),
(108, 53, 9, 0, 0, 0, 0, 0, 0, 0, 0, 1, 2, 3),
(109, 82, 1, 0, 0, 0, 0, 0, 0, 0, 0, 5, 4, 0),
(110, 46, 1, 0, 0, 0, 0, 0, 0, 0, 0, 0, 4, 2),
(111, 46, 3, 0, 0, 0, 0, 0, 0, 0, 0, 2, 0, 0),
(112, 232, 1, 0, 0, 0, 0, 0, 0, 0, 0, 2, 6, 0),
(113, 135, 1, 0, 0, 0, 0, 0, 0, 0, 0, 1, 0, 0),
(114, 1394, 1, 0, 0, 0, 0, 0, 0, 0, 0, 0, 0, 1),
(115, 163, 1, 0, 0, 0, 0, 0, 0, 0, 0, 5, 2, 6),
(116, 163, 2, 0, 0, 0, 0, 0, 0, 0, 0, 1, 0, 1),
(117, 163, 3, 0, 0, 0, 0, 0, 0, 0, 0, 0, 0, 1),
(118, 163, 4, 0, 0, 0, 0, 0, 0, 0, 0, 1, 0, 2),
(119, 163, 5, 0, 0, 0, 0, 0, 0, 0, 0, 1, 0, 1),
(120, 163, 9, 0, 0, 0, 0, 0, 0, 0, 0, 1, 0, 0),
(121, 163, 7, 0, 0, 0, 0, 0, 0, 0, 0, 1, 0, 0),
(122, 2190, 2, 0, 0, 0, 0, 0, 0, 0, 0, 3, 2, 7),
(123, 2190, 4, 0, 0, 0, 0, 0, 0, 0, 0, 3, 2, 8),
(124, 218, 1, 0, 0, 0, 0, 0, 0, 0, 0, 0, 20, 1),
(125, 218, 3, 0, 0, 0, 0, 0, 0, 0, 0, 0, 9, 0),
(126, 218, 4, 0, 0, 0, 0, 0, 0, 0, 0, 0, 9, 0),
(127, 2191, 2, 0, 0, 0, 0, 0, 0, 0, 0, 1, 0, 0),
(128, 252, 1, 0, 0, 0, 0, 0, 0, 0, 0, 1, 7, 0),
(129, 107, 1, 0, 0, 0, 0, 0, 0, 0, 0, 9, 14, 0),
(130, 107, 1, 0, 0, 0, 0, 0, 0, 0, 0, 2, 0, 0),
(131, 107, 2, 0, 0, 0, 0, 0, 0, 0, 0, 2, 0, 0),
(132, 107, 4, 0, 0, 0, 0, 0, 0, 0, 0, 3, 0, 0),
(133, 107, 4, 0, 0, 0, 0, 0, 0, 0, 0, 1, 0, 0),
(134, 107, 1, 0, 0, 0, 0, 0, 0, 0, 0, 9, 14, 0),
(135, 107, 1, 0, 0, 0, 0, 0, 0, 0, 0, 2, 0, 0),
(136, 107, 2, 0, 0, 0, 0, 0, 0, 0, 0, 2, 0, 0),
(137, 107, 4, 0, 0, 0, 0, 0, 0, 0, 0, 3, 0, 0),
(138, 107, 4, 0, 0, 0, 0, 0, 0, 0, 0, 1, 0, 0),
(139, 61, 1, 0, 0, 0, 0, 0, 0, 0, 0, 1, 0, 2),
(140, 186, 1, 0, 0, 0, 0, 0, 0, 0, 0, 0, 2, 0),
(141, 221, 1, 0, 0, 0, 0, 0, 0, 0, 0, 0, 1, 0),
(142, 272, 9, 0, 0, 0, 0, 0, 0, 0, 0, 2, 0, 0),
(143, 275, 1, 0, 0, 0, 0, 0, 0, 0, 0, 0, 2, 2),
(144, 278, 1, 0, 0, 0, 0, 0, 0, 0, 0, 2, 4, 1),
(145, 283, 1, 0, 0, 0, 0, 0, 0, 0, 0, 0, 2, 0),
(146, 2192, 1, 0, 0, 0, 0, 0, 0, 0, 0, 2, 4, 3),
(147, 2192, 2, 0, 0, 0, 0, 0, 0, 0, 0, 3, 0, 5),
(148, 2192, 4, 0, 0, 0, 0, 0, 0, 0, 0, 2, 0, 0),
(149, 288, 1, 0, 0, 0, 0, 0, 0, 0, 0, 0, 0, 3),
(150, 289, 1, 0, 0, 0, 0, 0, 0, 0, 0, 2, 1, 0),
(151, 289, 2, 0, 0, 0, 0, 0, 0, 0, 0, 1, 2, 0),
(152, 289, 4, 0, 0, 0, 0, 0, 0, 0, 0, 1, 2, 0),
(153, 292, 1, 0, 0, 0, 0, 0, 0, 0, 0, 28, 70, 2),
(154, 292, 2, 0, 0, 0, 0, 0, 0, 0, 0, 11, 36, 1),
(155, 292, 4, 0, 0, 0, 0, 0, 0, 0, 0, 11, 0, 2),
(156, 293, 1, 0, 0, 0, 0, 0, 0, 0, 0, 3, 1, 3),
(157, 293, 5, 0, 0, 0, 0, 0, 0, 0, 0, 3, 0, 0),
(158, 295, 1, 0, 0, 0, 0, 0, 0, 0, 0, 1, 2, 0),
(159, 295, 2, 0, 0, 0, 0, 0, 0, 0, 0, 1, 0, 0),
(160, 295, 3, 0, 0, 0, 0, 0, 0, 0, 0, 1, 0, 0),
(161, 295, 4, 0, 0, 0, 0, 0, 0, 0, 0, 1, 0, 0),
(162, 296, 1, 0, 0, 0, 0, 0, 0, 0, 0, 0, 0, 1),
(163, 296, 2, 0, 0, 0, 0, 0, 0, 0, 0, 0, 0, 1),
(164, 296, 3, 0, 0, 0, 0, 0, 0, 0, 0, 6, 0, 0),
(165, 296, 4, 0, 0, 0, 0, 0, 0, 0, 0, 0, 0, 2),
(166, 301, 1, 0, 0, 0, 0, 0, 0, 0, 0, 0, 3, 2),
(167, 2193, 1, 0, 0, 0, 0, 0, 0, 0, 0, 1, 1, 0),
(168, 303, 4, 0, 0, 0, 0, 0, 0, 0, 0, 2, 0, 0),
(169, 305, 1, 0, 0, 0, 0, 0, 0, 0, 0, 2, 0, 2),
(170, 305, 4, 0, 0, 0, 0, 0, 0, 0, 0, 0, 0, 4),
(171, 307, 1, 0, 0, 0, 0, 0, 0, 0, 0, 1, 0, 1),
(172, 309, 1, 0, 0, 0, 0, 0, 0, 0, 0, 1, 1, 0),
(173, 310, 1, 0, 0, 0, 0, 0, 0, 0, 0, 2, 5, 1),
(174, 311, 1, 0, 0, 0, 0, 0, 0, 0, 0, 0, 4, 1),
(175, 312, 1, 0, 0, 0, 0, 0, 0, 0, 0, 0, 4, 0),
(176, 320, 1, 0, 0, 0, 0, 0, 0, 0, 0, 0, 8, 0),
(177, 322, 1, 0, 0, 0, 0, 0, 0, 0, 0, 2, 38, 0),
(178, 322, 2, 0, 0, 0, 0, 0, 0, 0, 0, 3, 18, 0),
(179, 322, 4, 0, 0, 0, 0, 0, 0, 0, 0, 2, 0, 0),
(180, 322, 5, 0, 0, 0, 0, 0, 0, 0, 0, 2, 0, 0),
(181, 324, 1, 0, 0, 0, 0, 0, 0, 0, 0, 1, 0, 0),
(182, 329, 5, 0, 0, 0, 0, 0, 0, 0, 0, 1, 0, 0),
(183, 329, 9, 0, 0, 0, 0, 0, 0, 0, 0, 1, 0, 0),
(184, 330, 2, 0, 0, 0, 0, 0, 0, 0, 0, 0, 5, 1),
(185, 330, 2, 0, 0, 0, 0, 0, 0, 0, 0, 1, 0, 0),
(186, 332, 3, 0, 0, 0, 0, 0, 0, 0, 0, 7, 1, 3),
(187, 333, 1, 0, 0, 0, 0, 0, 0, 0, 0, 1, 4, 0),
(188, 334, 1, 0, 0, 0, 0, 0, 0, 0, 0, 1, 3, 0),
(189, 334, 9, 0, 0, 0, 0, 0, 0, 0, 0, 3, 0, 2),
(190, 335, 1, 0, 0, 0, 0, 0, 0, 0, 0, 3, 0, 0),
(191, 335, 2, 0, 0, 0, 0, 0, 0, 0, 0, 4, 0, 0),
(192, 335, 3, 0, 0, 0, 0, 0, 0, 0, 0, 3, 0, 0),
(193, 335, 4, 0, 0, 0, 0, 0, 0, 0, 0, 3, 0, 4),
(194, 335, 5, 0, 0, 0, 0, 0, 0, 0, 0, 4, 0, 0),
(195, 336, 1, 0, 0, 0, 0, 0, 0, 0, 0, 5, 4, 9),
(196, 336, 3, 0, 0, 0, 0, 0, 0, 0, 0, 3, 0, 4),
(197, 336, 4, 0, 0, 0, 0, 0, 0, 0, 0, 3, 0, 8),
(198, 336, 9, 0, 0, 0, 0, 0, 0, 0, 0, 3, 0, 3),
(199, 337, 1, 0, 0, 0, 0, 0, 0, 0, 0, 0, 2, 1),
(200, 339, 1, 0, 0, 0, 0, 0, 0, 0, 0, 4, 4, 0),
(201, 339, 7, 0, 0, 0, 0, 0, 0, 0, 0, 1, 1, 0),
(202, 341, 1, 0, 0, 0, 0, 0, 0, 0, 0, 0, 1, 0),
(203, 341, 2, 0, 0, 0, 0, 0, 0, 0, 0, 3, 6, 0),
(204, 341, 9, 0, 0, 0, 0, 0, 0, 0, 0, 3, 0, 1),
(205, 341, 7, 0, 0, 0, 0, 0, 0, 0, 0, 0, 3, 0),
(206, 342, 3, 0, 0, 0, 0, 0, 0, 0, 0, 3, 0, 0),
(207, 343, 3, 0, 0, 0, 0, 0, 0, 0, 0, 1, 0, 0),
(208, 346, 2, 0, 0, 0, 0, 0, 0, 0, 0, 1, 6, 0),
(209, 348, 1, 0, 0, 0, 0, 0, 0, 0, 0, 0, 3, 0),
(210, 350, 1, 0, 0, 0, 0, 0, 0, 0, 0, 1, 2, 0),
(211, 351, 1, 0, 0, 0, 0, 0, 0, 0, 0, 1, 0, 0),
(212, 353, 1, 0, 0, 0, 0, 0, 0, 0, 0, 2, 21, 0),
(213, 353, 4, 0, 0, 0, 0, 0, 0, 0, 0, 1, 0, 0),
(214, 2194, 1, 0, 0, 0, 0, 0, 0, 0, 0, 4, 10, 0),
(215, 2194, 3, 0, 0, 0, 0, 0, 0, 0, 0, 3, 0, 0),
(216, 356, 1, 0, 0, 0, 0, 0, 0, 0, 0, 1, 0, 0),
(217, 356, 9, 0, 0, 0, 0, 0, 0, 0, 0, 1, 0, 0),
(218, 357, 1, 0, 0, 0, 0, 0, 0, 0, 0, 2, 0, 0),
(219, 357, 9, 0, 0, 0, 0, 0, 0, 0, 0, 4, 2, 6),
(220, 360, 1, 0, 0, 0, 0, 0, 0, 0, 0, 0, 10, 1),
(221, 360, 2, 0, 0, 0, 0, 0, 0, 0, 0, 0, 0, 1),
(222, 360, 5, 0, 0, 0, 0, 0, 0, 0, 0, 1, 9, 3),
(223, 363, 1, 0, 0, 0, 0, 0, 0, 0, 0, 0, 7, 0),
(224, 364, 1, 0, 0, 0, 0, 0, 0, 0, 0, 2, 2, 0),
(225, 375, 3, 0, 0, 0, 0, 0, 0, 0, 0, 1, 0, 0),
(226, 376, 1, 0, 0, 0, 0, 0, 0, 0, 0, 0, 4, 0),
(227, 379, 1, 0, 0, 0, 0, 0, 0, 0, 0, 10, 89, 0),
(228, 379, 2, 0, 0, 0, 0, 0, 0, 0, 0, 7, 0, 0),
(229, 379, 3, 0, 0, 0, 0, 0, 0, 0, 0, 2, 0, 0),
(230, 379, 4, 0, 0, 0, 0, 0, 0, 0, 0, 4, 0, 0),
(231, 379, 5, 0, 0, 0, 0, 0, 0, 0, 0, 5, 0, 0),
(232, 379, 9, 0, 0, 0, 0, 0, 0, 0, 0, 7, 0, 0),
(233, 381, 1, 0, 0, 0, 0, 0, 0, 0, 0, 2, 20, 0),
(234, 381, 2, 0, 0, 0, 0, 0, 0, 0, 0, 0, 8, 4),
(235, 381, 4, 0, 0, 0, 0, 0, 0, 0, 0, 6, 0, 8),
(236, 382, 1, 0, 0, 0, 0, 0, 0, 0, 0, 2, 3, 0),
(237, 382, 2, 0, 0, 0, 0, 0, 0, 0, 0, 2, 0, 0),
(238, 383, 1, 0, 0, 0, 0, 0, 0, 0, 0, 3, 4, 0),
(239, 383, 2, 0, 0, 0, 0, 0, 0, 0, 0, 2, 4, 0),
(240, 386, 1, 0, 0, 0, 0, 0, 0, 0, 0, 0, 8, 0),
(241, 386, 2, 0, 0, 0, 0, 0, 0, 0, 0, 1, 0, 0),
(242, 387, 1, 0, 0, 0, 0, 0, 0, 0, 0, 0, 3, 0),
(243, 388, 1, 0, 0, 0, 0, 0, 0, 0, 0, 0, 11, 0),
(244, 388, 2, 0, 0, 0, 0, 0, 0, 0, 0, 0, 7, 0),
(245, 388, 5, 0, 0, 0, 0, 0, 0, 0, 0, 0, 1, 0),
(246, 389, 1, 0, 0, 0, 0, 0, 0, 0, 0, 4, 0, 0),
(247, 391, 1, 0, 0, 0, 0, 0, 0, 0, 0, 0, 4, 0),
(248, 396, 1, 0, 0, 0, 0, 0, 0, 0, 0, 1, 5, 0),
(249, 397, 1, 0, 0, 0, 0, 0, 0, 0, 0, 1, 0, 2),
(250, 397, 2, 0, 0, 0, 0, 0, 0, 0, 0, 1, 2, 0),
(251, 397, 3, 0, 0, 0, 0, 0, 0, 0, 0, 0, 0, 2),
(252, 397, 9, 0, 0, 0, 0, 0, 0, 0, 0, 0, 0, 1),
(253, 404, 1, 0, 0, 0, 0, 0, 0, 0, 0, 0, 2, 3),
(254, 406, 1, 0, 0, 0, 0, 0, 0, 0, 0, 7, 2, 0),
(255, 406, 7, 0, 0, 0, 0, 0, 0, 0, 0, 1, 2, 0),
(256, 408, 1, 0, 0, 0, 0, 0, 0, 0, 0, 3, 7, 1),
(257, 408, 4, 0, 0, 0, 0, 0, 0, 0, 0, 0, 4, 0),
(258, 408, 9, 0, 0, 0, 0, 0, 0, 0, 0, 1, 7, 0),
(259, 410, 1, 0, 0, 0, 0, 0, 0, 0, 0, 0, 0, 2),
(260, 412, 1, 0, 0, 0, 0, 0, 0, 0, 0, 0, 4, 1),
(261, 414, 1, 0, 0, 0, 0, 0, 0, 0, 0, 0, 2, 0),
(262, 415, 1, 0, 0, 0, 0, 0, 0, 0, 0, 0, 1, 0),
(263, 421, 1, 0, 0, 0, 0, 0, 0, 0, 0, 0, 2, 0),
(264, 424, 3, 0, 0, 0, 0, 0, 0, 0, 0, 2, 0, 0),
(265, 428, 1, 0, 0, 0, 0, 0, 0, 0, 0, 0, 4, 0),
(266, 431, 1, 0, 0, 0, 0, 0, 0, 0, 0, 1, 1, 0),
(267, 1623, 1, 0, 0, 0, 0, 0, 0, 0, 0, 0, 4, 0),
(268, 433, 1, 0, 0, 0, 0, 0, 0, 0, 0, 1, 0, 0),
(269, 433, 2, 0, 0, 0, 0, 0, 0, 0, 0, 1, 0, 0),
(270, 435, 1, 0, 0, 0, 0, 0, 0, 0, 0, 1, 0, 0),
(271, 436, 1, 0, 0, 0, 0, 0, 0, 0, 0, 0, 7, 0),
(272, 436, 4, 0, 0, 0, 0, 0, 0, 0, 0, 1, 0, 0),
(273, 438, 1, 0, 0, 0, 0, 0, 0, 0, 0, 1, 0, 0),
(274, 439, 1, 0, 0, 0, 0, 0, 0, 0, 0, 1, 7, 0),
(275, 442, 1, 0, 0, 0, 0, 0, 0, 0, 0, 0, 1, 1),
(276, 442, 4, 0, 0, 0, 0, 0, 0, 0, 0, 0, 0, 4),
(277, 445, 3, 0, 0, 0, 0, 0, 0, 0, 0, 3, 0, 0),
(278, 447, 1, 0, 0, 0, 0, 0, 0, 0, 0, 0, 7, 0),
(279, 448, 1, 0, 0, 0, 0, 0, 0, 0, 0, 2, 2, 0),
(280, 450, 1, 0, 0, 0, 0, 0, 0, 0, 0, 2, 2, 6),
(281, 450, 2, 0, 0, 0, 0, 0, 0, 0, 0, 2, 2, 8),
(282, 450, 4, 0, 0, 0, 0, 0, 0, 0, 0, 0, 0, 2),
(283, 452, 1, 0, 0, 0, 0, 0, 0, 0, 0, 1, 5, 4),
(284, 454, 1, 0, 0, 0, 0, 0, 0, 0, 0, 0, 22, 3),
(285, 455, 1, 0, 0, 0, 0, 0, 0, 0, 0, 0, 8, 7),
(286, 457, 1, 0, 0, 0, 0, 0, 0, 0, 0, 1, 5, 3),
(287, 457, 2, 0, 0, 0, 0, 0, 0, 0, 0, 1, 5, 3),
(288, 462, 1, 0, 0, 0, 0, 0, 0, 0, 0, 3, 4, 0),
(289, 467, 1, 0, 0, 0, 0, 0, 0, 0, 0, 0, 7, 14),
(290, 467, 2, 0, 0, 0, 0, 0, 0, 0, 0, 1, 7, 9),
(291, 468, 1, 0, 0, 0, 0, 0, 0, 0, 0, 1, 2, 0),
(292, 469, 1, 0, 0, 0, 0, 0, 0, 0, 0, 2, 4, 0),
(293, 470, 1, 0, 0, 0, 0, 0, 0, 0, 0, 1, 0, 0),
(294, 470, 4, 0, 0, 0, 0, 0, 0, 0, 0, 1, 0, 0),
(295, 471, 1, 0, 0, 0, 0, 0, 0, 0, 0, 1, 0, 0),
(296, 474, 1, 0, 0, 0, 0, 0, 0, 0, 0, 0, 6, 0),
(297, 474, 2, 0, 0, 0, 0, 0, 0, 0, 0, 0, 1, 0),
(298, 480, 1, 0, 0, 0, 0, 0, 0, 0, 0, 0, 5, 0),
(299, 481, 1, 0, 0, 0, 0, 0, 0, 0, 0, 0, 8, 0),
(300, 484, 1, 0, 0, 0, 0, 0, 0, 0, 0, 0, 6, 0),
(301, 484, 3, 0, 0, 0, 0, 0, 0, 0, 0, 1, 0, 0),
(302, 490, 1, 0, 0, 0, 0, 0, 0, 0, 0, 0, 7, 0),
(303, 495, 1, 0, 0, 0, 0, 0, 0, 0, 0, 2, 13, 2),
(304, 495, 2, 0, 0, 0, 0, 0, 0, 0, 0, 1, 1, 0),
(305, 495, 5, 0, 0, 0, 0, 0, 0, 0, 0, 3, 5, 1),
(306, 495, 9, 0, 0, 0, 0, 0, 0, 0, 0, 2, 5, 1),
(307, 496, 1, 0, 0, 0, 0, 0, 0, 0, 0, 0, 6, 1),
(308, 496, 2, 0, 0, 0, 0, 0, 0, 0, 0, 1, 3, 0),
(309, 499, 1, 0, 0, 0, 0, 0, 0, 0, 0, 0, 4, 0),
(310, 501, 1, 0, 0, 0, 0, 0, 0, 0, 0, 0, 10, 1),
(311, 503, 1, 0, 0, 0, 0, 0, 0, 0, 0, 2, 4, 0),
(312, 504, 1, 0, 0, 0, 0, 0, 0, 0, 0, 0, 1, 0),
(313, 504, 9, 0, 0, 0, 0, 0, 0, 0, 0, 1, 5, 5),
(314, 506, 1, 0, 0, 0, 0, 0, 0, 0, 0, 4, 10, 13),
(315, 506, 2, 0, 0, 0, 0, 0, 0, 0, 0, 3, 0, 6),
(316, 506, 3, 0, 0, 0, 0, 0, 0, 0, 0, 2, 0, 0),
(317, 506, 4, 0, 0, 0, 0, 0, 0, 0, 0, 6, 0, 4),
(318, 509, 1, 0, 0, 0, 0, 0, 0, 0, 0, 0, 12, 4),
(319, 509, 3, 0, 0, 0, 0, 0, 0, 0, 0, 1, 0, 0),
(320, 510, 1, 0, 0, 0, 0, 0, 0, 0, 0, 0, 10, 0),
(321, 511, 1, 0, 0, 0, 0, 0, 0, 0, 0, 1, 6, 4),
(322, 512, 1, 0, 0, 0, 0, 0, 0, 0, 0, 1, 0, 0),
(323, 517, 1, 0, 0, 0, 0, 0, 0, 0, 0, 4, 0, 0),
(324, 517, 2, 0, 0, 0, 0, 0, 0, 0, 0, 4, 0, 0),
(325, 517, 7, 0, 0, 0, 0, 0, 0, 0, 0, 4, 11, 0),
(326, 521, 1, 0, 0, 0, 0, 0, 0, 0, 0, 1, 0, 0),
(327, 521, 1, 0, 0, 0, 0, 0, 0, 0, 0, 2, 0, 0),
(328, 523, 1, 0, 0, 0, 0, 0, 0, 0, 0, 4, 4, 3),
(329, 527, 1, 0, 0, 0, 0, 0, 0, 0, 0, 0, 6, 0),
(330, 527, 2, 0, 0, 0, 0, 0, 0, 0, 0, 1, 3, 0),
(331, 530, 1, 0, 0, 0, 0, 0, 0, 0, 0, 1, 9, 1),
(332, 530, 2, 0, 0, 0, 0, 0, 0, 0, 0, 1, 0, 0),
(333, 531, 1, 0, 0, 0, 0, 0, 0, 0, 0, 0, 4, 7),
(334, 533, 1, 0, 0, 0, 0, 0, 0, 0, 0, 0, 9, 7),
(335, 533, 3, 0, 0, 0, 0, 0, 0, 0, 0, 3, 11, 0),
(336, 534, 1, 0, 0, 0, 0, 0, 0, 0, 0, 5, 0, 0),
(337, 534, 9, 0, 0, 0, 0, 0, 0, 0, 0, 1, 0, 1),
(338, 2195, 1, 0, 0, 0, 0, 0, 0, 0, 0, 0, 6, 0),
(339, 2195, 9, 0, 0, 0, 0, 0, 0, 0, 0, 3, 0, 0),
(340, 535, 1, 0, 0, 0, 0, 0, 0, 0, 0, 0, 16, 2),
(341, 535, 2, 0, 0, 0, 0, 0, 0, 0, 0, 0, 12, 0),
(342, 540, 1, 0, 0, 0, 0, 0, 0, 0, 0, 1, 4, 0),
(343, 542, 1, 0, 0, 0, 0, 0, 0, 0, 0, 1, 0, 0),
(344, 542, 4, 0, 0, 0, 0, 0, 0, 0, 0, 1, 0, 0),
(345, 543, 1, 0, 0, 0, 0, 0, 0, 0, 0, 4, 22, 0),
(346, 543, 2, 0, 0, 0, 0, 0, 0, 0, 0, 1, 0, 0),
(347, 545, 1, 0, 0, 0, 0, 0, 0, 0, 0, 1, 0, 0),
(348, 545, 2, 0, 0, 0, 0, 0, 0, 0, 0, 1, 0, 0),
(349, 545, 4, 0, 0, 0, 0, 0, 0, 0, 0, 1, 0, 0),
(350, 546, 1, 0, 0, 0, 0, 0, 0, 0, 0, 1, 2, 0),
(351, 546, 2, 0, 0, 0, 0, 0, 0, 0, 0, 2, 0, 0),
(352, 546, 9, 0, 0, 0, 0, 0, 0, 0, 0, 3, 0, 0),
(353, 547, 1, 0, 0, 0, 0, 0, 0, 0, 0, 0, 4, 0),
(354, 549, 1, 0, 0, 0, 0, 0, 0, 0, 0, 0, 1, 0),
(355, 549, 2, 0, 0, 0, 0, 0, 0, 0, 0, 0, 1, 0),
(356, 552, 1, 0, 0, 0, 0, 0, 0, 0, 0, 0, 27, 0),
(357, 552, 2, 0, 0, 0, 0, 0, 0, 0, 0, 0, 14, 0),
(358, 560, 4, 0, 0, 0, 0, 0, 0, 0, 0, 0, 0, 4),
(359, 561, 1, 0, 0, 0, 0, 0, 0, 0, 0, 0, 5, 0),
(360, 561, 2, 0, 0, 0, 0, 0, 0, 0, 0, 0, 5, 0),
(361, 562, 1, 0, 0, 0, 0, 0, 0, 0, 0, 0, 28, 3),
(362, 564, 1, 0, 0, 0, 0, 0, 0, 0, 0, 1, 17, 0),
(363, 564, 2, 0, 0, 0, 0, 0, 0, 0, 0, 0, 2, 0),
(364, 565, 4, 0, 0, 0, 0, 0, 0, 0, 0, 0, 0, 2),
(365, 2196, 1, 0, 0, 0, 0, 0, 0, 0, 0, 0, 0, 2),
(366, 571, 1, 0, 0, 0, 0, 0, 0, 0, 0, 1, 4, 0),
(367, 571, 3, 0, 0, 0, 0, 0, 0, 0, 0, 1, 0, 0),
(368, 574, 1, 0, 0, 0, 0, 0, 0, 0, 0, 0, 1, 0),
(369, 576, 1, 0, 0, 0, 0, 0, 0, 0, 0, 0, 0, 3),
(370, 577, 1, 0, 0, 0, 0, 0, 0, 0, 0, 0, 9, 0),
(371, 577, 2, 0, 0, 0, 0, 0, 0, 0, 0, 0, 4, 1),
(372, 578, 2, 0, 0, 0, 0, 0, 0, 0, 0, 0, 0, 1),
(373, 581, 1, 0, 0, 0, 0, 0, 0, 0, 0, 3, 2, 13),
(374, 581, 2, 0, 0, 0, 0, 0, 0, 0, 0, 2, 2, 0),
(375, 581, 4, 0, 0, 0, 0, 0, 0, 0, 0, 2, 0, 0),
(376, 581, 5, 0, 0, 0, 0, 0, 0, 0, 0, 2, 0, 0),
(377, 582, 1, 0, 0, 0, 0, 0, 0, 0, 0, 1, 6, 2),
(378, 583, 3, 0, 0, 0, 0, 0, 0, 0, 0, 1, 0, 1),
(379, 588, 1, 0, 0, 0, 0, 0, 0, 0, 0, 0, 0, 1),
(380, 588, 2, 0, 0, 0, 0, 0, 0, 0, 0, 0, 0, 1),
(381, 588, 9, 0, 0, 0, 0, 0, 0, 0, 0, 0, 0, 2),
(382, 589, 1, 0, 0, 0, 0, 0, 0, 0, 0, 1, 0, 0),
(383, 589, 2, 0, 0, 0, 0, 0, 0, 0, 0, 1, 0, 0),
(384, 589, 9, 0, 0, 0, 0, 0, 0, 0, 0, 4, 1, 0),
(385, 591, 1, 0, 0, 0, 0, 0, 0, 0, 0, 0, 4, 0),
(386, 592, 1, 0, 0, 0, 0, 0, 0, 0, 0, 0, 0, 1),
(387, 595, 1, 0, 0, 0, 0, 0, 0, 0, 0, 0, 0, 1),
(388, 596, 1, 0, 0, 0, 0, 0, 0, 0, 0, 1, 8, 1),
(389, 596, 5, 0, 0, 0, 0, 0, 0, 0, 0, 3, 0, 0),
(390, 599, 1, 0, 0, 0, 0, 0, 0, 0, 0, 0, 5, 0),
(391, 599, 2, 0, 0, 0, 0, 0, 0, 0, 0, 0, 11, 10),
(392, 601, 1, 0, 0, 0, 0, 0, 0, 0, 0, 1, 0, 2),
(393, 601, 2, 0, 0, 0, 0, 0, 0, 0, 0, 0, 0, 1),
(394, 601, 5, 0, 0, 0, 0, 0, 0, 0, 0, 4, 0, 4),
(395, 603, 1, 0, 0, 0, 0, 0, 0, 0, 0, 1, 0, 1),
(396, 603, 2, 0, 0, 0, 0, 0, 0, 0, 0, 1, 0, 1),
(397, 603, 4, 0, 0, 0, 0, 0, 0, 0, 0, 1, 0, 0),
(398, 603, 9, 0, 0, 0, 0, 0, 0, 0, 0, 4, 6, 0),
(399, 603, 7, 0, 0, 0, 0, 0, 0, 0, 0, 4, 8, 0),
(400, 604, 1, 0, 0, 0, 0, 0, 0, 0, 0, 0, 1, 0),
(401, 604, 1, 0, 0, 0, 0, 0, 0, 0, 0, 0, 24, 0),
(402, 605, 1, 0, 0, 0, 0, 0, 0, 0, 0, 0, 0, 1),
(403, 606, 1, 0, 0, 0, 0, 0, 0, 0, 0, 1, 33, 11),
(404, 606, 2, 0, 0, 0, 0, 0, 0, 0, 0, 1, 15, 0),
(405, 606, 7, 0, 0, 0, 0, 0, 0, 0, 0, 1, 1, 0),
(406, 608, 1, 0, 0, 0, 0, 0, 0, 0, 0, 1, 0, 0),
(407, 608, 1, 0, 0, 0, 0, 0, 0, 0, 0, 3, 25, 4),
(408, 608, 2, 0, 0, 0, 0, 0, 0, 0, 0, 0, 6, 5),
(409, 608, 3, 0, 0, 0, 0, 0, 0, 0, 0, 3, 0, 1),
(410, 608, 9, 0, 0, 0, 0, 0, 0, 0, 0, 3, 0, 1),
(411, 612, 1, 0, 0, 0, 0, 0, 0, 0, 0, 0, 7, 1),
(412, 612, 2, 0, 0, 0, 0, 0, 0, 0, 0, 0, 8, 3),
(413, 612, 9, 0, 0, 0, 0, 0, 0, 0, 0, 1, 1, 0),
(414, 614, 1, 0, 0, 0, 0, 0, 0, 0, 0, 0, 4, 1),
(415, 614, 2, 0, 0, 0, 0, 0, 0, 0, 0, 2, 5, 2),
(416, 614, 3, 0, 0, 0, 0, 0, 0, 0, 0, 1, 0, 0),
(417, 617, 1, 0, 0, 0, 0, 0, 0, 0, 0, 1, 0, 1),
(418, 617, 4, 0, 0, 0, 0, 0, 0, 0, 0, 1, 0, 0),
(419, 617, 5, 0, 0, 0, 0, 0, 0, 0, 0, 1, 0, 1),
(420, 618, 1, 0, 0, 0, 0, 0, 0, 0, 0, 1, 1, 0),
(421, 621, 1, 0, 0, 0, 0, 0, 0, 0, 0, 0, 0, 1),
(422, 622, 1, 0, 0, 0, 0, 0, 0, 0, 0, 0, 0, 1),
(423, 622, 2, 0, 0, 0, 0, 0, 0, 0, 0, 0, 6, 1),
(424, 623, 1, 0, 0, 0, 0, 0, 0, 0, 0, 1, 0, 0),
(425, 629, 1, 0, 0, 0, 0, 0, 0, 0, 0, 0, 8, 4),
(426, 631, 1, 0, 0, 0, 0, 0, 0, 0, 0, 1, 0, 0),
(427, 632, 1, 0, 0, 0, 0, 0, 0, 0, 0, 3, 19, 0),
(428, 633, 1, 0, 0, 0, 0, 0, 0, 0, 0, 0, 0, 1),
(429, 635, 1, 0, 0, 0, 0, 0, 0, 0, 0, 1, 30, 1),
(430, 635, 2, 0, 0, 0, 0, 0, 0, 0, 0, 1, 16, 0),
(431, 640, 1, 0, 0, 0, 0, 0, 0, 0, 0, 0, 5, 1),
(432, 640, 2, 0, 0, 0, 0, 0, 0, 0, 0, 0, 5, 1),
(433, 642, 1, 0, 0, 0, 0, 0, 0, 0, 0, 0, 5, 0),
(434, 643, 1, 0, 0, 0, 0, 0, 0, 0, 0, 0, 1, 0),
(435, 643, 2, 0, 0, 0, 0, 0, 0, 0, 0, 1, 0, 1),
(436, 643, 3, 0, 0, 0, 0, 0, 0, 0, 0, 1, 0, 0),
(437, 645, 1, 0, 0, 0, 0, 0, 0, 0, 0, 0, 5, 0),
(438, 647, 1, 0, 0, 0, 0, 0, 0, 0, 0, 1, 5, 0),
(439, 647, 2, 0, 0, 0, 0, 0, 0, 0, 0, 0, 3, 0),
(440, 648, 1, 0, 0, 0, 0, 0, 0, 0, 0, 1, 1, 1),
(441, 651, 2, 0, 0, 0, 0, 0, 0, 0, 0, 1, 0, 0),
(442, 652, 9, 0, 0, 0, 0, 0, 0, 0, 0, 0, 0, 1),
(443, 653, 1, 0, 0, 0, 0, 0, 0, 0, 0, 0, 5, 0),
(444, 662, 1, 0, 0, 0, 0, 0, 0, 0, 0, 0, 0, 1),
(445, 664, 1, 0, 0, 0, 0, 0, 0, 0, 0, 1, 0, 0),
(446, 665, 1, 0, 0, 0, 0, 0, 0, 0, 0, 1, 2, 5),
(447, 665, 2, 0, 0, 0, 0, 0, 0, 0, 0, 0, 1, 0),
(448, 666, 1, 0, 0, 0, 0, 0, 0, 0, 0, 0, 0, 1),
(449, 668, 1, 0, 0, 0, 0, 0, 0, 0, 0, 2, 0, 2),
(450, 668, 2, 0, 0, 0, 0, 0, 0, 0, 0, 2, 0, 2),
(451, 670, 1, 0, 0, 0, 0, 0, 0, 0, 0, 1, 0, 2),
(452, 671, 1, 0, 0, 0, 0, 0, 0, 0, 0, 1, 6, 0),
(453, 1662, 1, 0, 0, 0, 0, 0, 0, 0, 0, 0, 7, 21),
(454, 672, 1, 0, 0, 0, 0, 0, 0, 0, 0, 0, 8, 1),
(455, 672, 2, 0, 0, 0, 0, 0, 0, 0, 0, 1, 2, 1),
(456, 672, 5, 0, 0, 0, 0, 0, 0, 0, 0, 0, 0, 1),
(457, 672, 9, 0, 0, 0, 0, 0, 0, 0, 0, 1, 0, 1),
(458, 673, 1, 0, 0, 0, 0, 0, 0, 0, 0, 2, 15, 0),
(459, 673, 2, 0, 0, 0, 0, 0, 0, 0, 0, 5, 12, 0),
(460, 674, 1, 0, 0, 0, 0, 0, 0, 0, 0, 0, 2, 0),
(461, 675, 1, 0, 0, 0, 0, 0, 0, 0, 0, 0, 4, 5),
(462, 676, 1, 0, 0, 0, 0, 0, 0, 0, 0, 0, 0, 1),
(463, 677, 4, 0, 0, 0, 0, 0, 0, 0, 0, 0, 0, 2),
(464, 678, 1, 0, 0, 0, 0, 0, 0, 0, 0, 0, 2, 0),
(465, 679, 1, 0, 0, 0, 0, 0, 0, 0, 0, 0, 0, 5),
(466, 680, 1, 0, 0, 0, 0, 0, 0, 0, 0, 0, 2, 0),
(467, 680, 2, 0, 0, 0, 0, 0, 0, 0, 0, 1, 0, 0),
(468, 684, 1, 0, 0, 0, 0, 0, 0, 0, 0, 1, 28, 5),
(469, 684, 2, 0, 0, 0, 0, 0, 0, 0, 0, 1, 0, 14),
(470, 684, 4, 0, 0, 0, 0, 0, 0, 0, 0, 1, 0, 0),
(471, 685, 1, 0, 0, 0, 0, 0, 0, 0, 0, 0, 0, 1),
(472, 2197, 1, 0, 0, 0, 0, 0, 0, 0, 0, 1, 0, 0),
(473, 687, 1, 0, 0, 0, 0, 0, 0, 0, 0, 1, 1, 0),
(474, 687, 2, 0, 0, 0, 0, 0, 0, 0, 0, 1, 0, 0),
(475, 687, 3, 0, 0, 0, 0, 0, 0, 0, 0, 1, 1, 0),
(476, 688, 1, 0, 0, 0, 0, 0, 0, 0, 0, 1, 6, 0),
(477, 688, 2, 0, 0, 0, 0, 0, 0, 0, 0, 0, 0, 1),
(478, 690, 1, 0, 0, 0, 0, 0, 0, 0, 0, 1, 0, 1),
(479, 690, 2, 0, 0, 0, 0, 0, 0, 0, 0, 0, 0, 1),
(480, 691, 1, 0, 0, 0, 0, 0, 0, 0, 0, 0, 3, 5),
(481, 691, 2, 0, 0, 0, 0, 0, 0, 0, 0, 0, 3, 4),
(482, 692, 2, 0, 0, 0, 0, 0, 0, 0, 0, 1, 0, 0),
(483, 695, 1, 0, 0, 0, 0, 0, 0, 0, 0, 0, 3, 4),
(484, 695, 3, 0, 0, 0, 0, 0, 0, 0, 0, 2, 0, 2),
(485, 695, 9, 0, 0, 0, 0, 0, 0, 0, 0, 2, 0, 0),
(486, 698, 1, 0, 0, 0, 0, 0, 0, 0, 0, 1, 0, 0),
(487, 699, 1, 0, 0, 0, 0, 0, 0, 0, 0, 0, 0, 1),
(488, 700, 1, 0, 0, 0, 0, 0, 0, 0, 0, 0, 3, 0),
(489, 701, 9, 0, 0, 0, 0, 0, 0, 0, 0, 0, 0, 1),
(490, 704, 1, 0, 0, 0, 0, 0, 0, 0, 0, 1, 4, 0),
(491, 705, 1, 0, 0, 0, 0, 0, 0, 0, 0, 0, 8, 0),
(492, 706, 1, 0, 0, 0, 0, 0, 0, 0, 0, 0, 8, 0),
(493, 707, 1, 0, 0, 0, 0, 0, 0, 0, 0, 1, 8, 0),
(494, 708, 1, 0, 0, 0, 0, 0, 0, 0, 0, 1, 0, 0),
(495, 709, 1, 0, 0, 0, 0, 0, 0, 0, 0, 1, 4, 0),
(496, 709, 3, 0, 0, 0, 0, 0, 0, 0, 0, 1, 0, 0),
(497, 710, 1, 0, 0, 0, 0, 0, 0, 0, 0, 23, 0, 0),
(498, 710, 2, 0, 0, 0, 0, 0, 0, 0, 0, 7, 0, 0),
(499, 710, 3, 0, 0, 0, 0, 0, 0, 0, 0, 8, 0, 0),
(500, 710, 5, 0, 0, 0, 0, 0, 0, 0, 0, 8, 3, 0),
(501, 710, 9, 0, 0, 0, 0, 0, 0, 0, 0, 8, 2, 0),
(502, 710, 7, 0, 0, 0, 0, 0, 0, 0, 0, 8, 0, 0),
(503, 2198, 1, 0, 0, 0, 0, 0, 0, 0, 0, 0, 1, 0),
(504, 2198, 2, 0, 0, 0, 0, 0, 0, 0, 0, 0, 1, 0),
(505, 712, 1, 0, 0, 0, 0, 0, 0, 0, 0, 0, 6, 0),
(506, 714, 1, 0, 0, 0, 0, 0, 0, 0, 0, 1, 2, 2),
(507, 714, 2, 0, 0, 0, 0, 0, 0, 0, 0, 1, 4, 3),
(508, 716, 1, 0, 0, 0, 0, 0, 0, 0, 0, 1, 0, 0),
(509, 716, 2, 0, 0, 0, 0, 0, 0, 0, 0, 1, 0, 0),
(510, 975, 1, 0, 0, 0, 0, 0, 0, 0, 0, 0, 1, 0),
(511, 977, 1, 0, 0, 0, 0, 0, 0, 0, 0, 0, 7, 0),
(512, 977, 2, 0, 0, 0, 0, 0, 0, 0, 0, 0, 3, 0),
(513, 981, 1, 0, 0, 0, 0, 0, 0, 0, 0, 0, 0, 1),
(514, 982, 1, 0, 0, 0, 0, 0, 0, 0, 0, 0, 3, 1),
(515, 982, 2, 0, 0, 0, 0, 0, 0, 0, 0, 0, 9, 1),
(516, 983, 1, 0, 0, 0, 0, 0, 0, 0, 0, 0, 1, 0),
(517, 987, 1, 0, 0, 0, 0, 0, 0, 0, 0, 1, 4, 0),
(518, 988, 1, 0, 0, 0, 0, 0, 0, 0, 0, 0, 9, 1),
(519, 998, 1, 0, 0, 0, 0, 0, 0, 0, 0, 3, 0, 0),
(520, 998, 2, 0, 0, 0, 0, 0, 0, 0, 0, 2, 0, 0),
(521, 998, 4, 0, 0, 0, 0, 0, 0, 0, 0, 2, 0, 0),
(522, 996, 1, 0, 0, 0, 0, 0, 0, 0, 0, 0, 1, 0),
(523, 997, 1, 0, 0, 0, 0, 0, 0, 0, 0, 1, 2, 0),
(524, 997, 2, 0, 0, 0, 0, 0, 0, 0, 0, 2, 4, 0),
(525, 1005, 1, 0, 0, 0, 0, 0, 0, 0, 0, 0, 1, 0),
(526, 1006, 1, 0, 0, 0, 0, 0, 0, 0, 0, 2, 24, 3),
(527, 1006, 2, 0, 0, 0, 0, 0, 0, 0, 0, 1, 0, 0),
(528, 1006, 9, 0, 0, 0, 0, 0, 0, 0, 0, 1, 0, 0),
(529, 1947, 1, 0, 0, 0, 0, 0, 0, 0, 0, 2, 9, 0),
(530, 1009, 1, 0, 0, 0, 0, 0, 0, 0, 0, 2, 3, 0),
(531, 1009, 2, 0, 0, 0, 0, 0, 0, 0, 0, 1, 0, 0),
(532, 1013, 1, 0, 0, 0, 0, 0, 0, 0, 0, 0, 11, 2),
(533, 1013, 5, 0, 0, 0, 0, 0, 0, 0, 0, 4, 1, 1),
(534, 1013, 9, 0, 0, 0, 0, 0, 0, 0, 0, 4, 3, 1),
(535, 1013, 9, 0, 0, 0, 0, 0, 0, 0, 0, 2, 0, 0),
(536, 1014, 1, 0, 0, 0, 0, 0, 0, 0, 0, 2, 6, 1),
(537, 1015, 1, 0, 0, 0, 0, 0, 0, 0, 0, 0, 0, 1),
(538, 1015, 4, 0, 0, 0, 0, 0, 0, 0, 0, 1, 0, 0),
(539, 1017, 1, 0, 0, 0, 0, 0, 0, 0, 0, 0, 2, 2),
(540, 1018, 1, 0, 0, 0, 0, 0, 0, 0, 0, 6, 12, 1),
(541, 1018, 2, 0, 0, 0, 0, 0, 0, 0, 0, 4, 4, 0),
(542, 1018, 4, 0, 0, 0, 0, 0, 0, 0, 0, 4, 4, 0),
(543, 1018, 9, 0, 0, 0, 0, 0, 0, 0, 0, 0, 1, 1),
(544, 1018, 7, 0, 0, 0, 0, 0, 0, 0, 0, 0, 2, 0),
(545, 1020, 1, 0, 0, 0, 0, 0, 0, 0, 0, 1, 5, 12),
(546, 1020, 2, 0, 0, 0, 0, 0, 0, 0, 0, 2, 11, 11),
(547, 1020, 3, 0, 0, 0, 0, 0, 0, 0, 0, 1, 0, 0),
(548, 1020, 4, 0, 0, 0, 0, 0, 0, 0, 0, 1, 0, 0),
(549, 1024, 1, 0, 0, 0, 0, 0, 0, 0, 0, 0, 0, 1),
(550, 1025, 1, 0, 0, 0, 0, 0, 0, 0, 0, 0, 2, 0),
(551, 1027, 1, 0, 0, 0, 0, 0, 0, 0, 0, 0, 1, 0),
(552, 1027, 1, 0, 0, 0, 0, 0, 0, 0, 0, 0, 2, 0),
(553, 1028, 1, 0, 0, 0, 0, 0, 0, 0, 0, 0, 5, 1),
(554, 1028, 2, 0, 0, 0, 0, 0, 0, 0, 0, 0, 4, 1),
(555, 1028, 4, 0, 0, 0, 0, 0, 0, 0, 0, 1, 0, 2),
(556, 1028, 9, 0, 0, 0, 0, 0, 0, 0, 0, 1, 0, 0),
(557, 1029, 1, 0, 0, 0, 0, 0, 0, 0, 0, 0, 12, 12),
(558, 1032, 1, 0, 0, 0, 0, 0, 0, 0, 0, 1, 4, 0),
(559, 1032, 2, 0, 0, 0, 0, 0, 0, 0, 0, 1, 2, 0),
(560, 1032, 4, 0, 0, 0, 0, 0, 0, 0, 0, 0, 0, 4),
(561, 1037, 1, 0, 0, 0, 0, 0, 0, 0, 0, 0, 6, 0),
(562, 1045, 1, 0, 0, 0, 0, 0, 0, 0, 0, 1, 14, 0),
(563, 1045, 2, 0, 0, 0, 0, 0, 0, 0, 0, 1, 1, 0),
(564, 1046, 1, 0, 0, 0, 0, 0, 0, 0, 0, 0, 6, 0),
(565, 1047, 1, 0, 0, 0, 0, 0, 0, 0, 0, 0, 3, 2),
(566, 1047, 2, 0, 0, 0, 0, 0, 0, 0, 0, 1, 0, 1),
(567, 1049, 3, 0, 0, 0, 0, 0, 0, 0, 0, 1, 0, 0),
(568, 1050, 1, 0, 0, 0, 0, 0, 0, 0, 0, 1, 3, 0),
(569, 1056, 1, 0, 0, 0, 0, 0, 0, 0, 0, 0, 6, 1),
(570, 1056, 2, 0, 0, 0, 0, 0, 0, 0, 0, 0, 0, 2),
(571, 1056, 3, 0, 0, 0, 0, 0, 0, 0, 0, 3, 0, 0),
(572, 1056, 7, 0, 0, 0, 0, 0, 0, 0, 0, 2, 6, 0),
(573, 1059, 1, 0, 0, 0, 0, 0, 0, 0, 0, 2, 0, 0),
(574, 1059, 2, 0, 0, 0, 0, 0, 0, 0, 0, 1, 0, 0),
(575, 1060, 1, 0, 0, 0, 0, 0, 0, 0, 0, 1, 0, 0),
(576, 1061, 2, 0, 0, 0, 0, 0, 0, 0, 0, 1, 5, 0),
(577, 1065, 1, 0, 0, 0, 0, 0, 0, 0, 0, 1, 0, 0),
(578, 1066, 1, 0, 0, 0, 0, 0, 0, 0, 0, 1, 4, 1),
(579, 1068, 1, 0, 0, 0, 0, 0, 0, 0, 0, 1, 4, 0),
(580, 1070, 5, 0, 0, 0, 0, 0, 0, 0, 0, 1, 0, 0),
(581, 1070, 9, 0, 0, 0, 0, 0, 0, 0, 0, 1, 0, 0),
(582, 1071, 1, 0, 0, 0, 0, 0, 0, 0, 0, 0, 2, 0),
(583, 2199, 1, 0, 0, 0, 0, 0, 0, 0, 0, 0, 4, 0),
(584, 2199, 2, 0, 0, 0, 0, 0, 0, 0, 0, 1, 1, 0),
(585, 1992, 1, 0, 0, 0, 0, 0, 0, 0, 0, 1, 4, 0),
(586, 1992, 4, 0, 0, 0, 0, 0, 0, 0, 0, 1, 0, 0),
(587, 1088, 1, 0, 0, 0, 0, 0, 0, 0, 0, 0, 0, 1),
(588, 1088, 5, 0, 0, 0, 0, 0, 0, 0, 0, 1, 0, 0),
(589, 1088, 9, 0, 0, 0, 0, 0, 0, 0, 0, 1, 0, 0),
(590, 58, 1, 0, 0, 0, 0, 0, 0, 0, 0, 0, 1, 1),
(591, 58, 2, 0, 0, 0, 0, 0, 0, 0, 0, 1, 3, 1),
(592, 44, 1, 0, 0, 0, 0, 0, 0, 0, 0, 1, 1, 0),
(593, 1093, 1, 0, 0, 0, 0, 0, 0, 0, 0, 1, 3, 0),
(594, 1096, 2, 0, 0, 0, 0, 0, 0, 0, 0, 0, 1, 0),
(595, 1098, 1, 0, 0, 0, 0, 0, 0, 0, 0, 1, 2, 2),
(596, 1098, 2, 0, 0, 0, 0, 0, 0, 0, 0, 1, 1, 2),
(597, 1099, 1, 0, 0, 0, 0, 0, 0, 0, 0, 2, 2, 0),
(598, 1104, 1, 0, 0, 0, 0, 0, 0, 0, 0, 1, 0, 2),
(599, 1104, 2, 0, 0, 0, 0, 0, 0, 0, 0, 0, 0, 2),
(600, 1107, 1, 0, 0, 0, 0, 0, 0, 0, 0, 1, 7, 1),
(601, 1109, 2, 0, 0, 0, 0, 0, 0, 0, 0, 0, 4, 5),
(602, 1113, 1, 0, 0, 0, 0, 0, 0, 0, 0, 3, 1, 0),
(603, 1113, 2, 0, 0, 0, 0, 0, 0, 0, 0, 1, 0, 0),
(604, 1113, 9, 0, 0, 0, 0, 0, 0, 0, 0, 4, 0, 1),
(605, 1115, 1, 0, 0, 0, 0, 0, 0, 0, 0, 0, 8, 8),
(606, 1115, 7, 0, 0, 0, 0, 0, 0, 0, 0, 0, 3, 0),
(607, 1125, 1, 0, 0, 0, 0, 0, 0, 0, 0, 2, 6, 0),
(608, 1126, 1, 0, 0, 0, 0, 0, 0, 0, 0, 1, 0, 0),
(609, 1127, 1, 0, 0, 0, 0, 0, 0, 0, 0, 0, 16, 1),
(610, 1127, 2, 0, 0, 0, 0, 0, 0, 0, 0, 1, 0, 1),
(611, 1127, 4, 0, 0, 0, 0, 0, 0, 0, 0, 1, 0, 0),
(612, 1127, 9, 0, 0, 0, 0, 0, 0, 0, 0, 1, 0, 0),
(613, 1131, 1, 0, 0, 0, 0, 0, 0, 0, 0, 0, 2, 0),
(614, 1131, 2, 0, 0, 0, 0, 0, 0, 0, 0, 0, 2, 0),
(615, 1133, 2, 0, 0, 0, 0, 0, 0, 0, 0, 0, 5, 4),
(616, 1134, 1, 0, 0, 0, 0, 0, 0, 0, 0, 3, 3, 0),
(617, 1134, 2, 0, 0, 0, 0, 0, 0, 0, 0, 2, 0, 1),
(618, 1135, 1, 0, 0, 0, 0, 0, 0, 0, 0, 1, 6, 0),
(619, 1139, 1, 0, 0, 0, 0, 0, 0, 0, 0, 2, 3, 3),
(620, 1144, 1, 0, 0, 0, 0, 0, 0, 0, 0, 1, 4, 0),
(621, 1144, 2, 0, 0, 0, 0, 0, 0, 0, 0, 2, 0, 0),
(622, 1144, 9, 0, 0, 0, 0, 0, 0, 0, 0, 1, 0, 0),
(623, 2066, 1, 0, 0, 0, 0, 0, 0, 0, 0, 0, 5, 1),
(624, 1147, 1, 0, 0, 0, 0, 0, 0, 0, 0, 0, 0, 2),
(625, 1148, 1, 0, 0, 0, 0, 0, 0, 0, 0, 1, 0, 0),
(626, 1154, 1, 0, 0, 0, 0, 0, 0, 0, 0, 1, 3, 4),
(627, 1154, 2, 0, 0, 0, 0, 0, 0, 0, 0, 1, 1, 3),
(628, 1154, 3, 0, 0, 0, 0, 0, 0, 0, 0, 1, 0, 0),
(629, 1154, 5, 0, 0, 0, 0, 0, 0, 0, 0, 1, 0, 1),
(630, 1154, 9, 0, 0, 0, 0, 0, 0, 0, 0, 1, 0, 2),
(631, 1155, 1, 0, 0, 0, 0, 0, 0, 0, 0, 0, 4, 5),
(632, 1158, 1, 0, 0, 0, 0, 0, 0, 0, 0, 0, 0, 2),
(633, 1159, 1, 0, 0, 0, 0, 0, 0, 0, 0, 1, 2, 0),
(634, 1163, 1, 0, 0, 0, 0, 0, 0, 0, 0, 0, 0, 1),
(635, 1165, 1, 0, 0, 0, 0, 0, 0, 0, 0, 1, 5, 1),
(636, 1165, 3, 0, 0, 0, 0, 0, 0, 0, 0, 3, 0, 1),
(637, 1166, 1, 0, 0, 0, 0, 0, 0, 0, 0, 0, 6, 0),
(638, 1167, 1, 0, 0, 0, 0, 0, 0, 0, 0, 1, 0, 6),
(639, 1170, 1, 0, 0, 0, 0, 0, 0, 0, 0, 0, 1, 0),
(640, 1171, 1, 0, 0, 0, 0, 0, 0, 0, 0, 2, 8, 0),
(641, 1174, 1, 0, 0, 0, 0, 0, 0, 0, 0, 3, 6, 4),
(642, 1174, 2, 0, 0, 0, 0, 0, 0, 0, 0, 3, 6, 3),
(643, 1174, 4, 0, 0, 0, 0, 0, 0, 0, 0, 2, 0, 2),
(644, 1175, 1, 0, 0, 0, 0, 0, 0, 0, 0, 0, 4, 1),
(645, 1175, 2, 0, 0, 0, 0, 0, 0, 0, 0, 0, 0, 1),
(646, 2109, 2, 0, 0, 0, 0, 0, 0, 0, 0, 0, 0, 1),
(647, 2109, 3, 0, 0, 0, 0, 0, 0, 0, 0, 1, 0, 0),
(648, 1179, 1, 0, 0, 0, 0, 0, 0, 0, 0, 0, 0, 6),
(649, 1182, 1, 0, 0, 0, 0, 0, 0, 0, 0, 0, 1, 0),
(650, 2110, 1, 0, 0, 0, 0, 0, 0, 0, 0, 0, 9, 0),
(651, 2110, 2, 0, 0, 0, 0, 0, 0, 0, 0, 1, 3, 0),
(652, 2110, 5, 0, 0, 0, 0, 0, 0, 0, 0, 0, 0, 1),
(653, 1191, 2, 0, 0, 0, 0, 0, 0, 0, 0, 0, 0, 1),
(654, 2200, 1, 0, 0, 0, 0, 0, 0, 0, 0, 0, 3, 3),
(655, 1193, 1, 0, 0, 0, 0, 0, 0, 0, 0, 1, 33, 4),
(656, 1193, 1, 0, 0, 0, 0, 0, 0, 0, 0, 0, 1, 0),
(657, 1193, 2, 0, 0, 0, 0, 0, 0, 0, 0, 2, 2, 0),
(658, 1193, 2, 0, 0, 0, 0, 0, 0, 0, 0, 0, 1, 0),
(659, 1193, 9, 0, 0, 0, 0, 0, 0, 0, 0, 3, 0, 1),
(660, 1195, 1, 0, 0, 0, 0, 0, 0, 0, 0, 0, 4, 5),
(661, 1195, 2, 0, 0, 0, 0, 0, 0, 0, 0, 0, 0, 5),
(662, 1200, 1, 0, 0, 0, 0, 0, 0, 0, 0, 1, 5, 0),
(663, 1200, 3, 0, 0, 0, 0, 0, 0, 0, 0, 2, 0, 1),
(664, 1201, 1, 0, 0, 0, 0, 0, 0, 0, 0, 1, 14, 1),
(665, 1201, 2, 0, 0, 0, 0, 0, 0, 0, 0, 1, 2, 1),
(666, 1201, 5, 0, 0, 0, 0, 0, 0, 0, 0, 2, 9, 7),
(667, 1201, 9, 0, 0, 0, 0, 0, 0, 0, 0, 3, 1, 1),
(668, 1204, 1, 0, 0, 0, 0, 0, 0, 0, 0, 0, 0, 1),
(669, 1205, 1, 0, 0, 0, 0, 0, 0, 0, 0, 2, 4, 0),
(670, 1215, 1, 0, 0, 0, 0, 0, 0, 0, 0, 0, 0, 1),
(671, 1216, 9, 0, 0, 0, 0, 0, 0, 0, 0, 0, 1, 0),
(672, 1218, 2, 0, 0, 0, 0, 0, 0, 0, 0, 1, 1, 0),
(673, 1218, 7, 0, 0, 0, 0, 0, 0, 0, 0, 2, 3, 0),
(674, 1218, 2, 0, 0, 0, 0, 0, 0, 0, 0, 1, 0, 0),
(675, 2201, 1, 0, 0, 0, 0, 0, 0, 0, 0, 1, 16, 2),
(676, 1220, 1, 0, 0, 0, 0, 0, 0, 0, 0, 0, 3, 6),
(677, 1221, 1, 0, 0, 0, 0, 0, 0, 0, 0, 0, 0, 2),
(678, 1221, 2, 0, 0, 0, 0, 0, 0, 0, 0, 0, 0, 2),
(679, 1224, 1, 0, 0, 0, 0, 0, 0, 0, 0, 2, 9, 3),
(680, 1224, 2, 0, 0, 0, 0, 0, 0, 0, 0, 1, 7, 0),
(681, 1226, 1, 0, 0, 0, 0, 0, 0, 0, 0, 0, 4, 4),
(682, 1227, 1, 0, 0, 0, 0, 0, 0, 0, 0, 1, 6, 2),
(683, 1228, 1, 0, 0, 0, 0, 0, 0, 0, 0, 1, 3, 0),
(684, 1229, 1, 0, 0, 0, 0, 0, 0, 0, 0, 1, 6, 0),
(685, 1229, 2, 0, 0, 0, 0, 0, 0, 0, 0, 1, 6, 0),
(686, 1229, 4, 0, 0, 0, 0, 0, 0, 0, 0, 1, 0, 0),
(687, 1233, 1, 0, 0, 0, 0, 0, 0, 0, 0, 0, 0, 2),
(688, 1235, 1, 0, 0, 0, 0, 0, 0, 0, 0, 0, 6, 0),
(689, 1239, 1, 0, 0, 0, 0, 0, 0, 0, 0, 1, 3, 1),
(690, 1241, 1, 0, 0, 0, 0, 0, 0, 0, 0, 1, 6, 0),
(691, 1241, 2, 0, 0, 0, 0, 0, 0, 0, 0, 1, 2, 0),
(692, 1241, 4, 0, 0, 0, 0, 0, 0, 0, 0, 1, 1, 0),
(693, 1248, 1, 0, 0, 0, 0, 0, 0, 0, 0, 1, 7, 1),
(694, 1248, 2, 0, 0, 0, 0, 0, 0, 0, 0, 1, 7, 1),
(695, 1253, 1, 0, 0, 0, 0, 0, 0, 0, 0, 0, 5, 6),
(696, 1253, 2, 0, 0, 0, 0, 0, 0, 0, 0, 0, 5, 2),
(697, 1254, 1, 0, 0, 0, 0, 0, 0, 0, 0, 1, 3, 2),
(698, 1255, 1, 0, 0, 0, 0, 0, 0, 0, 0, 0, 2, 1),
(699, 1258, 2, 0, 0, 0, 0, 0, 0, 0, 0, 1, 0, 2),
(700, 1259, 1, 0, 0, 0, 0, 0, 0, 0, 0, 0, 0, 1),
(701, 1261, 1, 0, 0, 0, 0, 0, 0, 0, 0, 0, 2, 0),
(702, 1261, 1, 0, 0, 0, 0, 0, 0, 0, 0, 2, 21, 0),
(703, 1261, 2, 0, 0, 0, 0, 0, 0, 0, 0, 2, 12, 0),
(704, 1261, 3, 0, 0, 0, 0, 0, 0, 0, 0, 1, 1, 2),
(705, 1261, 7, 0, 0, 0, 0, 0, 0, 0, 0, 1, 1, 0),
(706, 1262, 1, 0, 0, 0, 0, 0, 0, 0, 0, 1, 3, 0),
(707, 1263, 1, 0, 0, 0, 0, 0, 0, 0, 0, 0, 1, 0),
(708, 1264, 1, 0, 0, 0, 0, 0, 0, 0, 0, 2, 4, 0),
(709, 1265, 2, 0, 0, 0, 0, 0, 0, 0, 0, 1, 7, 0),
(710, 2202, 1, 0, 0, 0, 0, 0, 0, 0, 0, 0, 0, 1),
(711, 1268, 1, 0, 0, 0, 0, 0, 0, 0, 0, 1, 3, 2),
(712, 1269, 1, 0, 0, 0, 0, 0, 0, 0, 0, 1, 19, 0),
(713, 1269, 2, 0, 0, 0, 0, 0, 0, 0, 0, 1, 0, 0),
(714, 1269, 2, 0, 0, 0, 0, 0, 0, 0, 0, 1, 4, 2),
(715, 1269, 4, 0, 0, 0, 0, 0, 0, 0, 0, 1, 0, 0),
(716, 1269, 4, 0, 0, 0, 0, 0, 0, 0, 0, 2, 0, 0),
(717, 1269, 9, 0, 0, 0, 0, 0, 0, 0, 0, 1, 0, 0),
(718, 1269, 9, 0, 0, 0, 0, 0, 0, 0, 0, 1, 0, 0),
(719, 1270, 1, 0, 0, 0, 0, 0, 0, 0, 0, 3, 4, 2),
(720, 1270, 3, 0, 0, 0, 0, 0, 0, 0, 0, 4, 0, 0),
(721, 1273, 1, 0, 0, 0, 0, 0, 0, 0, 0, 0, 3, 0),
(722, 30, 1, 0, 0, 0, 0, 0, 0, 0, 0, 2, 6, 0),
(723, 30, 2, 0, 0, 0, 0, 0, 0, 0, 0, 1, 6, 0),
(724, 1276, 1, 0, 0, 0, 0, 0, 0, 0, 0, 1, 8, 3),
(725, 1276, 2, 0, 0, 0, 0, 0, 0, 0, 0, 0, 4, 0),
(726, 1276, 4, 0, 0, 0, 0, 0, 0, 0, 0, 1, 0, 2),
(727, 2, 1, 0, 0, 0, 0, 0, 0, 0, 0, 5, 10, 3),
(728, 2, 2, 0, 0, 0, 0, 0, 0, 0, 0, 4, 9, 1),
(729, 2, 3, 0, 0, 0, 0, 0, 0, 0, 0, 3, 0, 2),
(730, 2, 5, 0, 0, 0, 0, 0, 0, 0, 0, 4, 0, 1),
(731, 2, 9, 0, 0, 0, 0, 0, 0, 0, 0, 3, 0, 0),
(732, 3, 1, 0, 0, 0, 0, 0, 0, 0, 0, 0, 3, 2),
(733, 10, 1, 0, 0, 0, 0, 0, 0, 0, 0, 1, 2, 0),
(734, 12, 1, 0, 0, 0, 0, 0, 0, 0, 0, 0, 1, 0),
(735, 12, 1, 0, 0, 0, 0, 0, 0, 0, 0, 2, 11, 1),
(736, 12, 2, 0, 0, 0, 0, 0, 0, 0, 0, 1, 0, 0),
(737, 12, 2, 0, 0, 0, 0, 0, 0, 0, 0, 0, 1, 0),
(738, 12, 2, 0, 0, 0, 0, 0, 0, 0, 0, 2, 7, 1),
(739, 12, 4, 0, 0, 0, 0, 0, 0, 0, 0, 1, 0, 0),
(740, 12, 4, 0, 0, 0, 0, 0, 0, 0, 0, 2, 0, 2),
(741, 12, 7, 0, 0, 0, 0, 0, 0, 0, 0, 0, 0, 2),
(742, 9, 1, 0, 0, 0, 0, 0, 0, 0, 0, 3, 2, 2),
(743, 9, 2, 0, 0, 0, 0, 0, 0, 0, 0, 1, 0, 2),
(744, 17, 1, 0, 0, 0, 0, 0, 0, 0, 0, 1, 3, 2),
(745, 11, 1, 0, 0, 0, 0, 0, 0, 0, 0, 1, 4, 0),
(746, 11, 2, 0, 0, 0, 0, 0, 0, 0, 0, 0, 0, 4),
(747, 7, 2, 0, 0, 0, 0, 0, 0, 0, 0, 1, 2, 0),
(748, 7, 10, 0, 0, 0, 0, 0, 0, 0, 0, 2, 0, 0),
(749, 18, 1, 0, 0, 0, 0, 0, 0, 0, 0, 1, 1, 0),
(750, 18, 2, 0, 0, 0, 0, 0, 0, 0, 0, 1, 1, 0),
(751, 18, 5, 0, 0, 0, 0, 0, 0, 0, 0, 2, 2, 0),
(752, 20, 1, 0, 0, 0, 0, 0, 0, 0, 0, 2, 7, 0),
(753, 20, 2, 0, 0, 0, 0, 0, 0, 0, 0, 2, 8, 0),
(754, 22, 1, 0, 0, 0, 0, 0, 0, 0, 0, 0, 7, 4),
(755, 22, 1, 0, 0, 0, 0, 0, 0, 0, 0, 1, 0, 0),
(756, 22, 2, 0, 0, 0, 0, 0, 0, 0, 0, 0, 9, 5),
(757, 22, 3, 0, 0, 0, 0, 0, 0, 0, 0, 1, 0, 2),
(758, 24, 1, 0, 0, 0, 0, 0, 0, 0, 0, 1, 15, 2),
(759, 24, 2, 0, 0, 0, 0, 0, 0, 0, 0, 1, 9, 0),
(760, 24, 3, 0, 0, 0, 0, 0, 0, 0, 0, 0, 1, 0),
(761, 24, 4, 0, 0, 0, 0, 0, 0, 0, 0, 0, 1, 0),
(762, 24, 5, 0, 0, 0, 0, 0, 0, 0, 0, 0, 4, 2),
(763, 24, 9, 0, 0, 0, 0, 0, 0, 0, 0, 1, 4, 1),
(764, 27, 9, 0, 0, 0, 0, 0, 0, 0, 0, 0, 0, 1),
(765, 31, 1, 0, 0, 0, 0, 0, 0, 0, 0, 0, 7, 1),
(766, 32, 1, 0, 0, 0, 0, 0, 0, 0, 0, 0, 4, 0),
(767, 2203, 1, 0, 0, 0, 0, 0, 0, 0, 0, 0, 1, 0),
(768, 34, 1, 0, 0, 0, 0, 0, 0, 0, 0, 1, 0, 0),
(769, 40, 1, 0, 0, 0, 0, 0, 0, 0, 0, 0, 3, 0),
(770, 41, 1, 0, 0, 0, 0, 0, 0, 0, 0, 1, 3, 0),
(771, 48, 1, 0, 0, 0, 0, 0, 0, 0, 0, 2, 9, 1),
(772, 48, 2, 0, 0, 0, 0, 0, 0, 0, 0, 2, 2, 3),
(773, 48, 4, 0, 0, 0, 0, 0, 0, 0, 0, 2, 0, 4),
(774, 48, 5, 0, 0, 0, 0, 0, 0, 0, 0, 0, 0, 5),
(775, 51, 1, 0, 0, 0, 0, 0, 0, 0, 0, 0, 0, 2),
(776, 51, 4, 0, 0, 0, 0, 0, 0, 0, 0, 0, 0, 2),
(777, 1339, 1, 0, 0, 0, 0, 0, 0, 0, 0, 1, 0, 0),
(778, 1339, 2, 0, 0, 0, 0, 0, 0, 0, 0, 1, 0, 0),
(779, 60, 1, 0, 0, 0, 0, 0, 0, 0, 0, 0, 3, 0),
(780, 1347, 1, 0, 0, 0, 0, 0, 0, 0, 0, 0, 6, 0),
(781, 1347, 2, 0, 0, 0, 0, 0, 0, 0, 0, 0, 4, 4),
(782, 1347, 5, 0, 0, 0, 0, 0, 0, 0, 0, 0, 0, 8),
(783, 2204, 1, 0, 0, 0, 0, 0, 0, 0, 0, 0, 4, 1),
(784, 2204, 2, 0, 0, 0, 0, 0, 0, 0, 0, 0, 2, 0),
(785, 63, 1, 0, 0, 0, 0, 0, 0, 0, 0, 1, 5, 0),
(786, 64, 1, 0, 0, 0, 0, 0, 0, 0, 0, 1, 0, 1),
(787, 68, 1, 0, 0, 0, 0, 0, 0, 0, 0, 0, 0, 4),
(788, 68, 7, 0, 0, 0, 0, 0, 0, 0, 0, 0, 6, 0),
(789, 68, 7, 0, 0, 0, 0, 0, 0, 0, 0, 1, 0, 0),
(790, 77, 1, 0, 0, 0, 0, 0, 0, 0, 0, 1, 1, 0),
(791, 78, 1, 0, 0, 0, 0, 0, 0, 0, 0, 0, 1, 0),
(792, 36, 1, 0, 0, 0, 0, 0, 0, 0, 0, 1, 6, 4),
(793, 79, 1, 0, 0, 0, 0, 0, 0, 0, 0, 1, 1, 2),
(794, 1368, 1, 0, 0, 0, 0, 0, 0, 0, 0, 2, 0, 0),
(795, 1368, 1, 0, 0, 0, 0, 0, 0, 0, 0, 1, 0, 0),
(796, 1368, 2, 0, 0, 0, 0, 0, 0, 0, 0, 2, 3, 0),
(797, 1368, 2, 0, 0, 0, 0, 0, 0, 0, 0, 1, 0, 0),
(798, 35, 1, 0, 0, 0, 0, 0, 0, 0, 0, 0, 1, 0),
(799, 37, 1, 0, 0, 0, 0, 0, 0, 0, 0, 1, 4, 0),
(800, 88, 1, 0, 0, 0, 0, 0, 0, 0, 0, 0, 5, 4),
(801, 88, 2, 0, 0, 0, 0, 0, 0, 0, 0, 2, 2, 0),
(802, 67, 1, 0, 0, 0, 0, 0, 0, 0, 0, 1, 1, 2),
(803, 67, 2, 0, 0, 0, 0, 0, 0, 0, 0, 1, 1, 1),
(804, 67, 4, 0, 0, 0, 0, 0, 0, 0, 0, 1, 1, 0),
(805, 67, 7, 0, 0, 0, 0, 0, 0, 0, 0, 1, 1, 0),
(806, 95, 1, 0, 0, 0, 0, 0, 0, 0, 0, 1, 2, 1),
(807, 50, 1, 0, 0, 0, 0, 0, 0, 0, 0, 0, 5, 4),
(808, 50, 1, 0, 0, 0, 0, 0, 0, 0, 0, 1, 0, 0),
(809, 108, 1, 0, 0, 0, 0, 0, 0, 0, 0, 0, 4, 0),
(810, 76, 1, 0, 0, 0, 0, 0, 0, 0, 0, 1, 1, 3),
(811, 76, 2, 0, 0, 0, 0, 0, 0, 0, 0, 1, 1, 4),
(812, 76, 3, 0, 0, 0, 0, 0, 0, 0, 0, 1, 0, 0),
(813, 76, 5, 0, 0, 0, 0, 0, 0, 0, 0, 1, 0, 0),
(814, 111, 1, 0, 0, 0, 0, 0, 0, 0, 0, 0, 6, 3),
(815, 111, 2, 0, 0, 0, 0, 0, 0, 0, 0, 1, 0, 1),
(816, 1401, 1, 0, 0, 0, 0, 0, 0, 0, 0, 0, 1, 1),
(817, 120, 1, 0, 0, 0, 0, 0, 0, 0, 0, 0, 3, 0),
(818, 72, 1, 0, 0, 0, 0, 0, 0, 0, 0, 2, 3, 1),
(819, 128, 1, 0, 0, 0, 0, 0, 0, 0, 0, 5, 4, 1),
(820, 2205, 1, 0, 0, 0, 0, 0, 0, 0, 0, 0, 0, 2),
(821, 2205, 2, 0, 0, 0, 0, 0, 0, 0, 0, 0, 0, 4),
(822, 137, 1, 0, 0, 0, 0, 0, 0, 0, 0, 2, 4, 4),
(823, 137, 2, 0, 0, 0, 0, 0, 0, 0, 0, 3, 8, 5),
(824, 137, 4, 0, 0, 0, 0, 0, 0, 0, 0, 1, 0, 6),
(825, 147, 1, 0, 0, 0, 0, 0, 0, 0, 0, 0, 1, 0),
(826, 148, 1, 0, 0, 0, 0, 0, 0, 0, 0, 2, 4, 0),
(827, 148, 2, 0, 0, 0, 0, 0, 0, 0, 0, 1, 4, 0),
(828, 148, 4, 0, 0, 0, 0, 0, 0, 0, 0, 1, 0, 0),
(829, 148, 9, 0, 0, 0, 0, 0, 0, 0, 0, 1, 0, 0),
(830, 148, 7, 0, 0, 0, 0, 0, 0, 0, 0, 2, 0, 0),
(831, 132, 1, 0, 0, 0, 0, 0, 0, 0, 0, 1, 4, 5),
(832, 132, 4, 0, 0, 0, 0, 0, 0, 0, 0, 0, 0, 2),
(833, 149, 1, 0, 0, 0, 0, 0, 0, 0, 0, 0, 3, 0),
(834, 144, 1, 0, 0, 0, 0, 0, 0, 0, 0, 0, 3, 6),
(835, 144, 5, 0, 0, 0, 0, 0, 0, 0, 0, 3, 0, 0),
(836, 144, 9, 0, 0, 0, 0, 0, 0, 0, 0, 3, 0, 0),
(837, 126, 1, 0, 0, 0, 0, 0, 0, 0, 0, 0, 3, 3),
(838, 139, 1, 0, 0, 0, 0, 0, 0, 0, 0, 0, 3, 3),
(839, 139, 9, 0, 0, 0, 0, 0, 0, 0, 0, 3, 0, 0),
(840, 104, 1, 0, 0, 0, 0, 0, 0, 0, 0, 0, 0, 3),
(841, 145, 5, 0, 0, 0, 0, 0, 0, 0, 0, 0, 2, 0),
(842, 145, 5, 0, 0, 0, 0, 0, 0, 0, 0, 1, 0, 0),
(843, 145, 9, 0, 0, 0, 0, 0, 0, 0, 0, 1, 0, 0),
(844, 158, 1, 0, 0, 0, 0, 0, 0, 0, 0, 1, 1, 2),
(845, 158, 2, 0, 0, 0, 0, 0, 0, 0, 0, 1, 0, 0),
(846, 162, 1, 0, 0, 0, 0, 0, 0, 0, 0, 0, 0, 5),
(847, 162, 2, 0, 0, 0, 0, 0, 0, 0, 0, 0, 0, 8),
(848, 165, 1, 0, 0, 0, 0, 0, 0, 0, 0, 2, 0, 0),
(849, 165, 2, 0, 0, 0, 0, 0, 0, 0, 0, 2, 0, 0),
(850, 125, 1, 0, 0, 0, 0, 0, 0, 0, 0, 1, 3, 4),
(851, 1495, 1, 0, 0, 0, 0, 0, 0, 0, 0, 4, 12, 11),
(852, 1495, 5, 0, 0, 0, 0, 0, 0, 0, 0, 1, 0, 0),
(853, 1495, 9, 0, 0, 0, 0, 0, 0, 0, 0, 3, 0, 4),
(854, 171, 1, 0, 0, 0, 0, 0, 0, 0, 0, 1, 1, 0),
(855, 171, 2, 0, 0, 0, 0, 0, 0, 0, 0, 1, 1, 0),
(856, 174, 1, 0, 0, 0, 0, 0, 0, 0, 0, 0, 2, 1),
(857, 176, 1, 0, 0, 0, 0, 0, 0, 0, 0, 1, 3, 0),
(858, 176, 2, 0, 0, 0, 0, 0, 0, 0, 0, 1, 3, 0),
(859, 177, 1, 0, 0, 0, 0, 0, 0, 0, 0, 0, 0, 2),
(860, 177, 2, 0, 0, 0, 0, 0, 0, 0, 0, 0, 0, 3),
(861, 105, 1, 0, 0, 0, 0, 0, 0, 0, 0, 0, 4, 0),
(862, 105, 9, 0, 0, 0, 0, 0, 0, 0, 0, 0, 0, 1),
(863, 169, 1, 0, 0, 0, 0, 0, 0, 0, 0, 0, 5, 4),
(864, 2206, 9, 0, 0, 0, 0, 0, 0, 0, 0, 1, 1, 1),
(865, 2207, 2, 0, 0, 0, 0, 0, 0, 0, 0, 1, 0, 0),
(866, 214, 1, 0, 0, 0, 0, 0, 0, 0, 0, 1, 3, 0),
(867, 136, 1, 0, 0, 0, 0, 0, 0, 0, 0, 0, 0, 1),
(868, 213, 1, 0, 0, 0, 0, 0, 0, 0, 0, 0, 5, 0),
(869, 213, 2, 0, 0, 0, 0, 0, 0, 0, 0, 1, 0, 0),
(870, 2208, 4, 0, 0, 0, 0, 0, 0, 0, 0, 2, 0, 0),
(871, 146, 5, 0, 0, 0, 0, 0, 0, 0, 0, 1, 0, 1),
(872, 146, 9, 0, 0, 0, 0, 0, 0, 0, 0, 2, 0, 1),
(873, 161, 1, 0, 0, 0, 0, 0, 0, 0, 0, 1, 2, 0),
(874, 183, 1, 0, 0, 0, 0, 0, 0, 0, 0, 1, 2, 2),
(875, 243, 1, 0, 0, 0, 0, 0, 0, 0, 0, 1, 4, 10),
(876, 180, 1, 0, 0, 0, 0, 0, 0, 0, 0, 0, 0, 1),
(877, 180, 2, 0, 0, 0, 0, 0, 0, 0, 0, 0, 0, 5),
(878, 180, 4, 0, 0, 0, 0, 0, 0, 0, 0, 0, 0, 2),
(879, 242, 9, 0, 0, 0, 0, 0, 0, 0, 0, 0, 0, 1),
(880, 260, 1, 0, 0, 0, 0, 0, 0, 0, 0, 0, 3, 2),
(881, 260, 2, 0, 0, 0, 0, 0, 0, 0, 0, 0, 1, 1),
(882, 103, 1, 0, 0, 0, 0, 0, 0, 0, 0, 0, 0, 3),
(883, 103, 2, 0, 0, 0, 0, 0, 0, 0, 0, 0, 0, 2),
(884, 736, 2, 2, 0, 0, 2, 2, 2, 2, 8755, 0, 1, 0),
(885, 736, 4, 1, 0, 0, 0, 0, 0, 0, 8760, 1, 0, 0),
(886, 737, 2, 1, 0, 0, 0, 0, 0, 0, 8760, 0, 0, 0),
(887, 737, 6, 1, 0, 0, 2, 2, 2, 2, 8754, 0, 0, 0),
(888, 2209, 4, 0, 0, 0, 0, 0, 0, 0, 0, 1, 0, 0),
(889, 2209, 5, 0, 0, 0, 0, 0, 0, 0, 0, 1, 0, 0),
(890, 738, 2, 0, 0, 0, 0, 0, 0, 0, 0, 0, 1, 0),
(891, 738, 2, 1, 0, 0, 0, 0, 0, 0, 8760, 0, 3, 0),
(892, 738, 9, 1, 0, 0, 0, 0, 0, 0, 8760, 1, 0, 0),
(893, 742, 6, 1, 0, 0, 6, 6, 6, 6, 8756, 0, 0, 0),
(894, 743, 2, 1, 0, 0, 2, 2, 2, 2, 8756, 4, 6, 0),
(895, 743, 3, 1, 0, 0, 4, 4, 4, 4, 8743, 0, 0, 0),
(896, 744, 4, 1, 0, 0, 0, 0, 0, 0, 8760, 0, 0, 0),
(897, 744, 5, 1, 3, 3, 3, 3, 3, 3, 8756, 3, 0, 0),
(898, 745, 2, 1, 0, 0, 0, 0, 0, 0, 8760, 1, 2, 3),
(899, 747, 2, 2, 0, 0, 5, 5, 5, 5, 8753, 6, 7, 0),
(900, 747, 3, 1, 0, 0, 0, 0, 0, 0, 8760, 4, 7, 0),
(901, 747, 4, 1, 0, 0, 0, 0, 0, 0, 8760, 8, 3, 0),
(902, 747, 5, 1, 0, 0, 0, 0, 0, 0, 8760, 3, 10, 0),
(903, 747, 9, 1, 0, 0, 0, 0, 0, 0, 8760, 0, 0, 0),
(904, 748, 6, 1, 0, 0, 6, 6, 6, 6, 8748, 0, 3, 0),
(905, 751, 3, 1, 0, 0, 0, 0, 0, 0, 8760, 0, 0, 0),
(906, 751, 6, 1, 0, 0, 0, 0, 0, 0, 8760, 0, 1, 0),
(907, 752, 2, 8, 1, 1, 5, 5, 5, 5, 8754, 7, 6, 0),
(908, 752, 3, 1, 0, 0, 0, 0, 0, 0, 8760, 1, 0, 0),
(909, 752, 5, 1, 0, 0, 0, 0, 0, 0, 8760, 0, 0, 0),
(910, 752, 6, 7, 2, 2, 24, 24, 23, 24, 8751, 0, 1, 0),
(911, 752, 9, 1, 0, 0, 0, 0, 0, 0, 8760, 0, 0, 0),
(912, 752, 7, 1, 0, 0, 3, 3, 3, 3, 8747, 0, 0, 0),
(913, 752, 10, 1, 0, 0, 0, 0, 0, 0, 8760, 0, 0, 0),
(914, 754, 3, 1, 0, 0, 1, 1, 1, 1, 8748, 1, 0, 0),
(915, 754, 9, 1, 0, 0, 0, 0, 0, 0, 8760, 1, 0, 0),
(916, 756, 2, 1, 0, 0, 0, 0, 0, 0, 8760, 0, 1, 0),
(917, 756, 6, 1, 0, 0, 6, 6, 6, 6, 8740, 0, 0, 0),
(918, 758, 2, 1, 0, 0, 1, 1, 1, 1, 8757, 1, 2, 0),
(919, 1737, 4, 0, 0, 0, 0, 0, 0, 0, 0, 0, 1, 0),
(920, 760, 2, 1, 0, 0, 0, 0, 0, 0, 8760, 1, 0, 0),
(921, 764, 5, 1, 0, 0, 0, 0, 0, 0, 8760, 3, 1, 0),
(922, 765, 2, 1, 0, 0, 0, 0, 0, 0, 8760, 0, 0, 2),
(923, 765, 3, 1, 0, 0, 0, 0, 0, 0, 8760, 0, 0, 0),
(924, 765, 9, 1, 0, 0, 0, 0, 0, 0, 8760, 0, 0, 0),
(925, 766, 2, 1, 0, 0, 1, 2, 2, 2, 8755, 1, 1, 0),
(926, 767, 6, 1, 0, 0, 6, 6, 6, 6, 8753, 0, 3, 0),
(927, 768, 2, 2, 0, 0, 0, 0, 0, 0, 8760, 1, 0, 0),
(928, 768, 4, 1, 0, 0, 0, 0, 0, 0, 8760, 0, 0, 0),
(929, 768, 6, 3, 0, 0, 10, 10, 9, 10, 8756, 1, 0, 0),
(930, 768, 9, 1, 0, 0, 0, 0, 0, 0, 8760, 0, 0, 0),
(931, 770, 2, 1, 0, 0, 0, 0, 0, 0, 8760, 0, 0, 0),
(932, 770, 5, 1, 0, 0, 0, 0, 0, 0, 8760, 0, 0, 0),
(933, 770, 6, 4, 1, 1, 14, 14, 14, 14, 8741, 0, 0, 0),
(934, 770, 9, 1, 0, 0, 0, 0, 0, 0, 8760, 0, 0, 0),
(935, 771, 9, 1, 0, 0, 0, 0, 0, 0, 8760, 1, 0, 0),
(936, 772, 2, 1, 1, 1, 1, 1, 1, 1, 8760, 0, 0, 0),
(937, 772, 5, 1, 0, 0, 0, 0, 0, 0, 8760, 0, 0, 0),
(938, 773, 3, 1, 0, 0, 0, 0, 0, 0, 8760, 2, 0, 0),
(939, 777, 2, 1, 0, 0, 2, 2, 2, 2, 8755, 0, 0, 0),
(940, 779, 2, 3, 0, 0, 6, 6, 6, 6, 8748, 0, 7, 0),
(941, 779, 4, 1, 0, 0, 0, 0, 0, 0, 8760, 1, 0, 0),
(942, 779, 10, 1, 0, 0, 0, 0, 0, 0, 8760, 0, 13, 0),
(943, 780, 2, 1, 0, 0, 2, 2, 2, 2, 8736, 0, 7, 0),
(944, 780, 4, 1, 0, 0, 0, 0, 0, 0, 8760, 0, 0, 0),
(945, 781, 2, 2, 0, 0, 0, 0, 0, 0, 8760, 0, 0, 0),
(946, 781, 3, 1, 0, 0, 6, 6, 6, 6, 8752, 0, 0, 0),
(947, 781, 6, 1, 0, 0, 4, 4, 4, 4, 8755, 0, 0, 0),
(948, 783, 2, 1, 0, 0, 0, 0, 0, 0, 8760, 1, 0, 0),
(949, 783, 6, 1, 0, 0, 2, 2, 2, 2, 8760, 0, 0, 0),
(950, 784, 2, 3, 0, 0, 0, 0, 0, 0, 8760, 2, 1, 0),
(951, 784, 5, 1, 1, 1, 1, 1, 1, 1, 8747, 1, 2, 0),
(952, 784, 9, 2, 0, 0, 0, 0, 0, 0, 8760, 0, 0, 0),
(953, 785, 2, 0, 0, 0, 0, 0, 0, 0, 0, 0, 2, 0),
(954, 785, 6, 1, 0, 0, 7, 7, 7, 7, 8748, 0, 0, 0),
(955, 786, 3, 1, 0, 0, 0, 0, 0, 0, 8760, 4, 0, 0),
(956, 789, 6, 2, 12, 12, 17, 18, 17, 18, 8752, 0, 0, 0),
(957, 790, 2, 1, 0, 0, 0, 0, 0, 0, 8760, 0, 0, 0),
(958, 790, 4, 1, 0, 0, 0, 0, 0, 0, 8760, 1, 0, 0),
(959, 790, 6, 6, 0, 0, 4, 4, 4, 4, 8752, 0, 0, 0),
(960, 790, 9, 1, 0, 0, 0, 0, 0, 0, 8760, 0, 0, 0),
(961, 791, 3, 1, 0, 0, 2, 2, 2, 2, 8746, 0, 0, 0),
(962, 978, 2, 1, 0, 0, 0, 0, 0, 0, 8760, 1, 0, 0),
(963, 978, 3, 1, 0, 0, 0, 0, 0, 0, 8760, 1, 0, 0),
(964, 978, 4, 1, 0, 0, 0, 0, 0, 0, 8760, 1, 0, 0),
(965, 978, 6, 3, 0, 0, 4, 4, 4, 4, 8749, 1, 0, 0),
(966, 978, 9, 1, 0, 0, 0, 0, 0, 0, 8760, 1, 0, 0),
(967, 980, 2, 1, 0, 0, 1, 1, 1, 1, 8746, 2, 0, 1),
(968, 980, 3, 1, 0, 0, 1, 1, 1, 1, 8756, 2, 0, 0),
(969, 979, 3, 1, 0, 0, 3, 3, 3, 3, 8757, 0, 0, 0),
(970, 993, 3, 1, 0, 0, 2, 2, 2, 2, 8750, 0, 0, 0),
(971, 994, 2, 1, 0, 0, 0, 0, 0, 0, 8760, 3, 0, 0),
(972, 994, 3, 1, 0, 0, 1, 1, 1, 1, 8742, 1, 0, 0),
(973, 1003, 2, 1, 0, 0, 1, 1, 1, 1, 8718, 0, 0, 0),
(974, 1003, 9, 1, 1, 1, 1, 1, 1, 1, 8695, 0, 0, 0),
(975, 1023, 9, 1, 0, 0, 0, 0, 0, 0, 8760, 0, 0, 1),
(976, 1041, 2, 1, 0, 0, 1, 1, 1, 1, 8759, 2, 3, 1),
(977, 1041, 2, 0, 0, 0, 0, 0, 0, 0, 0, 0, 1, 0),
(978, 1041, 3, 1, 0, 0, 1, 1, 1, 1, 8759, 0, 0, 0),
(979, 1041, 9, 1, 0, 0, 0, 0, 0, 0, 8760, 0, 0, 0),
(980, 1042, 2, 1, 0, 0, 2, 2, 2, 2, 8759, 0, 0, 0),
(981, 1057, 2, 1, 0, 0, 0, 0, 0, 0, 8760, 0, 0, 0),
(982, 1057, 6, 1, 0, 0, 0, 0, 0, 0, 8760, 0, 2, 0),
(983, 1064, 2, 2, 0, 0, 1, 1, 1, 1, 8759, 2, 2, 0),
(984, 1064, 6, 1, 0, 0, 6, 6, 6, 6, 8750, 1, 1, 0),
(985, 1064, 8, 1, 0, 1, 0, 1, 0, 1, 8747, 0, 0, 0),
(986, 1076, 2, 1, 0, 0, 0, 0, 0, 0, 8760, 2, 0, 0),
(987, 1083, 2, 1, 0, 0, 0, 0, 0, 0, 8760, 2, 2, 0),
(988, 1083, 4, 0, 0, 0, 0, 0, 0, 0, 0, 2, 0, 0),
(989, 1083, 6, 2, 0, 0, 9, 9, 9, 9, 8755, 3, 2, 0),
(990, 1083, 9, 0, 0, 0, 0, 0, 0, 0, 0, 2, 0, 0),
(991, 1092, 6, 1, 0, 0, 5, 6, 6, 6, 8750, 0, 0, 0),
(992, 1103, 2, 2, 0, 0, 5, 5, 5, 5, 8756, 3, 0, 0),
(993, 1103, 3, 2, 3, 3, 3, 3, 3, 3, 8760, 1, 0, 1),
(994, 1103, 4, 1, 0, 0, 8, 9, 8, 9, 8759, 3, 0, 2),
(995, 1103, 5, 1, 0, 0, 0, 0, 0, 0, 8760, 3, 2, 0),
(996, 1103, 6, 1, 0, 0, 6, 6, 6, 6, 8757, 2, 1, 0),
(997, 1103, 9, 2, 0, 0, 0, 0, 0, 0, 8760, 0, 0, 0),
(998, 1103, 8, 1, 0, 0, 0, 0, 0, 0, 8760, 0, 0, 0),
(999, 1110, 2, 0, 0, 0, 0, 0, 0, 0, 0, 0, 1, 0),
(1000, 1110, 2, 1, 0, 0, 1, 1, 1, 1, 8758, 3, 3, 1),
(1001, 1110, 6, 2, 0, 0, 16, 16, 16, 16, 8755, 1, 3, 0),
(1002, 1119, 6, 3, 0, 0, 15, 17, 16, 17, 8755, 1, 0, 0),
(1003, 1119, 9, 1, 0, 0, 0, 0, 0, 0, 8760, 1, 0, 0),
(1004, 1128, 2, 1, 0, 0, 1, 1, 1, 1, 8756, 1, 0, 0),
(1005, 1128, 3, 0, 0, 0, 0, 0, 0, 0, 0, 1, 0, 0),
(1006, 1128, 6, 1, 0, 0, 0, 0, 0, 0, 8760, 1, 3, 0),
(1007, 1138, 2, 1, 0, 0, 0, 0, 0, 0, 8760, 1, 0, 0),
(1008, 1141, 2, 0, 0, 0, 1, 1, 1, 1, 8742, 0, 0, 0),
(1009, 1141, 3, 1, 0, 0, 0, 0, 0, 0, 8760, 0, 0, 0),
(1010, 1141, 9, 1, 0, 0, 0, 0, 0, 0, 8760, 0, 0, 0),
(1011, 1149, 3, 1, 0, 0, 0, 0, 0, 0, 8760, 1, 0, 0),
(1012, 1149, 5, 2, 0, 0, 0, 0, 0, 0, 8760, 0, 0, 0),
(1013, 1149, 9, 3, 6, 6, 6, 6, 6, 6, 8639, 0, 0, 0),
(1014, 1152, 2, 1, 0, 0, 0, 0, 0, 0, 8760, 0, 1, 0),
(1015, 1153, 3, 1, 0, 0, 1, 1, 1, 1, 8760, 0, 0, 0),
(1016, 1164, 2, 1, 0, 0, 1, 1, 1, 1, 8757, 0, 0, 0),
(1017, 1164, 6, 1, 0, 0, 10, 11, 11, 11, 8732, 0, 4, 0),
(1018, 1164, 6, 0, 0, 0, 0, 0, 0, 0, 0, 0, 1, 0),
(1019, 1164, 9, 1, 0, 0, 0, 0, 0, 0, 8760, 0, 0, 0),
(1020, 1168, 2, 1, 0, 0, 2, 2, 2, 2, 8744, 1, 5, 0),
(1021, 1168, 3, 1, 0, 0, 0, 0, 0, 0, 8760, 0, 0, 0),
(1022, 1168, 6, 2, 5, 5, 11, 11, 11, 11, 8556, 1, 1, 0),
(1023, 1168, 10, 1, 0, 0, 0, 0, 0, 0, 8760, 0, 2, 0),
(1024, 1177, 3, 1, 0, 0, 0, 0, 0, 0, 8760, 1, 1, 0),
(1025, 1178, 4, 1, 0, 0, 0, 0, 0, 0, 8760, 0, 0, 0),
(1026, 1178, 5, 1, 0, 0, 0, 0, 0, 0, 8760, 1, 0, 0),
(1027, 1178, 6, 1, 5, 5, 5, 5, 5, 5, 8739, 0, 3, 0),
(1028, 1178, 9, 1, 0, 0, 0, 0, 0, 0, 8760, 0, 0, 0),
(1029, 1185, 3, 1, 0, 0, 0, 0, 0, 0, 8760, 1, 0, 0),
(1030, 1185, 9, 1, 0, 0, 0, 0, 0, 0, 8760, 1, 0, 0),
(1031, 1187, 6, 2, 3, 3, 11, 11, 11, 11, 8734, 2, 5, 0),
(1032, 1196, 6, 1, 6, 6, 6, 6, 6, 6, 8724, 0, 3, 0),
(1033, 1196, 9, 1, 0, 0, 0, 0, 0, 0, 8760, 0, 0, 0),
(1034, 1196, 7, 1, 1, 1, 2, 2, 2, 2, 8759, 0, 0, 0),
(1035, 1197, 9, 1, 0, 0, 0, 0, 0, 0, 8760, 0, 1, 0),
(1036, 2210, 2, 0, 0, 0, 0, 0, 0, 0, 0, 0, 1, 0),
(1037, 1213, 2, 1, 0, 0, 7, 7, 7, 7, 8757, 0, 1, 0),
(1038, 1213, 3, 1, 0, 0, 0, 0, 0, 0, 8760, 0, 0, 0),
(1039, 1213, 6, 1, 0, 0, 8, 8, 8, 8, 8755, 0, 0, 0),
(1040, 1206, 2, 1, 0, 0, 0, 0, 0, 0, 8760, 0, 0, 0),
(1041, 1206, 6, 1, 0, 0, 2, 3, 3, 3, 8750, 0, 0, 0),
(1042, 1230, 2, 1, 0, 0, 0, 0, 0, 0, 8760, 0, 1, 0),
(1043, 1240, 2, 1, 0, 0, 0, 0, 0, 0, 8760, 0, 2, 0),
(1044, 1240, 3, 1, 0, 0, 0, 0, 0, 0, 8760, 0, 0, 0),
(1045, 1240, 5, 1, 0, 0, 0, 0, 0, 0, 8760, 0, 0, 0),
(1046, 1240, 6, 1, 4, 4, 5, 5, 5, 5, 8755, 0, 6, 0),
(1047, 1240, 9, 1, 0, 0, 0, 0, 0, 0, 8760, 0, 0, 0),
(1048, 1256, 2, 0, 0, 0, 0, 0, 0, 0, 0, 0, 0, 6),
(1049, 1256, 6, 1, 0, 0, 9, 9, 9, 9, 8717, 1, 0, 0),
(1050, 1274, 2, 2, 0, 0, 0, 0, 0, 0, 8760, 0, 0, 0),
(1051, 1274, 3, 1, 0, 0, 0, 0, 0, 0, 8760, 0, 0, 0),
(1052, 1274, 6, 2, 0, 0, 0, 0, 0, 0, 8760, 2, 1, 0),
(1053, 1274, 9, 2, 0, 0, 0, 0, 0, 0, 8760, 0, 0, 0),
(1054, 1290, 2, 0, 0, 0, 0, 0, 0, 0, 0, 0, 1, 0),
(1055, 1290, 5, 0, 0, 0, 0, 0, 0, 0, 0, 0, 1, 0),
(1056, 19, 6, 1, 0, 0, 2, 3, 2, 3, 8755, 0, 5, 0),
(1057, 1296, 5, 0, 0, 0, 0, 0, 0, 0, 0, 1, 2, 0);
INSERT INTO `tbl_clinic_device` (`id`, `Clinic_Id`, `Device_Id`, `Quantity`, `U_W_AVG_Repair_Time_12_h`, `U_W_AVG_Repair_Time`, `AVG_Repair_Time_12_h`, `AVG_Repair_Time_All`, `First_Time_Call`, `Total_Repair_Calls_All`, `Up_Time`, `Doctors_Trained`, `Nurses_Trained`, `E_Learning_Course_Delivered`) VALUES
(1058, 28, 6, 1, 6, 7, 9, 10, 10, 10, 8735, 0, 2, 0),
(1059, 38, 2, 3, 1, 1, 1, 1, 1, 1, 8734, 1, 0, 0),
(1060, 38, 6, 3, 10, 10, 14, 14, 14, 14, 8741, 1, 0, 0),
(1061, 42, 3, 4, 0, 0, 0, 0, 0, 0, 8760, 0, 1, 0),
(1062, 42, 4, 1, 0, 0, 0, 0, 0, 0, 8760, 1, 0, 0),
(1063, 42, 9, 2, 0, 0, 0, 0, 0, 0, 8760, 0, 0, 0),
(1064, 56, 2, 0, 0, 0, 0, 0, 0, 0, 0, 0, 0, 1),
(1065, 56, 3, 1, 0, 0, 0, 0, 0, 0, 8760, 1, 1, 0),
(1066, 56, 5, 1, 0, 0, 1, 1, 1, 1, 8743, 1, 6, 0),
(1067, 56, 6, 0, 0, 0, 4, 4, 4, 4, 8758, 0, 1, 0),
(1068, 56, 9, 1, 0, 0, 0, 0, 0, 0, 8760, 1, 1, 0),
(1069, 56, 10, 1, 3, 3, 3, 3, 3, 3, 8747, 0, 0, 0),
(1070, 2211, 2, 0, 0, 0, 0, 0, 0, 0, 0, 0, 1, 0),
(1071, 2211, 2, 0, 0, 0, 0, 0, 0, 0, 0, 0, 1, 0),
(1072, 2211, 6, 0, 0, 0, 0, 0, 0, 0, 0, 0, 1, 0),
(1073, 2211, 6, 0, 0, 0, 0, 0, 0, 0, 0, 0, 1, 0),
(1074, 71, 6, 1, 0, 0, 5, 5, 5, 5, 8737, 2, 5, 0),
(1075, 73, 6, 1, 2, 2, 7, 7, 7, 7, 8741, 1, 6, 0),
(1076, 73, 9, 1, 0, 0, 0, 0, 0, 0, 8760, 1, 0, 0),
(1077, 75, 6, 1, 1, 1, 1, 1, 1, 1, 8739, 0, 0, 0),
(1078, 102, 2, 1, 0, 0, 0, 0, 0, 0, 8760, 0, 0, 1),
(1079, 91, 2, 1, 1, 1, 1, 1, 1, 1, 8737, 0, 0, 0),
(1080, 122, 6, 1, 4, 4, 4, 4, 4, 4, 8758, 0, 1, 0),
(1081, 1449, 3, 0, 0, 0, 1, 1, 1, 1, 8726, 0, 0, 0),
(1082, 141, 2, 1, 0, 0, 0, 0, 0, 0, 8760, 0, 0, 0),
(1083, 141, 3, 1, 0, 0, 0, 0, 0, 0, 8760, 0, 0, 0),
(1084, 141, 6, 1, 2, 2, 3, 3, 3, 3, 8726, 0, 0, 0),
(1085, 143, 2, 1, 3, 3, 3, 3, 3, 3, 8752, 0, 2, 0),
(1086, 143, 6, 1, 6, 6, 9, 9, 9, 9, 8748, 0, 0, 0),
(1087, 1467, 5, 0, 0, 0, 0, 0, 0, 0, 0, 2, 0, 0),
(1088, 1467, 9, 0, 0, 0, 0, 0, 0, 0, 0, 1, 0, 0),
(1089, 157, 2, 1, 3, 3, 3, 3, 3, 3, 8748, 0, 0, 2),
(1090, 172, 9, 1, 1, 1, 1, 1, 1, 1, 8738, 0, 0, 0),
(1091, 182, 2, 1, 0, 0, 0, 0, 0, 0, 8760, 0, 5, 2),
(1092, 182, 3, 1, 0, 0, 0, 0, 0, 0, 8760, 0, 0, 0),
(1093, 182, 5, 1, 0, 0, 0, 0, 0, 0, 8760, 0, 2, 0),
(1094, 182, 6, 2, 16, 16, 16, 16, 16, 16, 8746, 0, 0, 0),
(1095, 182, 9, 1, 0, 0, 0, 0, 0, 0, 8760, 0, 0, 0),
(1096, 182, 7, 1, 3, 3, 3, 3, 3, 3, 8748, 0, 0, 0),
(1097, 182, 10, 1, 0, 0, 0, 0, 0, 0, 8760, 0, 3, 0),
(1098, 2212, 5, 0, 0, 0, 1, 1, 1, 1, 0, 0, 0, 0),
(1099, 202, 2, 1, 0, 0, 0, 0, 0, 0, 8760, 2, 0, 0),
(1100, 202, 4, 1, 0, 0, 0, 0, 0, 0, 8760, 1, 0, 0),
(1101, 202, 6, 1, 9, 9, 9, 9, 9, 9, 8739, 0, 0, 0),
(1102, 202, 9, 1, 0, 0, 0, 0, 0, 0, 8760, 2, 0, 0),
(1103, 202, 7, 1, 2, 2, 2, 2, 2, 2, 8752, 2, 0, 0),
(1104, 204, 2, 1, 0, 0, 0, 0, 0, 0, 8760, 0, 0, 2),
(1105, 204, 4, 1, 0, 0, 0, 0, 0, 0, 8760, 0, 0, 8),
(1106, 204, 5, 1, 0, 0, 0, 0, 0, 0, 8760, 0, 0, 3),
(1107, 204, 6, 1, 0, 0, 0, 0, 0, 0, 8760, 0, 0, 0),
(1108, 204, 9, 1, 0, 0, 0, 0, 0, 0, 8760, 0, 0, 4),
(1109, 204, 7, 1, 1, 1, 1, 1, 1, 1, 8760, 0, 0, 0),
(1110, 219, 3, 1, 0, 0, 0, 0, 0, 0, 8760, 0, 0, 0),
(1111, 219, 5, 1, 1, 1, 1, 1, 1, 1, 8756, 0, 0, 0),
(1112, 219, 9, 1, 0, 0, 0, 0, 0, 0, 8760, 0, 0, 0),
(1113, 261, 10, 1, 0, 0, 0, 0, 0, 0, 8760, 0, 5, 0),
(1114, 264, 3, 1, 1, 1, 1, 1, 1, 1, 8760, 0, 0, 0),
(1115, 266, 2, 1, 0, 0, 0, 0, 0, 0, 8760, 0, 1, 2),
(1116, 266, 3, 1, 0, 0, 0, 0, 0, 0, 8760, 0, 1, 1),
(1117, 266, 6, 1, 0, 0, 0, 0, 0, 0, 8760, 0, 3, 0),
(1118, 2213, 2, 0, 0, 0, 0, 0, 0, 0, 0, 0, 0, 1),
(1119, 2213, 6, 0, 0, 0, 2, 2, 2, 2, 8756, 0, 0, 1),
(1120, 263, 6, 2, 0, 0, 0, 0, 0, 0, 8760, 1, 2, 0),
(1121, 263, 10, 1, 0, 0, 0, 0, 0, 0, 8760, 0, 2, 0),
(1122, 1137, 5, 1, 0, 0, 0, 0, 0, 0, 8760, 0, 0, 0),
(1123, 1101, 6, 1, 0, 0, 0, 0, 0, 0, 8760, 0, 0, 0),
(1124, 746, 4, 1, 0, 0, 0, 0, 0, 0, 8760, 0, 0, 0),
(1125, 746, 5, 1, 0, 0, 0, 0, 0, 0, 8760, 0, 0, 0),
(1126, 746, 6, 1, 0, 0, 0, 0, 0, 0, 8760, 0, 0, 0),
(1127, 741, 2, 1, 0, 0, 0, 0, 0, 0, 8760, 0, 0, 0),
(1128, 741, 5, 1, 0, 0, 0, 0, 0, 0, 8760, 0, 0, 0),
(1129, 1039, 2, 1, 0, 0, 0, 0, 0, 0, 8760, 0, 0, 0),
(1130, 1162, 9, 1, 0, 0, 0, 0, 0, 0, 8760, 0, 0, 0),
(1131, 1162, 8, 1, 0, 0, 0, 0, 0, 0, 8760, 0, 0, 0),
(1132, 1212, 3, 1, 0, 0, 0, 0, 0, 0, 8760, 0, 0, 0),
(1133, 1212, 9, 1, 0, 0, 0, 0, 0, 0, 8760, 0, 0, 0),
(1134, 1214, 8, 1, 0, 0, 0, 0, 0, 0, 8760, 0, 0, 0),
(1135, 740, 2, 1, 0, 0, 0, 0, 0, 0, 8760, 0, 0, 0),
(1136, 740, 9, 1, 0, 0, 0, 0, 0, 0, 8760, 0, 0, 0),
(1137, 1146, 4, 1, 0, 0, 0, 0, 0, 0, 8760, 0, 0, 0),
(1138, 230, 3, 1, 0, 0, 0, 0, 0, 0, 8760, 0, 0, 0),
(1139, 230, 6, 1, 0, 0, 0, 0, 0, 0, 8760, 0, 0, 0),
(1140, 776, 5, 1, 0, 0, 0, 0, 0, 0, 8760, 0, 0, 0),
(1141, 1036, 2, 1, 0, 0, 0, 0, 0, 0, 8760, 0, 0, 0),
(1142, 1036, 5, 1, 0, 0, 0, 0, 0, 0, 8760, 0, 0, 0),
(1143, 1036, 9, 1, 0, 0, 0, 0, 0, 0, 8760, 0, 0, 0),
(1144, 757, 2, 1, 0, 0, 0, 0, 0, 0, 8760, 0, 0, 0),
(1145, 757, 6, 1, 0, 0, 0, 0, 0, 0, 8760, 0, 0, 0),
(1146, 1114, 3, 1, 0, 0, 0, 0, 0, 0, 8760, 0, 0, 0),
(1147, 763, 3, 1, 0, 0, 0, 0, 0, 0, 8760, 0, 0, 0),
(1148, 762, 9, 1, 0, 0, 0, 0, 0, 0, 8760, 0, 0, 0),
(1149, 782, 2, 1, 0, 0, 0, 0, 0, 0, 8760, 0, 0, 0),
(1150, 782, 3, 1, 0, 0, 0, 0, 0, 0, 8760, 0, 0, 0),
(1151, 782, 6, 1, 0, 0, 0, 0, 0, 0, 8760, 0, 0, 0),
(1152, 16, 5, 1, 0, 0, 0, 0, 0, 0, 8760, 0, 0, 0),
(1153, 26, 3, 1, 0, 0, 0, 0, 0, 0, 8760, 0, 0, 0),
(1154, 265, 4, 1, 0, 0, 0, 0, 0, 0, 8760, 0, 0, 0),
(1155, 769, 2, 1, 0, 0, 0, 0, 0, 0, 8760, 0, 0, 0),
(1156, 769, 3, 1, 0, 0, 0, 0, 0, 0, 8760, 0, 0, 0),
(1157, 1074, 9, 1, 0, 0, 0, 0, 0, 0, 8760, 0, 0, 0),
(1158, 753, 2, 1, 0, 0, 0, 0, 0, 0, 8760, 0, 0, 0),
(1159, 755, 2, 1, 0, 0, 0, 0, 0, 0, 8760, 0, 0, 0),
(1160, 755, 4, 1, 0, 0, 0, 0, 0, 0, 8760, 0, 0, 0),
(1161, 739, 2, 1, 0, 0, 0, 0, 0, 0, 8760, 0, 0, 0),
(1162, 750, 2, 1, 0, 0, 0, 0, 0, 0, 8760, 0, 0, 0),
(1163, 750, 3, 1, 0, 0, 0, 0, 0, 0, 8760, 0, 0, 0),
(1164, 750, 6, 1, 0, 0, 0, 0, 0, 0, 8760, 0, 0, 0),
(1165, 995, 2, 2, 0, 0, 0, 0, 0, 0, 8760, 0, 0, 0),
(1166, 778, 2, 1, 0, 0, 0, 0, 0, 0, 8760, 0, 0, 0),
(1167, 778, 6, 1, 0, 0, 0, 0, 0, 0, 8760, 0, 0, 0),
(1168, 749, 2, 1, 0, 0, 0, 0, 0, 0, 8760, 0, 0, 0),
(1169, 775, 2, 1, 0, 0, 0, 0, 0, 0, 8760, 0, 0, 0),
(1170, 788, 4, 1, 0, 0, 0, 0, 0, 0, 8760, 0, 0, 0),
(1171, 761, 2, 1, 0, 0, 0, 0, 0, 0, 8760, 0, 0, 0),
(1172, 774, 6, 2, 0, 0, 0, 0, 0, 0, 8760, 0, 0, 0),
(1173, 1019, 2, 1, 0, 0, 0, 0, 0, 0, 8760, 0, 0, 0),
(1174, 1019, 6, 2, 0, 0, 0, 0, 0, 0, 8760, 0, 0, 0),
(1175, 1010, 2, 1, 0, 0, 0, 0, 0, 0, 8760, 0, 0, 0),
(1176, 1010, 3, 1, 0, 0, 0, 0, 0, 0, 8760, 0, 0, 0),
(1177, 1010, 6, 1, 0, 0, 0, 0, 0, 0, 8760, 0, 0, 0),
(1178, 787, 4, 1, 0, 0, 0, 0, 0, 0, 8760, 0, 0, 0),
(1179, 1048, 6, 1, 0, 0, 0, 0, 0, 0, 8760, 0, 0, 0),
(1180, 1232, 9, 1, 0, 0, 0, 0, 0, 0, 8760, 0, 0, 0),
(1181, 759, 2, 1, 0, 0, 0, 0, 0, 0, 8760, 0, 0, 0),
(1182, 796, 1, 1, 0, 0, 0, 0, 0, 0, 8760, 0, 2, 2),
(1183, 796, 2, 1, 0, 0, 0, 0, 0, 0, 8760, 0, 2, 2),
(1184, 796, 10, 1, 0, 0, 0, 0, 0, 0, 8760, 1, 1, 0),
(1185, 797, 1, 1, 0, 0, 0, 0, 0, 0, 8760, 0, 3, 0),
(1186, 798, 2, 3, 0, 0, 2, 2, 2, 2, 8752, 1, 0, 2),
(1187, 798, 2, 0, 0, 0, 0, 0, 0, 0, 0, 1, 0, 0),
(1188, 799, 1, 2, 1, 1, 1, 1, 1, 1, 8758, 0, 11, 16),
(1189, 799, 2, 1, 0, 0, 0, 0, 0, 0, 8760, 0, 0, 0),
(1190, 799, 9, 3, 5, 5, 5, 5, 5, 5, 8755, 0, 0, 1),
(1191, 799, 9, 0, 0, 0, 0, 0, 0, 0, 0, 1, 0, 0),
(1192, 799, 7, 1, 1, 1, 1, 1, 1, 1, 8706, 0, 0, 0),
(1193, 801, 1, 1, 0, 0, 0, 0, 0, 0, 8760, 0, 4, 1),
(1194, 803, 1, 0, 0, 0, 0, 0, 0, 0, 0, 0, 4, 3),
(1195, 803, 2, 1, 0, 0, 0, 0, 0, 0, 8760, 2, 0, 0),
(1196, 1922, 1, 0, 0, 0, 0, 0, 0, 0, 0, 0, 1, 1),
(1197, 1922, 2, 0, 0, 0, 0, 0, 0, 0, 0, 0, 1, 1),
(1198, 1053, 1, 1, 0, 0, 1, 2, 1, 2, 8752, 0, 0, 0),
(1199, 1973, 3, 0, 0, 0, 0, 0, 0, 0, 0, 3, 0, 1),
(1200, 2048, 3, 0, 0, 0, 0, 0, 0, 0, 0, 2, 0, 5),
(1201, 1202, 2, 1, 0, 0, 0, 0, 0, 0, 8760, 1, 7, 0),
(1202, 2131, 2, 0, 0, 0, 0, 0, 0, 0, 0, 1, 3, 1),
(1203, 1207, 1, 1, 0, 0, 0, 0, 0, 0, 8760, 1, 2, 3),
(1204, 1207, 5, 1, 0, 0, 0, 0, 0, 0, 8760, 0, 0, 0),
(1205, 1207, 9, 1, 0, 0, 0, 0, 0, 0, 8760, 1, 0, 0),
(1206, 1208, 1, 1, 1, 1, 1, 1, 1, 1, 8760, 0, 1, 5),
(1207, 1208, 1, 0, 0, 0, 0, 0, 0, 0, 0, 1, 0, 0),
(1208, 2148, 1, 0, 0, 0, 0, 0, 0, 0, 0, 0, 3, 2),
(1209, 2148, 2, 0, 0, 0, 0, 0, 0, 0, 0, 1, 0, 0),
(1210, 2152, 2, 0, 0, 0, 0, 0, 0, 0, 0, 1, 0, 0),
(1211, 2152, 2, 0, 0, 0, 1, 1, 1, 1, 8754, 0, 3, 1),
(1212, 1223, 1, 1, 0, 0, 4, 4, 4, 4, 8758, 2, 7, 2),
(1213, 1223, 2, 1, 0, 0, 0, 0, 0, 0, 8760, 1, 2, 2),
(1214, 1223, 9, 1, 0, 0, 0, 0, 0, 0, 8760, 2, 0, 1),
(1215, 1246, 1, 2, 5, 6, 8, 9, 9, 9, 8746, 2, 7, 5),
(1216, 1246, 2, 1, 0, 0, 2, 2, 2, 2, 8756, 2, 5, 5),
(1217, 1246, 3, 1, 0, 0, 0, 0, 0, 0, 8760, 0, 0, 0),
(1218, 1246, 9, 1, 0, 0, 0, 0, 0, 0, 8760, 1, 0, 1),
(1219, 1267, 5, 1, 1, 1, 1, 1, 1, 1, 8759, 1, 0, 1),
(1220, 1, 1, 1, 3, 3, 3, 3, 3, 3, 8756, 0, 1, 2),
(1221, 23, 1, 2, 1, 1, 1, 1, 1, 1, 8749, 1, 4, 3),
(1222, 23, 2, 1, 0, 0, 0, 0, 0, 0, 8760, 1, 0, 2),
(1223, 1328, 1, 0, 0, 0, 0, 0, 0, 0, 0, 0, 1, 1),
(1224, 65, 1, 1, 2, 2, 2, 2, 2, 2, 8684, 1, 3, 5),
(1225, 65, 2, 1, 2, 2, 2, 2, 2, 2, 8757, 1, 2, 4),
(1226, 115, 2, 1, 2, 2, 2, 2, 2, 2, 8753, 2, 2, 9),
(1227, 117, 1, 1, 5, 5, 5, 5, 5, 5, 8754, 0, 3, 3),
(1228, 117, 2, 1, 1, 1, 1, 1, 1, 1, 8759, 1, 3, 4),
(1229, 2214, 3, 0, 0, 0, 0, 0, 0, 0, 0, 1, 0, 1),
(1230, 1435, 9, 0, 0, 0, 0, 0, 0, 0, 0, 1, 0, 1),
(1231, 134, 9, 1, 1, 1, 1, 1, 1, 1, 8760, 1, 0, 1),
(1232, 2215, 3, 0, 0, 0, 0, 0, 0, 0, 0, 2, 0, 2),
(1233, 140, 1, 2, 2, 2, 4, 4, 4, 4, 8699, 0, 0, 0),
(1234, 201, 1, 1, 0, 0, 0, 0, 0, 0, 8760, 0, 4, 8),
(1235, 201, 2, 1, 0, 0, 0, 0, 0, 0, 8760, 2, 0, 3),
(1236, 201, 3, 1, 1, 1, 1, 1, 1, 1, 8758, 2, 0, 1),
(1237, 188, 7, 1, 1, 1, 1, 1, 1, 1, 8760, 0, 0, 0),
(1238, 188, 10, 1, 0, 0, 0, 0, 0, 0, 8760, 0, 0, 0),
(1239, 208, 2, 1, 0, 0, 0, 0, 0, 0, 8760, 2, 0, 2),
(1240, 270, 1, 3, 1, 1, 1, 1, 1, 1, 8760, 0, 0, 0),
(1241, 270, 2, 1, 0, 0, 0, 0, 0, 0, 8760, 0, 0, 0),
(1242, 1605, 2, 0, 3, 3, 3, 3, 3, 3, 0, 0, 0, 0),
(1243, 802, 1, 1, 0, 0, 0, 0, 0, 0, 8760, 0, 0, 0),
(1244, 802, 9, 1, 0, 0, 0, 0, 0, 0, 8760, 0, 0, 0),
(1245, 999, 3, 1, 0, 0, 0, 0, 0, 0, 8760, 0, 0, 0),
(1246, 1129, 3, 1, 0, 0, 0, 0, 0, 0, 8760, 0, 0, 0),
(1247, 800, 1, 1, 0, 0, 0, 0, 0, 0, 8760, 0, 0, 0),
(1248, 2216, 1, 0, 0, 0, 1, 1, 1, 1, 0, 0, 0, 0),
(1249, 804, 1, 16, 3, 4, 24, 25, 24, 25, 8746, 2, 0, 1),
(1250, 804, 2, 3, 0, 0, 2, 2, 2, 2, 8752, 4, 0, 3),
(1251, 804, 5, 1, 0, 0, 0, 0, 0, 0, 8760, 2, 0, 2),
(1252, 804, 7, 0, 0, 0, 1, 1, 1, 1, 0, 0, 0, 0),
(1253, 805, 3, 1, 0, 0, 0, 0, 0, 0, 8760, 10, 0, 5),
(1254, 806, 1, 1, 0, 0, 2, 2, 2, 2, 8754, 1, 6, 3),
(1255, 806, 3, 1, 0, 0, 0, 0, 0, 0, 8760, 2, 0, 2),
(1256, 807, 1, 2, 0, 0, 3, 4, 4, 4, 8726, 0, 0, 0),
(1257, 807, 2, 1, 0, 0, 1, 1, 1, 1, 8740, 0, 0, 0),
(1258, 807, 5, 1, 0, 0, 1, 1, 1, 1, 8750, 0, 0, 0),
(1259, 808, 1, 1, 0, 0, 2, 2, 2, 2, 8757, 0, 0, 0),
(1260, 808, 4, 1, 0, 0, 0, 0, 0, 0, 8760, 0, 0, 0),
(1261, 809, 1, 3, 0, 0, 3, 4, 3, 4, 8749, 0, 0, 0),
(1262, 809, 2, 1, 0, 0, 0, 0, 0, 0, 8760, 0, 0, 0),
(1263, 812, 1, 2, 0, 0, 3, 3, 3, 3, 8753, 0, 0, 0),
(1264, 812, 2, 1, 0, 0, 2, 2, 2, 2, 8741, 0, 3, 0),
(1265, 813, 1, 1, 0, 0, 0, 0, 0, 0, 8760, 0, 2, 2),
(1266, 813, 2, 1, 0, 0, 0, 0, 0, 0, 8760, 0, 3, 3),
(1267, 814, 1, 5, 0, 0, 15, 17, 15, 17, 8737, 0, 0, 0),
(1268, 814, 2, 1, 0, 0, 1, 1, 1, 1, 8712, 1, 0, 0),
(1269, 814, 4, 1, 0, 0, 0, 0, 0, 0, 8760, 1, 0, 2),
(1270, 814, 9, 1, 0, 0, 0, 0, 0, 0, 8760, 2, 0, 2),
(1271, 817, 1, 3, 0, 0, 7, 8, 7, 8, 8753, 0, 0, 0),
(1272, 817, 2, 1, 0, 0, 0, 0, 0, 0, 8760, 0, 0, 0),
(1273, 817, 4, 1, 0, 0, 0, 0, 0, 0, 8760, 0, 0, 0),
(1274, 818, 1, 4, 0, 0, 9, 9, 9, 9, 8731, 0, 1, 0),
(1275, 818, 2, 1, 0, 0, 1, 1, 1, 1, 8750, 0, 0, 0),
(1276, 819, 1, 3, 0, 0, 13, 13, 13, 13, 8708, 3, 20, 0),
(1277, 819, 2, 1, 0, 0, 0, 0, 0, 0, 8760, 2, 10, 0),
(1278, 820, 1, 4, 0, 0, 0, 0, 0, 0, 8760, 0, 0, 0),
(1279, 820, 2, 1, 0, 0, 0, 0, 0, 0, 8760, 0, 0, 0),
(1280, 820, 3, 2, 0, 0, 1, 1, 1, 1, 8750, 2, 0, 0),
(1281, 822, 1, 9, 6, 7, 11, 12, 11, 12, 8722, 3, 6, 0),
(1282, 822, 3, 1, 0, 0, 1, 1, 1, 1, 8749, 2, 0, 1),
(1283, 823, 1, 6, 1, 1, 8, 8, 8, 8, 8748, 0, 0, 0),
(1284, 823, 2, 1, 0, 0, 2, 2, 2, 2, 8743, 0, 0, 0),
(1285, 824, 1, 5, 0, 0, 14, 15, 14, 15, 8732, 5, 24, 3),
(1286, 824, 2, 3, 0, 0, 19, 20, 19, 20, 8750, 7, 22, 4),
(1287, 824, 4, 1, 0, 0, 0, 0, 0, 0, 8760, 7, 0, 2),
(1288, 824, 5, 1, 0, 0, 1, 1, 1, 1, 8749, 7, 0, 0),
(1289, 825, 1, 3, 0, 0, 6, 8, 7, 8, 8749, 1, 9, 1),
(1290, 825, 2, 1, 0, 0, 1, 2, 1, 2, 8748, 1, 3, 2),
(1291, 825, 3, 1, 0, 0, 0, 0, 0, 0, 8760, 2, 0, 1),
(1292, 825, 9, 1, 0, 0, 0, 0, 0, 0, 8760, 1, 0, 2),
(1293, 826, 1, 11, 0, 0, 29, 29, 29, 29, 8723, 6, 22, 2),
(1294, 826, 9, 2, 1, 2, 1, 2, 2, 2, 8684, 11, 0, 2),
(1295, 827, 1, 3, 0, 0, 4, 4, 4, 4, 8755, 0, 0, 0),
(1296, 828, 1, 4, 1, 1, 9, 9, 9, 9, 8760, 1, 9, 16),
(1297, 828, 2, 1, 0, 0, 0, 0, 0, 0, 8760, 1, 2, 0),
(1298, 829, 1, 2, 0, 0, 4, 4, 4, 4, 8711, 2, 0, 0),
(1299, 829, 2, 1, 0, 0, 0, 0, 0, 0, 8760, 1, 0, 0),
(1300, 829, 3, 1, 0, 0, 0, 0, 0, 0, 8760, 1, 0, 0),
(1301, 829, 5, 1, 0, 0, 0, 0, 0, 0, 8760, 2, 0, 0),
(1302, 830, 1, 4, 2, 2, 9, 10, 9, 10, 8748, 2, 17, 2),
(1303, 830, 2, 1, 0, 0, 0, 0, 0, 0, 8760, 4, 4, 0),
(1304, 830, 5, 1, 0, 0, 0, 0, 0, 0, 8760, 2, 0, 1),
(1305, 831, 1, 13, 3, 5, 33, 36, 33, 36, 8740, 4, 30, 32),
(1306, 831, 2, 3, 0, 0, 5, 5, 5, 5, 8752, 3, 5, 2),
(1307, 831, 3, 2, 0, 0, 0, 0, 0, 0, 8760, 4, 0, 3),
(1308, 831, 3, 0, 0, 0, 0, 0, 0, 0, 0, 1, 0, 0),
(1309, 831, 9, 1, 0, 0, 0, 0, 0, 0, 8760, 9, 0, 1),
(1310, 832, 1, 2, 0, 0, 1, 1, 1, 1, 8757, 0, 8, 0),
(1311, 832, 2, 1, 0, 0, 1, 1, 1, 1, 8752, 1, 1, 1),
(1312, 833, 1, 5, 0, 0, 16, 16, 16, 16, 8723, 0, 5, 1),
(1313, 833, 2, 1, 0, 0, 2, 2, 2, 2, 8744, 2, 3, 2),
(1314, 833, 4, 1, 0, 0, 0, 0, 0, 0, 8760, 2, 0, 4),
(1315, 833, 5, 1, 0, 0, 0, 0, 0, 0, 8760, 2, 0, 1),
(1316, 833, 9, 1, 0, 0, 0, 0, 0, 0, 8760, 1, 0, 1),
(1317, 834, 2, 1, 0, 0, 1, 1, 1, 1, 8745, 6, 7, 0),
(1318, 1078, 9, 1, 0, 0, 0, 0, 0, 0, 8760, 6, 9, 5),
(1319, 992, 1, 1, 0, 0, 2, 2, 2, 2, 8754, 1, 5, 0),
(1320, 992, 2, 1, 0, 0, 2, 2, 2, 2, 8753, 2, 6, 0),
(1321, 992, 3, 1, 0, 0, 0, 0, 0, 0, 8760, 0, 0, 0),
(1322, 1086, 1, 1, 0, 0, 4, 4, 4, 4, 8755, 2, 7, 2),
(1323, 1086, 2, 2, 1, 1, 2, 2, 2, 2, 8742, 5, 15, 3),
(1324, 1086, 3, 1, 0, 0, 2, 2, 2, 2, 8746, 3, 6, 1),
(1325, 1012, 1, 3, 0, 0, 4, 4, 4, 4, 8737, 0, 7, 2),
(1326, 1012, 2, 3, 0, 0, 0, 0, 0, 0, 8760, 0, 4, 0),
(1327, 1012, 3, 1, 0, 0, 1, 1, 1, 1, 8745, 2, 0, 0),
(1328, 1012, 4, 1, 0, 0, 0, 0, 0, 0, 8760, 1, 0, 0),
(1329, 1012, 5, 1, 0, 0, 0, 0, 0, 0, 8760, 4, 0, 1),
(1330, 1012, 9, 1, 0, 0, 0, 0, 0, 0, 8760, 2, 0, 0),
(1331, 835, 1, 1, 0, 0, 0, 0, 0, 0, 8760, 1, 0, 0),
(1332, 835, 2, 1, 0, 0, 0, 0, 0, 0, 8760, 1, 8, 0),
(1333, 836, 1, 6, 2, 2, 16, 16, 16, 16, 8749, 0, 9, 11),
(1334, 836, 2, 2, 0, 0, 2, 2, 2, 2, 8748, 2, 9, 10),
(1335, 836, 3, 1, 0, 0, 0, 0, 0, 0, 8760, 2, 0, 1),
(1336, 836, 4, 1, 0, 0, 0, 0, 0, 0, 8760, 1, 0, 0),
(1337, 836, 5, 1, 0, 0, 0, 0, 0, 0, 8760, 1, 0, 1),
(1338, 836, 9, 1, 0, 0, 1, 1, 1, 1, 8750, 2, 0, 1),
(1339, 837, 1, 1, 0, 0, 1, 1, 1, 1, 8737, 0, 0, 0),
(1340, 838, 2, 1, 0, 0, 2, 2, 2, 2, 8755, 1, 10, 0),
(1341, 839, 1, 2, 0, 0, 2, 2, 2, 2, 8749, 0, 0, 0),
(1342, 839, 2, 1, 0, 0, 0, 0, 0, 0, 8760, 2, 0, 0),
(1343, 839, 4, 1, 0, 0, 0, 0, 0, 0, 8760, 1, 0, 0),
(1344, 839, 5, 1, 0, 0, 0, 0, 0, 0, 8760, 2, 0, 0),
(1345, 840, 1, 1, 0, 0, 0, 0, 0, 0, 8760, 1, 14, 0),
(1346, 841, 3, 1, 0, 0, 3, 3, 3, 3, 8740, 0, 0, 0),
(1347, 842, 1, 3, 0, 0, 4, 5, 4, 5, 8745, 1, 8, 0),
(1348, 842, 2, 1, 0, 0, 0, 0, 0, 0, 8760, 2, 0, 1),
(1349, 843, 2, 1, 0, 0, 0, 0, 0, 0, 8760, 2, 1, 1),
(1350, 843, 3, 1, 0, 0, 0, 0, 0, 0, 8760, 1, 0, 0),
(1351, 843, 9, 1, 0, 0, 0, 0, 0, 0, 8760, 3, 0, 1),
(1352, 845, 1, 1, 0, 0, 0, 0, 0, 0, 8760, 3, 9, 1),
(1353, 845, 2, 1, 0, 0, 1, 1, 1, 1, 8741, 4, 9, 3),
(1354, 845, 7, 1, 1, 1, 2, 2, 2, 2, 8740, 3, 6, 0),
(1355, 2217, 1, 0, 3, 3, 4, 4, 4, 4, 8750, 4, 2, 1),
(1356, 2217, 2, 0, 0, 0, 0, 0, 0, 0, 0, 4, 2, 0),
(1357, 2217, 3, 0, 0, 0, 0, 0, 0, 0, 0, 6, 0, 2),
(1358, 1156, 1, 1, 1, 1, 1, 1, 1, 1, 8752, 2, 2, 0),
(1359, 1156, 2, 1, 0, 0, 0, 0, 0, 0, 8760, 2, 4, 0),
(1360, 1176, 1, 7, 24, 26, 48, 50, 49, 50, 8746, 0, 17, 1),
(1361, 1176, 2, 1, 0, 0, 2, 2, 2, 2, 8740, 3, 20, 1),
(1362, 1176, 3, 1, 0, 0, 0, 0, 0, 0, 8760, 2, 0, 1),
(1363, 1176, 7, 1, 3, 3, 3, 3, 3, 3, 8754, 2, 10, 0),
(1364, 1186, 2, 1, 0, 0, 0, 0, 0, 0, 8760, 1, 0, 1),
(1365, 1209, 1, 2, 0, 0, 2, 2, 2, 2, 8741, 4, 8, 1),
(1366, 1209, 2, 1, 0, 0, 2, 2, 2, 2, 8747, 4, 11, 2),
(1367, 1231, 1, 2, 1, 1, 1, 1, 1, 1, 8751, 1, 2, 5),
(1368, 1231, 2, 1, 1, 1, 1, 1, 1, 1, 8722, 1, 4, 1),
(1369, 1245, 1, 2, 7, 8, 11, 12, 11, 12, 8715, 3, 4, 1),
(1370, 1245, 2, 1, 0, 0, 0, 0, 0, 0, 8760, 4, 4, 1),
(1371, 1245, 3, 1, 0, 0, 0, 0, 0, 0, 8760, 3, 0, 0),
(1372, 1245, 9, 0, 0, 0, 0, 0, 0, 0, 0, 0, 0, 1),
(1373, 1260, 1, 5, 6, 6, 7, 7, 7, 7, 8741, 2, 5, 0),
(1374, 1260, 2, 1, 0, 0, 0, 0, 0, 0, 8760, 4, 4, 0),
(1375, 1260, 3, 1, 0, 0, 1, 1, 1, 1, 8722, 4, 0, 0),
(1376, 1260, 5, 1, 0, 0, 0, 0, 0, 0, 8760, 3, 0, 0),
(1377, 1260, 9, 1, 1, 1, 1, 1, 1, 1, 8721, 3, 0, 2),
(1378, 1275, 1, 2, 9, 9, 18, 18, 18, 18, 8745, 3, 8, 0),
(1379, 1275, 2, 1, 0, 0, 6, 6, 6, 6, 8745, 3, 0, 0),
(1380, 1275, 3, 1, 0, 0, 0, 0, 0, 0, 8760, 4, 0, 0),
(1381, 1275, 9, 1, 0, 0, 0, 0, 0, 0, 8760, 5, 0, 0),
(1382, 5, 1, 1, 5, 5, 16, 16, 16, 16, 8751, 1, 0, 0),
(1383, 5, 2, 0, 0, 0, 2, 2, 2, 2, 8742, 2, 6, 0),
(1384, 5, 3, 0, 0, 0, 0, 0, 0, 0, 0, 3, 0, 0),
(1385, 6, 1, 1, 1, 1, 2, 2, 2, 2, 8706, 0, 0, 0),
(1386, 6, 2, 1, 2, 2, 2, 2, 2, 2, 8757, 1, 4, 0),
(1387, 6, 7, 1, 6, 6, 6, 6, 6, 6, 8750, 1, 10, 0),
(1388, 2218, 1, 0, 6, 6, 6, 6, 6, 6, 8755, 0, 0, 0),
(1389, 2218, 3, 0, 0, 0, 0, 0, 0, 0, 0, 1, 0, 0),
(1390, 2218, 5, 0, 0, 0, 0, 0, 0, 0, 0, 0, 0, 1),
(1391, 52, 1, 1, 0, 0, 1, 1, 1, 1, 8748, 0, 0, 2),
(1392, 52, 2, 1, 0, 1, 2, 3, 2, 3, 8726, 1, 0, 4),
(1393, 52, 5, 1, 0, 0, 0, 0, 0, 0, 8760, 1, 0, 4),
(1394, 84, 1, 1, 0, 0, 0, 0, 0, 0, 8760, 1, 0, 1),
(1395, 84, 2, 1, 0, 0, 0, 0, 0, 0, 8760, 3, 2, 0),
(1396, 84, 3, 1, 0, 0, 0, 0, 0, 0, 8760, 1, 0, 0),
(1397, 85, 2, 1, 0, 0, 0, 0, 0, 0, 8760, 0, 3, 0),
(1398, 85, 3, 0, 0, 0, 0, 0, 0, 0, 0, 1, 2, 0),
(1399, 153, 1, 1, 0, 0, 0, 0, 0, 0, 8760, 0, 0, 3),
(1400, 153, 2, 1, 0, 0, 0, 0, 0, 0, 8760, 1, 1, 7),
(1401, 190, 1, 1, 0, 0, 0, 0, 0, 0, 8760, 1, 1, 2),
(1402, 190, 2, 1, 0, 0, 0, 0, 0, 0, 8760, 1, 2, 4),
(1403, 224, 1, 1, 0, 0, 0, 0, 0, 0, 8760, 1, 4, 2),
(1404, 233, 1, 1, 1, 1, 1, 1, 1, 1, 8760, 0, 0, 0),
(1405, 233, 2, 1, 0, 0, 0, 0, 0, 0, 8760, 1, 0, 1),
(1406, 233, 4, 1, 0, 0, 0, 0, 0, 0, 8760, 0, 0, 2),
(1407, 233, 5, 1, 0, 0, 0, 0, 0, 0, 8760, 0, 0, 0),
(1408, 233, 7, 1, 5, 5, 5, 5, 5, 5, 8760, 0, 0, 0),
(1409, 233, 10, 1, 0, 0, 0, 0, 0, 0, 8760, 0, 0, 0),
(1410, 234, 1, 1, 0, 0, 0, 0, 0, 0, 8760, 1, 4, 5),
(1411, 234, 3, 1, 0, 0, 1, 1, 1, 1, 8760, 1, 0, 1),
(1412, 238, 1, 2, 0, 0, 0, 0, 0, 0, 8760, 4, 5, 9),
(1413, 238, 2, 1, 0, 0, 0, 0, 0, 0, 8760, 3, 0, 3),
(1414, 267, 1, 1, 1, 1, 1, 1, 1, 1, 8760, 0, 1, 1),
(1415, 269, 2, 1, 1, 1, 1, 1, 1, 1, 8760, 1, 4, 5),
(1416, 142, 1, 1, 0, 0, 0, 0, 0, 0, 8760, 0, 0, 0),
(1417, 142, 2, 1, 0, 0, 0, 0, 0, 0, 8760, 0, 0, 0),
(1418, 142, 3, 1, 0, 0, 0, 0, 0, 0, 8760, 0, 0, 0),
(1419, 810, 1, 1, 0, 0, 0, 0, 0, 0, 8760, 0, 0, 0),
(1420, 811, 1, 1, 0, 0, 0, 0, 0, 0, 8760, 0, 0, 0),
(1421, 815, 1, 2, 0, 0, 0, 0, 0, 0, 8760, 0, 0, 0),
(1422, 821, 1, 2, 0, 0, 0, 0, 0, 0, 8760, 0, 0, 0),
(1423, 821, 2, 1, 0, 0, 0, 0, 0, 0, 8760, 0, 0, 0),
(1424, 816, 1, 1, 0, 0, 0, 0, 0, 0, 8760, 0, 0, 0),
(1425, 1143, 3, 1, 0, 0, 0, 0, 0, 0, 8760, 0, 0, 0),
(1426, 4, 1, 2, 0, 0, 0, 0, 0, 0, 8760, 0, 0, 0),
(1427, 4, 2, 1, 0, 0, 0, 0, 0, 0, 8760, 0, 0, 0),
(1428, 4, 3, 1, 0, 0, 0, 0, 0, 0, 8760, 0, 0, 0),
(1429, 1073, 4, 1, 0, 0, 0, 0, 0, 0, 8760, 0, 0, 0),
(1430, 844, 1, 1, 0, 0, 0, 0, 0, 0, 8760, 0, 0, 0),
(1431, 155, 5, 1, 0, 0, 0, 0, 0, 0, 8760, 0, 0, 0),
(1432, 247, 1, 1, 0, 0, 0, 0, 0, 0, 8760, 0, 0, 0),
(1433, 247, 5, 1, 0, 0, 0, 0, 0, 0, 8760, 0, 0, 0),
(1434, 215, 1, 1, 0, 0, 1, 2, 1, 2, 8445, 0, 0, 0),
(1435, 215, 2, 0, 0, 0, 0, 1, 0, 1, 8421, 0, 0, 0),
(1436, 215, 3, 1, 0, 0, 0, 0, 0, 0, 8760, 0, 0, 0),
(1437, 215, 4, 1, 0, 0, 0, 0, 0, 0, 8760, 0, 0, 0),
(1438, 255, 1, 1, 0, 0, 1, 1, 1, 1, 8756, 0, 0, 0),
(1439, 212, 1, 2, 0, 0, 1, 2, 1, 2, 8379, 0, 0, 0),
(1440, 212, 2, 1, 0, 0, 0, 1, 0, 1, 8274, 0, 0, 0),
(1441, 212, 3, 1, 0, 0, 0, 1, 0, 1, 8756, 0, 0, 0),
(1442, 2188, 2, 0, 0, 0, 1, 1, 1, 1, 8412, 0, 0, 0),
(1443, 192, 1, 1, 0, 0, 0, 0, 0, 0, 8760, 0, 0, 0),
(1444, 192, 2, 2, 0, 0, 0, 1, 0, 1, 8041, 0, 0, 0),
(1445, 192, 3, 2, 0, 0, 0, 0, 0, 0, 8760, 0, 0, 0),
(1446, 191, 1, 1, 0, 0, 3, 4, 3, 4, 8757, 0, 0, 0),
(1447, 191, 2, 1, 1, 1, 1, 1, 1, 1, 8748, 0, 0, 0),
(1448, 191, 4, 1, 0, 0, 0, 0, 0, 0, 8760, 0, 0, 0),
(1449, 217, 1, 1, 0, 0, 2, 2, 2, 2, 8640, 0, 0, 0),
(1450, 248, 9, 1, 0, 1, 0, 1, 0, 1, 8753, 0, 0, 0),
(1451, 251, 1, 9, 0, 0, 0, 0, 0, 0, 8760, 0, 0, 0),
(1452, 251, 2, 1, 0, 0, 0, 0, 0, 0, 8760, 0, 0, 0),
(1453, 251, 3, 1, 0, 0, 0, 0, 0, 0, 8760, 0, 0, 0),
(1454, 200, 1, 2, 0, 0, 0, 0, 0, 0, 8760, 0, 0, 0),
(1455, 196, 1, 2, 0, 0, 2, 2, 2, 2, 8745, 0, 0, 0),
(1456, 205, 1, 1, 1, 1, 1, 1, 1, 1, 8752, 0, 0, 0),
(1457, 220, 1, 10, 0, 0, 4, 4, 4, 4, 8617, 0, 0, 0),
(1458, 220, 2, 2, 0, 0, 0, 0, 0, 0, 8760, 0, 0, 0),
(1459, 220, 4, 2, 0, 0, 0, 0, 0, 0, 8760, 0, 0, 0),
(1460, 237, 1, 2, 0, 0, 0, 0, 0, 0, 8760, 0, 0, 0),
(1461, 237, 2, 1, 0, 0, 0, 0, 0, 0, 8760, 0, 0, 0),
(1462, 237, 4, 1, 0, 0, 1, 2, 1, 2, 8705, 0, 0, 0),
(1463, 198, 1, 4, 0, 0, 0, 0, 0, 0, 8760, 0, 0, 0),
(1464, 198, 2, 1, 0, 0, 0, 0, 0, 0, 8760, 0, 0, 0),
(1465, 222, 1, 1, 0, 0, 1, 2, 1, 2, 8442, 0, 0, 0),
(1466, 197, 1, 2, 0, 0, 1, 2, 1, 2, 8635, 0, 0, 0),
(1467, 197, 2, 1, 0, 0, 0, 0, 0, 0, 8760, 0, 0, 0),
(1468, 197, 4, 1, 0, 0, 0, 0, 0, 0, 8760, 0, 0, 0),
(1469, 216, 1, 1, 0, 0, 0, 0, 0, 0, 8760, 0, 0, 0),
(1470, 216, 4, 2, 0, 1, 0, 1, 0, 1, 7386, 0, 0, 0),
(1471, 164, 1, 2, 0, 0, 2, 4, 3, 4, 8757, 0, 0, 0),
(1472, 164, 3, 1, 0, 0, 0, 0, 0, 0, 8760, 0, 0, 0),
(1473, 164, 5, 1, 0, 0, 0, 0, 0, 0, 8760, 0, 0, 0),
(1474, 138, 1, 1, 0, 1, 0, 1, 1, 1, 8757, 0, 0, 0),
(1475, 138, 4, 0, 0, 1, 0, 1, 1, 1, 8757, 0, 0, 0),
(1476, 138, 7, 2, 0, 2, 0, 2, 0, 2, 8760, 0, 0, 0),
(1477, 53, 1, 1, 0, 0, 1, 1, 1, 1, 8755, 0, 0, 0),
(1478, 53, 9, 1, 0, 0, 0, 0, 0, 0, 8760, 0, 0, 0),
(1479, 82, 1, 4, 1, 1, 3, 3, 3, 3, 8750, 0, 0, 0),
(1480, 46, 1, 2, 0, 0, 6, 6, 6, 6, 8757, 0, 0, 0),
(1481, 46, 3, 1, 0, 0, 0, 0, 0, 0, 8760, 0, 0, 0),
(1482, 46, 4, 1, 0, 0, 0, 0, 0, 0, 8760, 0, 0, 0),
(1483, 232, 1, 1, 0, 0, 1, 1, 1, 1, 7436, 0, 0, 0),
(1484, 135, 1, 1, 0, 0, 0, 0, 0, 0, 8760, 0, 0, 0),
(1485, 1394, 1, 0, 0, 0, 1, 1, 1, 1, 8757, 0, 0, 0),
(1486, 1394, 2, 0, 0, 0, 1, 2, 1, 2, 8754, 0, 0, 0),
(1487, 163, 1, 3, 3, 3, 3, 3, 3, 3, 8743, 0, 0, 0),
(1488, 133, 1, 1, 0, 0, 2, 3, 2, 3, 8756, 0, 0, 0),
(1489, 133, 2, 1, 0, 0, 1, 1, 1, 1, 8757, 0, 0, 0),
(1490, 133, 4, 1, 0, 0, 2, 2, 2, 2, 8493, 0, 0, 0),
(1491, 2219, 1, 0, 0, 0, 1, 1, 1, 1, 0, 0, 0, 0),
(1492, 228, 3, 1, 0, 1, 0, 1, 0, 1, 8171, 0, 0, 0),
(1493, 228, 4, 1, 0, 0, 0, 0, 0, 0, 8760, 0, 0, 0),
(1494, 170, 1, 1, 0, 0, 0, 1, 0, 1, 7706, 0, 0, 0),
(1495, 170, 4, 1, 0, 1, 0, 1, 0, 1, 8517, 0, 0, 0),
(1496, 218, 1, 8, 0, 0, 8, 8, 8, 8, 8707, 0, 0, 0),
(1497, 218, 3, 1, 0, 0, 0, 0, 0, 0, 8760, 0, 0, 0),
(1498, 218, 4, 2, 2, 2, 2, 2, 2, 2, 8760, 0, 0, 0),
(1499, 181, 1, 1, 0, 0, 0, 0, 0, 0, 8760, 0, 0, 0),
(1500, 181, 4, 1, 0, 0, 0, 2, 0, 2, 8755, 0, 0, 0),
(1501, 2220, 1, 0, 0, 0, 1, 1, 1, 1, 8203, 0, 0, 0),
(1502, 252, 1, 3, 0, 0, 0, 0, 0, 0, 8760, 0, 0, 0),
(1503, 252, 4, 1, 0, 0, 0, 0, 0, 0, 8760, 0, 0, 0),
(1504, 29, 1, 1, 0, 0, 1, 3, 1, 3, 8756, 0, 0, 0),
(1505, 29, 2, 1, 0, 0, 0, 0, 0, 0, 8760, 0, 0, 0),
(1506, 107, 1, 8, 10, 11, 11, 12, 12, 12, 8738, 0, 0, 0),
(1507, 107, 2, 1, 0, 0, 0, 0, 0, 0, 8760, 0, 0, 0),
(1508, 107, 3, 1, 0, 0, 0, 0, 0, 0, 8760, 0, 0, 0),
(1509, 107, 4, 1, 0, 0, 0, 0, 0, 0, 8760, 0, 0, 0),
(1510, 107, 1, 0, 10, 11, 11, 12, 12, 12, 8352, 0, 0, 0),
(1511, 61, 1, 4, 0, 0, 0, 0, 0, 0, 8760, 0, 0, 0),
(1512, 61, 2, 1, 0, 0, 0, 0, 0, 0, 8760, 0, 0, 0),
(1513, 186, 1, 2, 0, 0, 1, 1, 1, 1, 8655, 0, 0, 0),
(1514, 186, 2, 1, 0, 0, 0, 0, 0, 0, 8760, 0, 0, 0),
(1515, 186, 4, 1, 0, 0, 0, 0, 0, 0, 8760, 0, 0, 0),
(1516, 186, 5, 1, 0, 0, 0, 0, 0, 0, 8760, 0, 0, 0),
(1517, 221, 1, 1, 0, 0, 0, 0, 0, 0, 8760, 0, 0, 0),
(1518, 272, 9, 1, 0, 0, 0, 0, 0, 0, 8760, 0, 0, 0),
(1519, 273, 1, 1, 0, 0, 2, 2, 2, 2, 8756, 0, 0, 0),
(1520, 274, 1, 1, 0, 0, 1, 2, 1, 2, 8754, 0, 0, 0),
(1521, 274, 2, 1, 0, 0, 1, 1, 1, 1, 8153, 0, 0, 0),
(1522, 275, 1, 6, 0, 0, 9, 10, 9, 10, 8755, 0, 0, 0),
(1523, 275, 2, 1, 0, 0, 1, 1, 1, 1, 8757, 0, 0, 0),
(1524, 275, 3, 1, 0, 0, 0, 0, 0, 0, 8760, 0, 0, 0),
(1525, 278, 1, 9, 0, 0, 11, 13, 11, 13, 8437, 0, 0, 0),
(1526, 278, 2, 5, 0, 0, 2, 3, 3, 3, 8756, 0, 0, 0),
(1527, 278, 4, 2, 0, 0, 0, 0, 0, 0, 8760, 0, 0, 0),
(1528, 278, 5, 1, 0, 0, 0, 0, 0, 0, 8760, 0, 0, 0),
(1529, 278, 9, 1, 0, 0, 0, 0, 0, 0, 8760, 0, 0, 0),
(1530, 1392, 1, 0, 0, 0, 0, 1, 0, 1, 8757, 0, 0, 0),
(1531, 283, 1, 1, 0, 0, 2, 2, 2, 2, 8754, 0, 0, 0),
(1532, 283, 2, 1, 0, 0, 0, 0, 0, 0, 8760, 0, 0, 0),
(1533, 2192, 1, 0, 2, 2, 2, 2, 2, 2, 8731, 0, 0, 0),
(1534, 2192, 2, 0, 1, 1, 1, 1, 1, 1, 8750, 0, 0, 0),
(1535, 285, 1, 2, 0, 0, 1, 1, 1, 1, 8716, 0, 0, 0),
(1536, 285, 2, 1, 0, 0, 0, 1, 0, 1, 8326, 0, 0, 0),
(1537, 287, 1, 2, 0, 0, 3, 3, 3, 3, 8733, 0, 0, 0),
(1538, 287, 2, 2, 0, 0, 0, 0, 0, 0, 8760, 0, 0, 0),
(1539, 288, 1, 1, 0, 0, 0, 0, 0, 0, 8760, 0, 0, 0),
(1540, 288, 2, 1, 0, 1, 0, 1, 0, 1, 8749, 0, 0, 0),
(1541, 289, 1, 3, 0, 0, 0, 0, 0, 0, 8760, 0, 0, 0),
(1542, 289, 2, 1, 0, 0, 1, 2, 1, 2, 8754, 0, 0, 0),
(1543, 289, 4, 1, 0, 0, 0, 0, 0, 0, 8760, 0, 0, 0),
(1544, 292, 1, 46, 13, 18, 83, 94, 85, 94, 8699, 0, 0, 0),
(1545, 292, 2, 12, 1, 1, 15, 26, 17, 26, 8604, 0, 0, 0),
(1546, 292, 4, 2, 0, 0, 0, 0, 0, 0, 8760, 0, 0, 0),
(1547, 293, 1, 2, 0, 0, 3, 4, 3, 4, 8752, 0, 0, 0),
(1548, 293, 2, 1, 0, 0, 0, 0, 0, 0, 8760, 0, 0, 0),
(1549, 293, 4, 1, 0, 0, 0, 1, 0, 1, 8760, 0, 0, 0),
(1550, 293, 5, 1, 0, 0, 0, 0, 0, 0, 8760, 0, 0, 0),
(1551, 295, 1, 3, 0, 0, 7, 11, 8, 11, 8743, 0, 0, 0),
(1552, 295, 2, 2, 1, 1, 2, 4, 2, 4, 8742, 0, 0, 0),
(1553, 295, 3, 1, 0, 0, 0, 0, 0, 0, 8760, 0, 0, 0),
(1554, 295, 4, 1, 1, 1, 1, 1, 1, 1, 8736, 0, 0, 0),
(1555, 295, 5, 1, 0, 0, 0, 0, 0, 0, 8760, 0, 0, 0),
(1556, 295, 9, 1, 0, 0, 0, 0, 0, 0, 8760, 0, 0, 0),
(1557, 296, 1, 2, 0, 0, 0, 0, 0, 0, 8760, 0, 0, 0),
(1558, 296, 2, 1, 0, 0, 1, 2, 2, 2, 8749, 0, 0, 0),
(1559, 296, 3, 1, 0, 0, 0, 0, 0, 0, 8760, 0, 0, 0),
(1560, 296, 4, 1, 0, 0, 0, 0, 0, 0, 8760, 0, 0, 0),
(1561, 299, 1, 1, 5, 5, 5, 5, 5, 5, 8740, 0, 0, 0),
(1562, 299, 2, 1, 0, 0, 0, 0, 0, 0, 8760, 0, 0, 0),
(1563, 299, 4, 1, 0, 0, 0, 0, 0, 0, 8760, 0, 0, 0),
(1564, 301, 1, 1, 0, 0, 0, 0, 0, 0, 8760, 0, 0, 0),
(1565, 302, 1, 3, 0, 0, 2, 2, 2, 2, 8755, 0, 0, 0),
(1566, 302, 2, 1, 0, 0, 0, 0, 0, 0, 8760, 0, 0, 0),
(1567, 302, 3, 1, 0, 0, 0, 0, 0, 0, 8760, 0, 0, 0),
(1568, 303, 1, 2, 3, 3, 4, 5, 5, 5, 8751, 0, 0, 0),
(1569, 303, 4, 1, 0, 0, 0, 0, 0, 0, 8760, 0, 0, 0),
(1570, 305, 1, 3, 0, 0, 4, 4, 4, 4, 8752, 0, 0, 0),
(1571, 305, 3, 1, 0, 0, 0, 0, 0, 0, 8760, 0, 0, 0),
(1572, 305, 4, 2, 0, 0, 0, 0, 0, 0, 8760, 0, 0, 0),
(1573, 307, 1, 5, 0, 0, 0, 0, 0, 0, 8760, 0, 0, 0),
(1574, 307, 2, 1, 0, 0, 0, 0, 0, 0, 8760, 0, 0, 0),
(1575, 308, 1, 1, 0, 0, 3, 3, 3, 3, 8703, 0, 0, 0),
(1576, 309, 1, 1, 0, 0, 3, 3, 3, 3, 8753, 0, 0, 0),
(1577, 309, 2, 1, 0, 0, 0, 0, 0, 0, 8760, 0, 0, 0),
(1578, 310, 1, 2, 1, 1, 1, 1, 1, 1, 8757, 0, 0, 0),
(1579, 311, 1, 5, 0, 0, 3, 4, 4, 4, 7416, 0, 0, 0),
(1580, 311, 2, 1, 0, 0, 1, 1, 1, 1, 8750, 0, 0, 0),
(1581, 311, 3, 1, 0, 0, 1, 1, 1, 1, 8744, 0, 0, 0),
(1582, 312, 1, 1, 0, 0, 0, 0, 0, 0, 8760, 0, 0, 0),
(1583, 314, 1, 2, 4, 12, 5, 13, 10, 13, 8737, 0, 0, 0),
(1584, 314, 3, 1, 0, 0, 0, 4, 1, 4, 8696, 0, 0, 0),
(1585, 314, 4, 1, 0, 0, 0, 0, 0, 0, 8760, 0, 0, 0),
(1586, 319, 1, 6, 0, 0, 7, 7, 7, 7, 8451, 0, 0, 0),
(1587, 319, 2, 1, 0, 0, 0, 0, 0, 0, 8760, 0, 0, 0),
(1588, 319, 4, 1, 0, 0, 0, 0, 0, 0, 8760, 0, 0, 0),
(1589, 320, 1, 4, 0, 0, 1, 3, 3, 3, 8407, 0, 0, 0),
(1590, 320, 2, 1, 0, 0, 0, 0, 0, 0, 8760, 0, 0, 0),
(1591, 320, 3, 1, 0, 0, 0, 0, 0, 0, 8760, 0, 0, 0),
(1592, 322, 1, 21, 6, 7, 6, 8, 6, 8, 8737, 0, 0, 0),
(1593, 322, 2, 5, 0, 0, 5, 6, 5, 6, 8744, 0, 0, 0),
(1594, 322, 4, 1, 0, 0, 1, 2, 1, 2, 8738, 0, 0, 0),
(1595, 322, 5, 1, 0, 0, 0, 0, 0, 0, 8760, 0, 0, 0),
(1596, 322, 9, 1, 0, 0, 0, 0, 0, 0, 8760, 0, 0, 0),
(1597, 324, 1, 1, 0, 0, 11, 11, 11, 11, 8751, 0, 0, 0),
(1598, 327, 1, 1, 1, 1, 1, 1, 1, 1, 8630, 0, 0, 0),
(1599, 327, 4, 1, 0, 0, 0, 0, 0, 0, 8760, 0, 0, 0),
(1600, 329, 1, 3, 1, 1, 15, 16, 15, 16, 8556, 0, 0, 0),
(1601, 329, 2, 1, 0, 0, 1, 2, 1, 2, 8749, 0, 0, 0),
(1602, 329, 4, 1, 0, 0, 0, 1, 0, 1, 8686, 0, 0, 0),
(1603, 329, 5, 1, 0, 0, 0, 0, 0, 0, 8760, 0, 0, 0),
(1604, 329, 9, 1, 0, 0, 1, 1, 1, 1, 8596, 0, 0, 0),
(1605, 330, 1, 6, 0, 0, 0, 0, 0, 0, 8760, 0, 0, 0),
(1606, 330, 2, 2, 0, 2, 1, 3, 3, 3, 8732, 0, 0, 0),
(1607, 332, 3, 1, 0, 0, 0, 0, 0, 0, 8760, 0, 0, 0),
(1608, 333, 1, 1, 0, 0, 0, 2, 0, 2, 8751, 0, 0, 0),
(1609, 333, 2, 1, 0, 0, 0, 1, 0, 1, 8634, 0, 0, 0),
(1610, 334, 1, 17, 0, 0, 1, 1, 1, 1, 8022, 0, 0, 0),
(1611, 334, 2, 2, 0, 0, 0, 0, 0, 0, 8760, 0, 0, 0),
(1612, 334, 4, 1, 0, 0, 0, 0, 0, 0, 8760, 0, 0, 0),
(1613, 334, 5, 2, 0, 0, 0, 0, 0, 0, 8760, 0, 0, 0),
(1614, 334, 9, 2, 0, 0, 0, 0, 0, 0, 8760, 0, 0, 0),
(1615, 335, 1, 2, 0, 0, 0, 0, 0, 0, 8760, 0, 0, 0),
(1616, 335, 2, 2, 0, 0, 1, 1, 1, 1, 8420, 0, 0, 0),
(1617, 335, 3, 1, 0, 0, 0, 0, 0, 0, 8760, 0, 0, 0),
(1618, 335, 4, 1, 0, 0, 0, 0, 0, 0, 8760, 0, 0, 0),
(1619, 335, 5, 1, 0, 0, 0, 0, 0, 0, 8760, 0, 0, 0),
(1620, 336, 1, 6, 6, 8, 6, 8, 7, 8, 8755, 0, 0, 0),
(1621, 336, 3, 1, 1, 2, 1, 2, 1, 2, 8750, 0, 0, 0),
(1622, 336, 9, 1, 0, 0, 0, 0, 0, 0, 8760, 0, 0, 0),
(1623, 337, 1, 2, 0, 0, 0, 0, 0, 0, 8760, 0, 0, 0),
(1624, 339, 1, 1, 3, 3, 3, 3, 3, 3, 8751, 0, 0, 0),
(1625, 339, 3, 1, 0, 0, 0, 0, 0, 0, 8760, 0, 0, 0),
(1626, 339, 7, 2, 4, 4, 4, 4, 3, 4, 8734, 0, 0, 0),
(1627, 341, 1, 11, 1, 1, 11, 13, 11, 13, 8711, 0, 0, 0),
(1628, 341, 2, 2, 2, 3, 2, 3, 2, 3, 8548, 0, 0, 0),
(1629, 341, 9, 1, 0, 0, 0, 0, 0, 0, 8760, 0, 0, 0),
(1630, 341, 7, 1, 2, 2, 2, 2, 2, 2, 8359, 0, 0, 0),
(1631, 342, 1, 1, 0, 0, 0, 0, 0, 0, 8760, 0, 0, 0),
(1632, 342, 3, 1, 0, 0, 0, 0, 0, 0, 8760, 0, 0, 0),
(1633, 342, 4, 1, 0, 0, 0, 0, 0, 0, 8760, 0, 0, 0),
(1634, 343, 1, 0, 0, 0, 0, 2, 1, 2, 8757, 0, 0, 0),
(1635, 343, 2, 2, 1, 1, 1, 1, 1, 1, 8756, 0, 0, 0),
(1636, 2221, 1, 0, 0, 0, 0, 2, 1, 2, 8199, 0, 0, 0),
(1637, 346, 1, 1, 0, 0, 0, 0, 0, 0, 8760, 0, 0, 0),
(1638, 346, 2, 1, 0, 0, 0, 0, 0, 0, 8760, 0, 0, 0),
(1639, 347, 1, 2, 0, 0, 1, 1, 1, 1, 7546, 0, 0, 0),
(1640, 348, 1, 3, 0, 0, 0, 0, 0, 0, 8760, 0, 0, 0),
(1641, 350, 1, 1, 1, 1, 1, 1, 1, 1, 8401, 0, 0, 0),
(1642, 351, 1, 5, 1, 1, 7, 18, 11, 18, 8556, 0, 0, 0),
(1643, 351, 4, 1, 0, 0, 0, 1, 0, 1, 8758, 0, 0, 0),
(1644, 353, 1, 4, 0, 0, 0, 0, 0, 0, 8760, 0, 0, 0),
(1645, 353, 4, 1, 0, 0, 0, 0, 0, 0, 8760, 0, 0, 0),
(1646, 355, 9, 1, 0, 0, 0, 0, 0, 0, 8760, 0, 0, 0),
(1647, 356, 1, 23, 0, 0, 0, 0, 0, 0, 8760, 0, 0, 0),
(1648, 356, 2, 3, 0, 0, 0, 0, 0, 0, 8760, 0, 0, 0),
(1649, 356, 9, 3, 2, 3, 2, 3, 2, 3, 8752, 0, 0, 0),
(1650, 357, 1, 2, 1, 1, 1, 1, 1, 1, 8752, 0, 0, 0),
(1651, 357, 9, 1, 0, 0, 0, 0, 0, 0, 8760, 0, 0, 0),
(1652, 360, 1, 3, 2, 2, 4, 4, 4, 4, 8756, 0, 0, 0),
(1653, 360, 2, 1, 0, 0, 1, 1, 1, 1, 8585, 0, 0, 0),
(1654, 360, 5, 1, 0, 0, 0, 0, 0, 0, 8760, 0, 0, 0),
(1655, 362, 1, 3, 0, 0, 1, 3, 2, 3, 8733, 0, 0, 0),
(1656, 362, 2, 2, 0, 0, 0, 0, 0, 0, 8760, 0, 0, 0),
(1657, 363, 1, 1, 0, 0, 0, 0, 0, 0, 8760, 0, 0, 0),
(1658, 364, 1, 1, 3, 4, 3, 4, 4, 4, 8754, 0, 0, 0),
(1659, 366, 1, 4, 0, 0, 1, 1, 1, 1, 8678, 0, 0, 0),
(1660, 366, 2, 3, 0, 0, 0, 0, 0, 0, 8760, 0, 0, 0),
(1661, 367, 1, 1, 0, 0, 0, 0, 0, 0, 8760, 0, 0, 0),
(1662, 367, 2, 1, 0, 0, 3, 3, 3, 3, 8641, 0, 0, 0),
(1663, 372, 1, 2, 0, 0, 31, 34, 31, 34, 8401, 0, 0, 0),
(1664, 372, 2, 1, 0, 0, 12, 16, 12, 16, 8753, 0, 0, 0),
(1665, 375, 1, 1, 0, 0, 0, 0, 0, 0, 8760, 0, 0, 0),
(1666, 375, 2, 1, 0, 0, 0, 0, 0, 0, 8760, 0, 0, 0),
(1667, 375, 3, 1, 0, 0, 0, 0, 0, 0, 8760, 0, 0, 0),
(1668, 375, 9, 1, 1, 1, 1, 1, 1, 1, 8743, 0, 0, 0),
(1669, 376, 1, 7, 0, 0, 0, 0, 0, 0, 8760, 0, 0, 0),
(1670, 376, 2, 1, 1, 1, 1, 1, 1, 1, 8728, 0, 0, 0),
(1671, 376, 9, 1, 0, 0, 0, 0, 0, 0, 8760, 0, 0, 0),
(1672, 379, 1, 51, 6, 6, 110, 122, 111, 122, 8723, 0, 0, 0),
(1673, 379, 2, 12, 1, 3, 24, 29, 24, 29, 8705, 0, 0, 0),
(1674, 379, 3, 2, 0, 0, 0, 0, 0, 0, 8760, 0, 0, 0),
(1675, 379, 4, 4, 0, 0, 0, 1, 0, 1, 8753, 0, 0, 0),
(1676, 379, 5, 3, 0, 0, 0, 0, 0, 0, 8760, 0, 0, 0),
(1677, 379, 9, 4, 0, 0, 0, 0, 0, 0, 8760, 0, 0, 0),
(1678, 381, 1, 5, 0, 0, 12, 12, 12, 12, 8747, 0, 0, 0),
(1679, 381, 2, 3, 0, 0, 0, 0, 0, 0, 8760, 0, 0, 0),
(1680, 381, 4, 1, 0, 0, 0, 0, 0, 0, 8760, 0, 0, 0),
(1681, 382, 1, 3, 2, 2, 2, 2, 2, 2, 8757, 0, 0, 0),
(1682, 382, 2, 1, 0, 0, 0, 0, 0, 0, 8760, 0, 0, 0),
(1683, 383, 1, 2, 1, 1, 5, 7, 5, 7, 8259, 0, 0, 0),
(1684, 383, 2, 1, 0, 0, 1, 4, 1, 4, 8748, 0, 0, 0),
(1685, 386, 1, 12, 16, 19, 25, 28, 25, 28, 8725, 0, 0, 0),
(1686, 386, 2, 3, 3, 3, 7, 8, 6, 8, 8746, 0, 0, 0),
(1687, 386, 3, 1, 0, 0, 0, 0, 0, 0, 8760, 0, 0, 0),
(1688, 387, 1, 2, 0, 0, 1, 1, 1, 1, 8750, 0, 0, 0),
(1689, 387, 2, 1, 0, 0, 0, 0, 0, 0, 8760, 0, 0, 0),
(1690, 388, 1, 10, 13, 13, 29, 30, 30, 30, 8416, 0, 0, 0),
(1691, 388, 2, 4, 0, 0, 1, 4, 3, 4, 8746, 0, 0, 0),
(1692, 388, 4, 1, 0, 0, 0, 0, 0, 0, 8760, 0, 0, 0),
(1693, 389, 1, 4, 0, 0, 4, 5, 5, 5, 8466, 0, 0, 0),
(1694, 389, 9, 1, 0, 0, 0, 0, 0, 0, 8760, 0, 0, 0),
(1695, 391, 1, 2, 0, 0, 3, 6, 3, 6, 8281, 0, 0, 0),
(1696, 391, 4, 1, 0, 0, 0, 0, 0, 0, 8760, 0, 0, 0),
(1697, 392, 1, 3, 0, 0, 3, 10, 4, 10, 8675, 0, 0, 0),
(1698, 392, 2, 1, 0, 0, 2, 2, 2, 2, 8600, 0, 0, 0),
(1699, 396, 1, 1, 0, 0, 0, 2, 0, 2, 8758, 0, 0, 0),
(1700, 397, 1, 2, 0, 0, 0, 0, 0, 0, 8760, 0, 0, 0),
(1701, 397, 2, 1, 0, 0, 0, 0, 0, 0, 8760, 0, 0, 0),
(1702, 397, 3, 1, 0, 0, 0, 0, 0, 0, 8760, 0, 0, 0),
(1703, 397, 9, 1, 0, 0, 0, 0, 0, 0, 8760, 0, 0, 0),
(1704, 398, 1, 1, 0, 0, 0, 2, 2, 2, 8758, 0, 0, 0),
(1705, 404, 1, 1, 0, 0, 0, 0, 0, 0, 8760, 0, 0, 0),
(1706, 404, 4, 1, 0, 0, 0, 0, 0, 0, 8760, 0, 0, 0),
(1707, 406, 1, 6, 0, 0, 6, 7, 6, 7, 8735, 0, 0, 0),
(1708, 406, 3, 1, 0, 0, 1, 1, 1, 1, 8757, 0, 0, 0),
(1709, 408, 1, 1, 3, 3, 4, 4, 4, 4, 8742, 0, 0, 0),
(1710, 408, 2, 1, 1, 1, 1, 1, 1, 1, 8757, 0, 0, 0),
(1711, 408, 4, 2, 1, 1, 1, 1, 1, 1, 8758, 0, 0, 0),
(1712, 408, 9, 1, 0, 2, 0, 2, 0, 2, 8484, 0, 0, 0),
(1713, 410, 1, 1, 0, 0, 0, 0, 0, 0, 8760, 0, 0, 0),
(1714, 410, 2, 1, 0, 0, 0, 0, 0, 0, 8760, 0, 0, 0),
(1715, 410, 5, 1, 0, 0, 0, 0, 0, 0, 8760, 0, 0, 0),
(1716, 412, 1, 4, 0, 0, 4, 7, 7, 7, 8701, 0, 0, 0),
(1717, 412, 2, 2, 2, 4, 2, 4, 2, 4, 8635, 0, 0, 0),
(1718, 412, 9, 1, 0, 0, 0, 0, 0, 0, 8760, 0, 0, 0),
(1719, 413, 1, 3, 0, 0, 0, 1, 0, 1, 8498, 0, 0, 0),
(1720, 413, 5, 1, 0, 0, 0, 0, 0, 0, 8760, 0, 0, 0),
(1721, 414, 1, 3, 0, 0, 7, 8, 7, 8, 8716, 0, 0, 0),
(1722, 414, 2, 1, 0, 0, 1, 1, 1, 1, 8391, 0, 0, 0),
(1723, 415, 1, 2, 0, 0, 4, 8, 4, 8, 8406, 0, 0, 0),
(1724, 415, 4, 1, 0, 0, 0, 0, 0, 0, 8760, 0, 0, 0),
(1725, 417, 1, 2, 1, 1, 1, 1, 1, 1, 8333, 0, 0, 0),
(1726, 417, 2, 1, 0, 0, 0, 0, 0, 0, 8760, 0, 0, 0),
(1727, 418, 1, 1, 0, 0, 1, 3, 2, 3, 8588, 0, 0, 0),
(1728, 419, 1, 2, 3, 3, 8, 8, 8, 8, 8722, 0, 0, 0),
(1729, 419, 2, 1, 0, 0, 0, 0, 0, 0, 8760, 0, 0, 0),
(1730, 419, 3, 1, 0, 0, 0, 0, 0, 0, 8760, 0, 0, 0),
(1731, 421, 1, 7, 0, 0, 0, 0, 0, 0, 8760, 0, 0, 0),
(1732, 421, 2, 1, 0, 0, 0, 0, 0, 0, 8760, 0, 0, 0),
(1733, 421, 9, 1, 0, 0, 0, 0, 0, 0, 8760, 0, 0, 0),
(1734, 423, 2, 1, 0, 1, 0, 1, 1, 1, 8753, 0, 0, 0),
(1735, 424, 1, 6, 0, 0, 0, 0, 0, 0, 8760, 0, 0, 0),
(1736, 424, 3, 1, 0, 0, 0, 0, 0, 0, 8760, 0, 0, 0),
(1737, 428, 1, 3, 0, 0, 0, 0, 0, 0, 8760, 0, 0, 0),
(1738, 431, 1, 1, 0, 0, 0, 0, 0, 0, 8760, 0, 0, 0),
(1739, 1623, 1, 0, 0, 0, 9, 11, 10, 11, 8750, 0, 0, 0),
(1740, 433, 1, 3, 3, 3, 6, 9, 7, 9, 8282, 0, 0, 0),
(1741, 433, 2, 1, 0, 0, 0, 1, 1, 1, 7411, 0, 0, 0),
(1742, 435, 1, 1, 1, 1, 1, 1, 1, 1, 8743, 0, 0, 0),
(1743, 435, 2, 1, 0, 0, 0, 0, 0, 0, 8760, 0, 0, 0),
(1744, 435, 4, 1, 2, 2, 2, 2, 2, 2, 8714, 0, 0, 0),
(1745, 436, 1, 9, 5, 5, 13, 13, 13, 13, 8698, 0, 0, 0),
(1746, 436, 2, 3, 0, 0, 0, 2, 1, 2, 8756, 0, 0, 0),
(1747, 436, 4, 1, 0, 0, 0, 0, 0, 0, 8760, 0, 0, 0),
(1748, 436, 5, 3, 0, 0, 0, 0, 0, 0, 8760, 0, 0, 0),
(1749, 437, 1, 2, 0, 0, 2, 3, 2, 3, 8758, 0, 0, 0),
(1750, 437, 2, 1, 0, 0, 0, 0, 0, 0, 8760, 0, 0, 0),
(1751, 438, 1, 2, 0, 0, 1, 1, 1, 1, 8759, 0, 0, 0),
(1752, 438, 2, 1, 0, 0, 1, 1, 1, 1, 8738, 0, 0, 0),
(1753, 438, 3, 1, 0, 0, 0, 0, 0, 0, 8760, 0, 0, 0),
(1754, 439, 1, 3, 4, 4, 4, 4, 4, 4, 8355, 0, 0, 0),
(1755, 441, 1, 2, 1, 2, 1, 3, 2, 3, 8393, 0, 0, 0),
(1756, 441, 5, 1, 0, 0, 0, 0, 0, 0, 8760, 0, 0, 0),
(1757, 442, 1, 1, 0, 0, 3, 3, 3, 3, 8756, 0, 0, 0),
(1758, 442, 4, 1, 0, 0, 0, 0, 0, 0, 8760, 0, 0, 0),
(1759, 445, 3, 1, 0, 0, 0, 0, 0, 0, 8760, 0, 0, 0),
(1760, 447, 1, 3, 1, 1, 2, 2, 2, 2, 8651, 0, 0, 0),
(1761, 447, 2, 1, 0, 0, 0, 0, 0, 0, 8760, 0, 0, 0),
(1762, 447, 4, 1, 0, 0, 0, 0, 0, 0, 8760, 0, 0, 0),
(1763, 448, 1, 3, 0, 0, 3, 3, 3, 3, 8755, 0, 0, 0),
(1764, 448, 3, 1, 0, 0, 0, 0, 0, 0, 8760, 0, 0, 0),
(1765, 450, 1, 3, 0, 0, 3, 3, 3, 3, 8756, 0, 0, 0),
(1766, 450, 2, 1, 0, 0, 0, 1, 0, 1, 8757, 0, 0, 0),
(1767, 452, 1, 6, 0, 0, 0, 0, 0, 0, 8760, 0, 0, 0),
(1768, 452, 2, 4, 0, 0, 0, 0, 0, 0, 8760, 0, 0, 0),
(1769, 454, 1, 9, 0, 0, 0, 0, 0, 0, 8760, 0, 0, 0),
(1770, 455, 1, 11, 1, 1, 11, 17, 12, 17, 8064, 0, 0, 0),
(1771, 455, 2, 1, 1, 1, 1, 2, 1, 2, 8757, 0, 0, 0),
(1772, 455, 3, 1, 0, 0, 0, 0, 0, 0, 8760, 0, 0, 0),
(1773, 455, 4, 1, 0, 0, 0, 0, 0, 0, 8760, 0, 0, 0),
(1774, 457, 1, 2, 6, 6, 6, 6, 6, 6, 8701, 0, 0, 0),
(1775, 457, 2, 1, 0, 1, 0, 1, 0, 1, 8359, 0, 0, 0),
(1776, 460, 1, 2, 0, 0, 1, 1, 1, 1, 8729, 0, 0, 0),
(1777, 462, 1, 2, 0, 0, 0, 0, 0, 0, 8760, 0, 0, 0),
(1778, 467, 1, 2, 0, 0, 0, 0, 0, 0, 8760, 0, 0, 0),
(1779, 467, 2, 1, 0, 0, 0, 0, 0, 0, 8760, 0, 0, 0),
(1780, 2222, 1, 0, 0, 0, 0, 1, 0, 1, 8758, 0, 0, 0),
(1781, 468, 1, 3, 4, 5, 4, 6, 4, 6, 8478, 0, 0, 0),
(1782, 468, 2, 1, 0, 0, 0, 0, 0, 0, 8760, 0, 0, 0),
(1783, 469, 1, 2, 0, 0, 0, 0, 0, 0, 8760, 0, 0, 0),
(1784, 469, 2, 0, 0, 0, 0, 1, 0, 1, 7650, 0, 0, 0),
(1785, 469, 3, 1, 0, 0, 1, 1, 1, 1, 8568, 0, 0, 0),
(1786, 470, 1, 2, 0, 0, 0, 0, 0, 0, 8760, 0, 0, 0),
(1787, 470, 4, 1, 0, 0, 0, 0, 0, 0, 8760, 0, 0, 0),
(1788, 471, 1, 16, 0, 0, 26, 28, 27, 28, 8701, 0, 0, 0),
(1789, 471, 2, 7, 0, 0, 0, 0, 0, 0, 8760, 0, 0, 0),
(1790, 472, 1, 2, 0, 0, 2, 3, 2, 3, 8730, 0, 0, 0),
(1791, 474, 1, 3, 0, 0, 0, 0, 0, 0, 8760, 0, 0, 0),
(1792, 474, 2, 1, 0, 0, 0, 0, 0, 0, 8760, 0, 0, 0),
(1793, 474, 9, 1, 0, 0, 0, 0, 0, 0, 8760, 0, 0, 0),
(1794, 476, 1, 5, 4, 5, 9, 13, 9, 13, 8727, 0, 0, 0),
(1795, 476, 4, 1, 0, 0, 0, 0, 0, 0, 8760, 0, 0, 0),
(1796, 480, 1, 1, 0, 0, 0, 0, 0, 0, 8760, 0, 0, 0),
(1797, 481, 1, 2, 0, 0, 0, 0, 0, 0, 8760, 0, 0, 0),
(1798, 481, 2, 1, 0, 0, 0, 0, 0, 0, 8760, 0, 0, 0),
(1799, 484, 1, 5, 2, 3, 8, 10, 9, 10, 8713, 0, 0, 0),
(1800, 484, 2, 1, 0, 0, 4, 4, 4, 4, 8631, 0, 0, 0),
(1801, 484, 3, 1, 0, 0, 0, 0, 0, 0, 8760, 0, 0, 0),
(1802, 484, 4, 1, 0, 0, 0, 0, 0, 0, 8760, 0, 0, 0),
(1803, 484, 5, 1, 0, 0, 0, 0, 0, 0, 8760, 0, 0, 0),
(1804, 484, 9, 1, 0, 0, 0, 0, 0, 0, 8760, 0, 0, 0),
(1805, 484, 7, 1, 2, 2, 2, 2, 2, 2, 8753, 0, 0, 0),
(1806, 490, 1, 5, 5, 5, 33, 41, 33, 41, 8710, 0, 0, 0),
(1807, 490, 2, 0, 0, 0, 5, 6, 6, 6, 8707, 0, 0, 0),
(1808, 492, 1, 1, 0, 0, 1, 2, 1, 2, 8701, 0, 0, 0),
(1809, 492, 2, 1, 0, 0, 0, 0, 0, 0, 8760, 0, 0, 0),
(1810, 492, 5, 1, 0, 0, 0, 0, 0, 0, 8760, 0, 0, 0),
(1811, 495, 1, 22, 6, 8, 64, 82, 66, 82, 8587, 0, 0, 0),
(1812, 495, 2, 5, 12, 16, 18, 24, 21, 24, 8524, 0, 0, 0),
(1813, 495, 4, 1, 0, 0, 0, 0, 0, 0, 8760, 0, 0, 0),
(1814, 495, 5, 3, 1, 1, 1, 1, 1, 1, 8751, 0, 0, 0),
(1815, 495, 9, 2, 0, 0, 0, 3, 1, 3, 8643, 0, 0, 0),
(1816, 496, 1, 4, 1, 1, 1, 1, 1, 1, 8757, 0, 0, 0),
(1817, 496, 2, 1, 0, 0, 0, 0, 0, 0, 8760, 0, 0, 0),
(1818, 498, 1, 3, 0, 0, 4, 8, 4, 8, 8539, 0, 0, 0),
(1819, 498, 2, 1, 0, 0, 0, 0, 0, 0, 8760, 0, 0, 0),
(1820, 499, 1, 2, 0, 1, 0, 1, 1, 1, 7083, 0, 0, 0),
(1821, 501, 1, 3, 6, 6, 20, 21, 20, 21, 7963, 0, 0, 0),
(1822, 502, 1, 3, 0, 0, 27, 30, 29, 30, 8678, 0, 0, 0),
(1823, 503, 1, 2, 0, 0, 6, 8, 8, 8, 8735, 0, 0, 0),
(1824, 503, 2, 1, 1, 1, 1, 1, 1, 1, 8760, 0, 0, 0),
(1825, 504, 1, 3, 0, 0, 5, 5, 5, 5, 8656, 0, 0, 0),
(1826, 504, 2, 1, 0, 0, 2, 2, 2, 2, 8728, 0, 0, 0),
(1827, 504, 9, 1, 0, 0, 0, 0, 0, 0, 8760, 0, 0, 0),
(1828, 506, 1, 7, 0, 0, 22, 22, 22, 22, 8736, 0, 0, 0),
(1829, 506, 2, 1, 0, 0, 0, 0, 0, 0, 8760, 0, 0, 0),
(1830, 506, 3, 1, 0, 0, 0, 0, 0, 0, 8760, 0, 0, 0),
(1831, 506, 4, 3, 1, 1, 2, 2, 2, 2, 8748, 0, 0, 0),
(1832, 509, 1, 9, 0, 0, 0, 0, 0, 0, 8760, 0, 0, 0),
(1833, 509, 2, 1, 0, 0, 0, 0, 0, 0, 8760, 0, 0, 0),
(1834, 509, 3, 1, 0, 0, 1, 1, 1, 1, 8740, 0, 0, 0),
(1835, 510, 1, 1, 0, 0, 0, 0, 0, 0, 8760, 0, 0, 0),
(1836, 511, 1, 2, 6, 7, 6, 7, 6, 7, 8744, 0, 0, 0),
(1837, 511, 2, 1, 0, 0, 0, 0, 0, 0, 8760, 0, 0, 0),
(1838, 511, 4, 1, 0, 0, 0, 0, 0, 0, 8760, 0, 0, 0),
(1839, 512, 1, 1, 0, 0, 0, 0, 0, 0, 8760, 0, 0, 0),
(1840, 515, 1, 1, 0, 0, 1, 1, 1, 1, 8760, 0, 0, 0),
(1841, 517, 1, 2, 0, 0, 6, 11, 9, 11, 8738, 0, 0, 0),
(1842, 517, 2, 1, 0, 0, 1, 2, 1, 2, 8750, 0, 0, 0),
(1843, 517, 7, 1, 2, 4, 2, 4, 4, 4, 8752, 0, 0, 0),
(1844, 518, 1, 2, 0, 1, 0, 3, 1, 3, 8757, 0, 0, 0),
(1845, 519, 1, 3, 0, 0, 0, 4, 0, 4, 8226, 0, 0, 0),
(1846, 519, 2, 1, 0, 0, 0, 0, 0, 0, 8760, 0, 0, 0),
(1847, 519, 3, 1, 0, 0, 0, 0, 0, 0, 8760, 0, 0, 0),
(1848, 519, 4, 1, 0, 0, 1, 1, 1, 1, 8661, 0, 0, 0),
(1849, 521, 1, 5, 5, 5, 6, 7, 6, 7, 8580, 0, 0, 0),
(1850, 523, 1, 3, 2, 2, 7, 7, 7, 7, 7946, 0, 0, 0),
(1851, 523, 4, 1, 0, 0, 0, 0, 0, 0, 8760, 0, 0, 0),
(1852, 527, 1, 5, 0, 0, 6, 6, 6, 6, 8643, 0, 0, 0),
(1853, 527, 2, 2, 0, 0, 0, 0, 0, 0, 8760, 0, 0, 0),
(1854, 527, 4, 1, 0, 0, 0, 0, 0, 0, 8760, 0, 0, 0),
(1855, 527, 5, 1, 0, 0, 0, 0, 0, 0, 8760, 0, 0, 0),
(1856, 529, 1, 3, 8, 13, 8, 13, 13, 13, 8743, 0, 0, 0),
(1857, 529, 2, 1, 0, 0, 0, 0, 0, 0, 8760, 0, 0, 0),
(1858, 530, 1, 3, 0, 0, 8, 8, 8, 8, 8753, 0, 0, 0),
(1859, 530, 2, 1, 0, 0, 0, 0, 0, 0, 8760, 0, 0, 0),
(1860, 530, 3, 1, 0, 0, 0, 0, 0, 0, 8760, 0, 0, 0),
(1861, 531, 1, 6, 0, 0, 0, 0, 0, 0, 8760, 0, 0, 0),
(1862, 531, 2, 1, 0, 0, 0, 0, 0, 0, 8760, 0, 0, 0),
(1863, 533, 1, 4, 1, 1, 1, 1, 1, 1, 8746, 0, 0, 0),
(1864, 533, 3, 1, 0, 0, 0, 0, 0, 0, 8760, 0, 0, 0),
(1865, 533, 4, 1, 0, 0, 0, 0, 0, 0, 8760, 0, 0, 0),
(1866, 534, 2, 1, 0, 0, 0, 0, 0, 0, 8760, 0, 0, 0),
(1867, 535, 1, 10, 0, 0, 8, 8, 8, 8, 8708, 0, 0, 0),
(1868, 535, 2, 1, 1, 1, 1, 1, 1, 1, 8755, 0, 0, 0),
(1869, 540, 1, 1, 0, 0, 0, 0, 0, 0, 8760, 0, 0, 0),
(1870, 542, 1, 29, 40, 45, 40, 45, 43, 45, 8753, 0, 0, 0),
(1871, 542, 2, 2, 0, 0, 0, 0, 0, 0, 8760, 0, 0, 0),
(1872, 542, 4, 2, 0, 0, 0, 0, 0, 0, 8760, 0, 0, 0),
(1873, 543, 1, 10, 23, 30, 34, 42, 40, 42, 8729, 0, 0, 0),
(1874, 543, 2, 4, 9, 10, 13, 17, 14, 17, 8746, 0, 0, 0),
(1875, 543, 3, 1, 0, 0, 1, 1, 1, 1, 8702, 0, 0, 0),
(1876, 545, 1, 20, 11, 11, 55, 57, 57, 57, 8738, 0, 0, 0),
(1877, 545, 2, 2, 0, 0, 3, 4, 3, 4, 8744, 0, 0, 0),
(1878, 545, 4, 1, 0, 0, 0, 0, 0, 0, 8760, 0, 0, 0),
(1879, 546, 1, 3, 2, 4, 2, 4, 4, 4, 8754, 0, 0, 0),
(1880, 546, 2, 1, 1, 1, 1, 1, 1, 1, 8755, 0, 0, 0),
(1881, 546, 9, 1, 0, 0, 0, 0, 0, 0, 8760, 0, 0, 0),
(1882, 547, 1, 3, 0, 0, 0, 0, 0, 0, 8760, 0, 0, 0),
(1883, 549, 1, 3, 0, 0, 0, 0, 0, 0, 8760, 0, 0, 0),
(1884, 549, 2, 1, 0, 0, 0, 0, 0, 0, 8760, 0, 0, 0),
(1885, 549, 4, 1, 0, 0, 0, 0, 0, 0, 8760, 0, 0, 0),
(1886, 552, 1, 6, 0, 0, 0, 0, 0, 0, 8760, 0, 0, 0),
(1887, 552, 2, 3, 0, 0, 0, 0, 0, 0, 8760, 0, 0, 0),
(1888, 552, 5, 1, 0, 0, 0, 0, 0, 0, 8760, 0, 0, 0),
(1889, 555, 1, 2, 0, 0, 0, 0, 0, 0, 8760, 0, 0, 0),
(1890, 555, 2, 1, 2, 2, 2, 3, 2, 3, 8748, 0, 0, 0),
(1891, 555, 3, 0, 2, 3, 2, 3, 2, 3, 8748, 0, 0, 0),
(1892, 555, 4, 1, 0, 0, 0, 0, 0, 0, 8760, 0, 0, 0),
(1893, 556, 1, 1, 0, 0, 3, 7, 5, 7, 8754, 0, 0, 0),
(1894, 556, 4, 1, 0, 0, 0, 0, 0, 0, 8760, 0, 0, 0),
(1895, 560, 1, 10, 0, 0, 7, 8, 6, 8, 8705, 0, 0, 0),
(1896, 560, 2, 5, 0, 0, 0, 0, 0, 0, 8760, 0, 0, 0),
(1897, 560, 3, 1, 0, 0, 0, 0, 0, 0, 8760, 0, 0, 0),
(1898, 560, 4, 1, 0, 0, 0, 0, 0, 0, 8760, 0, 0, 0),
(1899, 561, 1, 1, 0, 0, 0, 0, 0, 0, 8760, 0, 0, 0),
(1900, 561, 2, 1, 0, 0, 0, 0, 0, 0, 8760, 0, 0, 0),
(1901, 562, 1, 15, 7, 11, 8, 14, 8, 14, 8558, 0, 0, 0),
(1902, 564, 1, 5, 1, 1, 9, 10, 9, 10, 8634, 0, 0, 0),
(1903, 564, 2, 1, 1, 1, 1, 1, 1, 1, 8573, 0, 0, 0),
(1904, 565, 1, 5, 0, 0, 3, 3, 3, 3, 8725, 0, 0, 0),
(1905, 565, 2, 1, 0, 0, 0, 0, 0, 0, 8760, 0, 0, 0),
(1906, 565, 4, 1, 0, 0, 0, 0, 0, 0, 8760, 0, 0, 0),
(1907, 569, 1, 2, 2, 3, 5, 8, 7, 8, 8752, 0, 0, 0),
(1908, 569, 2, 0, 0, 0, 0, 1, 0, 1, 8751, 0, 0, 0),
(1909, 569, 4, 1, 0, 0, 0, 0, 0, 0, 8760, 0, 0, 0),
(1910, 571, 1, 2, 0, 0, 0, 0, 0, 0, 8760, 0, 0, 0),
(1911, 571, 3, 1, 0, 0, 0, 0, 0, 0, 8760, 0, 0, 0),
(1912, 571, 5, 1, 0, 0, 0, 0, 0, 0, 8760, 0, 0, 0),
(1913, 574, 1, 2, 0, 0, 0, 0, 0, 0, 8760, 0, 0, 0),
(1914, 574, 2, 1, 0, 0, 0, 0, 0, 0, 8760, 0, 0, 0),
(1915, 576, 1, 1, 0, 0, 0, 0, 0, 0, 8760, 0, 0, 0),
(1916, 577, 1, 2, 2, 2, 2, 2, 2, 2, 8750, 0, 0, 0),
(1917, 577, 2, 1, 2, 2, 2, 2, 2, 2, 8757, 0, 0, 0),
(1918, 578, 1, 2, 1, 1, 1, 1, 1, 1, 8757, 0, 0, 0),
(1919, 581, 1, 12, 0, 0, 49, 65, 52, 65, 8687, 0, 0, 0),
(1920, 581, 2, 2, 0, 0, 7, 13, 10, 13, 8664, 0, 0, 0),
(1921, 581, 4, 0, 0, 0, 1, 1, 1, 1, 5353, 0, 0, 0),
(1922, 581, 5, 1, 0, 0, 0, 0, 0, 0, 8760, 0, 0, 0),
(1923, 582, 1, 3, 0, 0, 0, 0, 0, 0, 8760, 0, 0, 0),
(1924, 583, 3, 1, 0, 0, 0, 0, 0, 0, 8760, 0, 0, 0),
(1925, 585, 1, 6, 5, 5, 7, 7, 7, 7, 8425, 0, 0, 0),
(1926, 586, 1, 1, 0, 0, 4, 4, 4, 4, 8628, 0, 0, 0),
(1927, 588, 1, 2, 1, 1, 1, 1, 1, 1, 8624, 0, 0, 0),
(1928, 588, 2, 2, 1, 1, 1, 1, 1, 1, 8757, 0, 0, 0),
(1929, 588, 3, 1, 0, 0, 0, 0, 0, 0, 8760, 0, 0, 0),
(1930, 588, 4, 1, 0, 0, 0, 0, 0, 0, 8760, 0, 0, 0),
(1931, 588, 9, 1, 0, 0, 0, 0, 0, 0, 8760, 0, 0, 0),
(1932, 589, 1, 3, 2, 2, 7, 10, 8, 10, 8751, 0, 0, 0),
(1933, 589, 2, 1, 0, 0, 2, 3, 2, 3, 8746, 0, 0, 0),
(1934, 589, 9, 1, 0, 0, 0, 0, 0, 0, 8760, 0, 0, 0),
(1935, 591, 1, 2, 0, 0, 2, 4, 3, 4, 8752, 0, 0, 0),
(1936, 592, 1, 2, 1, 1, 1, 1, 1, 1, 8754, 0, 0, 0),
(1937, 595, 1, 4, 4, 6, 12, 16, 16, 16, 8614, 0, 0, 0),
(1938, 595, 2, 2, 0, 0, 4, 6, 5, 6, 8147, 0, 0, 0),
(1939, 595, 4, 1, 0, 0, 0, 1, 1, 1, 8705, 0, 0, 0),
(1940, 595, 9, 1, 0, 0, 0, 0, 0, 0, 8760, 0, 0, 0),
(1941, 596, 1, 1, 0, 0, 4, 8, 4, 8, 8737, 0, 0, 0),
(1942, 596, 2, 1, 0, 0, 4, 7, 5, 7, 7850, 0, 0, 0),
(1943, 596, 5, 1, 0, 0, 0, 0, 0, 0, 8760, 0, 0, 0),
(1944, 596, 9, 1, 0, 0, 0, 0, 0, 0, 8760, 0, 0, 0),
(1945, 598, 1, 2, 0, 0, 2, 2, 2, 2, 8439, 0, 0, 0),
(1946, 598, 5, 1, 0, 0, 0, 0, 0, 0, 8760, 0, 0, 0),
(1947, 599, 1, 2, 0, 0, 6, 8, 6, 8, 8746, 0, 0, 0),
(1948, 599, 2, 1, 0, 0, 0, 0, 0, 0, 8760, 0, 0, 0),
(1949, 601, 1, 9, 0, 0, 5, 6, 5, 6, 8465, 0, 0, 0),
(1950, 601, 2, 2, 0, 0, 1, 1, 1, 1, 8471, 0, 0, 0),
(1951, 601, 3, 1, 0, 0, 0, 0, 0, 0, 8760, 0, 0, 0),
(1952, 601, 5, 1, 0, 0, 0, 0, 0, 0, 8760, 0, 0, 0),
(1953, 603, 1, 1, 0, 0, 5, 6, 6, 6, 8758, 0, 0, 0),
(1954, 603, 2, 1, 1, 1, 3, 3, 3, 3, 8755, 0, 0, 0),
(1955, 603, 9, 1, 0, 0, 0, 0, 0, 0, 8760, 0, 0, 0),
(1956, 603, 7, 1, 3, 3, 3, 3, 3, 3, 8513, 0, 0, 0),
(1957, 604, 1, 14, 1, 1, 27, 27, 27, 27, 8748, 0, 0, 0),
(1958, 604, 2, 3, 0, 0, 0, 0, 0, 0, 8760, 0, 0, 0),
(1959, 604, 4, 2, 0, 0, 0, 0, 0, 0, 8760, 0, 0, 0),
(1960, 605, 1, 2, 0, 0, 0, 0, 0, 0, 8760, 0, 0, 0),
(1961, 606, 1, 12, 6, 7, 27, 34, 28, 34, 8737, 0, 0, 0),
(1962, 606, 2, 3, 8, 9, 14, 15, 14, 15, 8717, 0, 0, 0),
(1963, 606, 7, 1, 2, 2, 2, 2, 2, 2, 8751, 0, 0, 0),
(1964, 608, 1, 7, 0, 0, 15, 23, 15, 23, 8647, 0, 0, 0),
(1965, 608, 2, 3, 1, 2, 2, 6, 2, 6, 8587, 0, 0, 0),
(1966, 608, 3, 1, 0, 0, 0, 0, 0, 0, 8760, 0, 0, 0),
(1967, 608, 4, 1, 0, 0, 0, 0, 0, 0, 8760, 0, 0, 0),
(1968, 608, 9, 1, 0, 0, 0, 0, 0, 0, 8760, 0, 0, 0),
(1969, 610, 1, 1, 0, 0, 0, 3, 2, 3, 8581, 0, 0, 0),
(1970, 610, 2, 1, 0, 0, 2, 4, 2, 4, 8451, 0, 0, 0),
(1971, 610, 3, 1, 0, 0, 1, 1, 1, 1, 8682, 0, 0, 0),
(1972, 612, 1, 3, 0, 0, 15, 22, 20, 22, 8497, 0, 0, 0),
(1973, 612, 2, 1, 0, 0, 3, 5, 3, 5, 7899, 0, 0, 0),
(1974, 612, 3, 1, 0, 0, 0, 0, 0, 0, 8760, 0, 0, 0),
(1975, 612, 9, 1, 0, 0, 0, 0, 0, 0, 8760, 0, 0, 0),
(1976, 614, 1, 7, 0, 0, 0, 0, 0, 0, 8760, 0, 0, 0),
(1977, 614, 2, 1, 0, 0, 0, 0, 0, 0, 8760, 0, 0, 0),
(1978, 614, 3, 1, 0, 0, 0, 0, 0, 0, 8760, 0, 0, 0),
(1979, 614, 4, 1, 0, 0, 0, 0, 0, 0, 8760, 0, 0, 0),
(1980, 614, 5, 1, 0, 0, 0, 0, 0, 0, 8760, 0, 0, 0),
(1981, 616, 1, 4, 0, 0, 3, 5, 3, 5, 7543, 0, 0, 0),
(1982, 617, 1, 3, 0, 0, 4, 6, 6, 6, 8624, 0, 0, 0),
(1983, 617, 2, 1, 0, 0, 0, 0, 0, 0, 8760, 0, 0, 0),
(1984, 617, 4, 1, 0, 0, 0, 0, 0, 0, 8760, 0, 0, 0),
(1985, 617, 5, 1, 0, 0, 0, 0, 0, 0, 8760, 0, 0, 0),
(1986, 618, 1, 1, 3, 3, 3, 3, 3, 3, 8717, 0, 0, 0),
(1987, 621, 1, 2, 6, 6, 6, 6, 6, 6, 8598, 0, 0, 0),
(1988, 622, 1, 3, 0, 0, 0, 0, 0, 0, 8760, 0, 0, 0),
(1989, 622, 2, 2, 0, 0, 0, 0, 0, 0, 8760, 0, 0, 0),
(1990, 622, 4, 1, 0, 0, 0, 0, 0, 0, 8760, 0, 0, 0),
(1991, 623, 1, 1, 0, 0, 2, 5, 2, 5, 8230, 0, 0, 0),
(1992, 623, 2, 0, 0, 0, 0, 1, 0, 1, 8739, 0, 0, 0),
(1993, 626, 1, 3, 0, 0, 2, 10, 2, 10, 8612, 0, 0, 0),
(1994, 626, 2, 1, 0, 0, 0, 0, 0, 0, 8760, 0, 0, 0),
(1995, 629, 1, 2, 1, 1, 1, 1, 1, 1, 8634, 0, 0, 0),
(1996, 631, 1, 1, 0, 0, 1, 1, 1, 1, 8662, 0, 0, 0),
(1997, 632, 1, 12, 19, 19, 20, 20, 20, 20, 8335, 0, 0, 0),
(1998, 632, 5, 1, 0, 0, 0, 0, 0, 0, 8760, 0, 0, 0),
(1999, 632, 9, 1, 2, 2, 2, 2, 2, 2, 8755, 0, 0, 0),
(2000, 633, 1, 1, 0, 0, 0, 0, 0, 0, 8760, 0, 0, 0),
(2001, 635, 1, 7, 1, 1, 29, 33, 29, 33, 8712, 0, 0, 0),
(2002, 635, 2, 3, 3, 3, 6, 7, 6, 7, 8740, 0, 0, 0),
(2003, 640, 1, 5, 1, 1, 1, 1, 1, 1, 8642, 0, 0, 0),
(2004, 640, 2, 1, 0, 0, 0, 0, 0, 0, 8760, 0, 0, 0),
(2005, 2223, 1, 0, 0, 0, 1, 1, 1, 1, 8750, 0, 0, 0),
(2006, 642, 1, 4, 3, 3, 12, 13, 13, 13, 8675, 0, 0, 0),
(2007, 642, 4, 1, 0, 0, 0, 0, 0, 0, 8760, 0, 0, 0),
(2008, 643, 1, 1, 0, 0, 0, 0, 0, 0, 8760, 0, 0, 0),
(2009, 643, 2, 1, 1, 1, 1, 1, 1, 1, 8746, 0, 0, 0),
(2010, 643, 3, 1, 0, 0, 0, 0, 0, 0, 8760, 0, 0, 0),
(2011, 645, 1, 2, 0, 0, 1, 1, 1, 1, 8756, 0, 0, 0),
(2012, 645, 4, 1, 0, 0, 0, 0, 0, 0, 8760, 0, 0, 0),
(2013, 645, 9, 1, 1, 1, 1, 1, 1, 1, 8748, 0, 0, 0),
(2014, 647, 1, 4, 0, 0, 10, 11, 10, 11, 8749, 0, 0, 0),
(2015, 647, 2, 1, 0, 0, 0, 0, 0, 0, 8760, 0, 0, 0),
(2016, 648, 1, 2, 0, 0, 2, 4, 4, 4, 8757, 0, 0, 0),
(2017, 651, 1, 1, 0, 0, 0, 1, 1, 1, 8759, 0, 0, 0),
(2018, 651, 2, 1, 0, 0, 0, 0, 0, 0, 8760, 0, 0, 0),
(2019, 652, 1, 1, 0, 0, 0, 2, 0, 2, 8756, 0, 0, 0),
(2020, 652, 3, 1, 0, 0, 0, 0, 0, 0, 8760, 0, 0, 0),
(2021, 652, 9, 1, 0, 0, 0, 0, 0, 0, 8760, 0, 0, 0),
(2022, 653, 1, 1, 0, 0, 0, 0, 0, 0, 8760, 0, 0, 0),
(2023, 653, 2, 1, 0, 0, 0, 0, 0, 0, 8760, 0, 0, 0),
(2024, 659, 1, 1, 0, 0, 1, 1, 1, 1, 8756, 0, 0, 0),
(2025, 659, 4, 1, 0, 0, 2, 2, 2, 2, 8702, 0, 0, 0),
(2026, 660, 1, 2, 1, 2, 12, 15, 14, 15, 8732, 0, 0, 0),
(2027, 660, 2, 1, 0, 0, 0, 0, 0, 0, 8760, 0, 0, 0),
(2028, 660, 4, 1, 0, 0, 0, 0, 0, 0, 8760, 0, 0, 0),
(2029, 662, 1, 1, 0, 0, 0, 0, 0, 0, 8760, 0, 0, 0),
(2030, 662, 2, 1, 0, 0, 0, 0, 0, 0, 8760, 0, 0, 0),
(2031, 664, 1, 2, 0, 0, 3, 5, 5, 5, 8002, 0, 0, 0),
(2032, 664, 2, 1, 0, 0, 0, 1, 1, 1, 8759, 0, 0, 0),
(2033, 665, 1, 2, 0, 0, 3, 5, 3, 5, 8756, 0, 0, 0),
(2034, 665, 2, 1, 0, 0, 0, 0, 0, 0, 8760, 0, 0, 0),
(2035, 666, 1, 1, 0, 0, 0, 0, 0, 0, 8760, 0, 0, 0),
(2036, 667, 1, 1, 0, 0, 0, 0, 0, 0, 8760, 0, 0, 0),
(2037, 667, 2, 1, 0, 1, 0, 1, 1, 1, 7980, 0, 0, 0),
(2038, 668, 1, 6, 0, 0, 5, 5, 5, 5, 8688, 0, 0, 0),
(2039, 668, 2, 2, 0, 0, 0, 0, 0, 0, 8760, 0, 0, 0),
(2040, 670, 1, 0, 0, 0, 8, 10, 8, 10, 8475, 0, 0, 0),
(2041, 670, 2, 1, 1, 1, 1, 1, 1, 1, 8760, 0, 0, 0),
(2042, 671, 1, 1, 0, 0, 0, 0, 0, 0, 8760, 0, 0, 0),
(2043, 1662, 1, 0, 0, 0, 2, 3, 2, 3, 8759, 0, 0, 0),
(2044, 1662, 2, 0, 0, 0, 3, 4, 3, 4, 8754, 0, 0, 0);
INSERT INTO `tbl_clinic_device` (`id`, `Clinic_Id`, `Device_Id`, `Quantity`, `U_W_AVG_Repair_Time_12_h`, `U_W_AVG_Repair_Time`, `AVG_Repair_Time_12_h`, `AVG_Repair_Time_All`, `First_Time_Call`, `Total_Repair_Calls_All`, `Up_Time`, `Doctors_Trained`, `Nurses_Trained`, `E_Learning_Course_Delivered`) VALUES
(2045, 672, 1, 12, 3, 3, 8, 11, 8, 11, 8629, 0, 0, 0),
(2046, 672, 2, 5, 1, 1, 5, 12, 5, 12, 8740, 0, 0, 0),
(2047, 672, 5, 1, 0, 0, 0, 0, 0, 0, 8760, 0, 0, 0),
(2048, 672, 9, 1, 0, 0, 0, 0, 0, 0, 8760, 0, 0, 0),
(2049, 673, 1, 1, 0, 0, 2, 3, 2, 3, 8747, 0, 0, 0),
(2050, 673, 2, 1, 0, 0, 1, 1, 1, 1, 8219, 0, 0, 0),
(2051, 673, 4, 1, 0, 0, 0, 0, 0, 0, 8760, 0, 0, 0),
(2052, 673, 5, 1, 0, 0, 0, 0, 0, 0, 8760, 0, 0, 0),
(2053, 674, 1, 1, 0, 0, 0, 0, 0, 0, 8760, 0, 0, 0),
(2054, 675, 1, 4, 0, 0, 0, 0, 0, 0, 8760, 0, 0, 0),
(2055, 675, 2, 1, 0, 0, 0, 0, 0, 0, 8760, 0, 0, 0),
(2056, 676, 1, 2, 3, 3, 7, 8, 7, 8, 8685, 0, 0, 0),
(2057, 677, 1, 2, 0, 0, 0, 0, 0, 0, 8760, 0, 0, 0),
(2058, 677, 2, 1, 0, 0, 0, 0, 0, 0, 8760, 0, 0, 0),
(2059, 677, 4, 1, 0, 0, 0, 0, 0, 0, 8760, 0, 0, 0),
(2060, 677, 9, 1, 0, 0, 0, 0, 0, 0, 8760, 0, 0, 0),
(2061, 678, 1, 1, 0, 0, 2, 2, 2, 2, 8464, 0, 0, 0),
(2062, 679, 1, 1, 0, 0, 0, 0, 0, 0, 8760, 0, 0, 0),
(2063, 680, 1, 2, 1, 1, 1, 1, 1, 1, 8260, 0, 0, 0),
(2064, 680, 2, 1, 0, 0, 0, 0, 0, 0, 8760, 0, 0, 0),
(2065, 680, 3, 1, 0, 0, 0, 0, 0, 0, 8760, 0, 0, 0),
(2066, 680, 5, 1, 0, 0, 0, 0, 0, 0, 8760, 0, 0, 0),
(2067, 682, 1, 3, 2, 2, 6, 8, 6, 8, 8513, 0, 0, 0),
(2068, 682, 2, 1, 1, 1, 1, 1, 1, 1, 8709, 0, 0, 0),
(2069, 683, 1, 2, 1, 1, 5, 5, 5, 5, 8752, 0, 0, 0),
(2070, 684, 1, 7, 6, 6, 26, 29, 27, 29, 8711, 0, 0, 0),
(2071, 684, 2, 2, 0, 0, 4, 12, 5, 12, 8735, 0, 0, 0),
(2072, 684, 4, 1, 0, 0, 0, 0, 0, 0, 8760, 0, 0, 0),
(2073, 685, 1, 1, 0, 0, 0, 0, 0, 0, 8760, 0, 0, 0),
(2074, 685, 2, 1, 0, 0, 0, 0, 0, 0, 8760, 0, 0, 0),
(2075, 686, 1, 1, 1, 1, 1, 1, 1, 1, 8717, 0, 0, 0),
(2076, 687, 1, 2, 1, 1, 1, 1, 1, 1, 8710, 0, 0, 0),
(2077, 687, 2, 1, 0, 0, 0, 0, 0, 0, 8760, 0, 0, 0),
(2078, 687, 3, 1, 0, 0, 0, 0, 0, 0, 8760, 0, 0, 0),
(2079, 688, 1, 4, 0, 1, 0, 1, 1, 1, 8737, 0, 0, 0),
(2080, 688, 2, 2, 0, 2, 2, 5, 4, 5, 8697, 0, 0, 0),
(2081, 688, 4, 2, 0, 0, 0, 0, 0, 0, 8760, 0, 0, 0),
(2082, 690, 1, 1, 0, 0, 2, 3, 2, 3, 8287, 0, 0, 0),
(2083, 690, 2, 1, 0, 0, 0, 0, 0, 0, 8760, 0, 0, 0),
(2084, 691, 1, 1, 0, 0, 2, 3, 2, 3, 8758, 0, 0, 0),
(2085, 691, 2, 1, 0, 0, 0, 1, 0, 1, 8756, 0, 0, 0),
(2086, 691, 4, 1, 0, 0, 0, 0, 0, 0, 8760, 0, 0, 0),
(2087, 692, 1, 1, 0, 0, 0, 0, 0, 0, 8760, 0, 0, 0),
(2088, 692, 2, 1, 0, 0, 0, 0, 0, 0, 8760, 0, 0, 0),
(2089, 695, 1, 1, 0, 0, 0, 0, 0, 0, 8760, 0, 0, 0),
(2090, 695, 2, 1, 0, 0, 1, 1, 1, 1, 8736, 0, 0, 0),
(2091, 695, 3, 1, 0, 0, 0, 0, 0, 0, 8760, 0, 0, 0),
(2092, 695, 9, 1, 0, 0, 1, 1, 1, 1, 8434, 0, 0, 0),
(2093, 696, 1, 2, 0, 0, 1, 3, 1, 3, 8712, 0, 0, 0),
(2094, 696, 2, 1, 0, 0, 0, 0, 0, 0, 8760, 0, 0, 0),
(2095, 696, 4, 1, 0, 0, 1, 1, 1, 1, 8330, 0, 0, 0),
(2096, 698, 1, 2, 4, 4, 4, 4, 4, 4, 8504, 0, 0, 0),
(2097, 699, 1, 1, 0, 0, 0, 0, 0, 0, 8760, 0, 0, 0),
(2098, 700, 1, 2, 1, 1, 1, 1, 1, 1, 8752, 0, 0, 0),
(2099, 700, 2, 1, 0, 0, 0, 0, 0, 0, 8760, 0, 0, 0),
(2100, 701, 9, 1, 0, 1, 0, 1, 0, 1, 8757, 0, 0, 0),
(2101, 704, 1, 1, 0, 0, 0, 0, 0, 0, 8760, 0, 0, 0),
(2102, 705, 1, 3, 0, 0, 1, 1, 1, 1, 8350, 0, 0, 0),
(2103, 706, 1, 3, 1, 2, 1, 2, 1, 2, 8757, 0, 0, 0),
(2104, 706, 2, 1, 0, 0, 0, 0, 0, 0, 8760, 0, 0, 0),
(2105, 707, 1, 2, 1, 1, 1, 1, 1, 1, 8746, 0, 0, 0),
(2106, 707, 2, 1, 0, 0, 0, 0, 0, 0, 8760, 0, 0, 0),
(2107, 708, 1, 1, 0, 0, 0, 0, 0, 0, 8760, 0, 0, 0),
(2108, 709, 1, 2, 3, 3, 3, 3, 3, 3, 8755, 0, 0, 0),
(2109, 709, 3, 1, 0, 0, 0, 0, 0, 0, 8760, 0, 0, 0),
(2110, 710, 1, 11, 21, 24, 30, 34, 34, 34, 8659, 0, 0, 0),
(2111, 710, 2, 2, 0, 0, 0, 0, 0, 0, 8760, 0, 0, 0),
(2112, 710, 3, 1, 0, 0, 0, 0, 0, 0, 8760, 0, 0, 0),
(2113, 710, 5, 3, 0, 0, 0, 0, 0, 0, 8760, 0, 0, 0),
(2114, 710, 9, 3, 0, 0, 0, 0, 0, 0, 8760, 0, 0, 0),
(2115, 710, 7, 2, 5, 8, 5, 8, 5, 8, 8727, 0, 0, 0),
(2116, 711, 1, 2, 0, 0, 1, 1, 1, 1, 8754, 0, 0, 0),
(2117, 711, 2, 1, 0, 0, 0, 0, 0, 0, 8760, 0, 0, 0),
(2118, 711, 5, 1, 0, 0, 0, 0, 0, 0, 8760, 0, 0, 0),
(2119, 712, 1, 2, 2, 3, 2, 3, 3, 3, 8753, 0, 0, 0),
(2120, 714, 1, 2, 0, 0, 0, 1, 1, 1, 8734, 0, 0, 0),
(2121, 714, 2, 1, 0, 0, 0, 0, 0, 0, 8760, 0, 0, 0),
(2122, 715, 1, 2, 0, 0, 1, 2, 1, 2, 8758, 0, 0, 0),
(2123, 716, 1, 1, 0, 0, 0, 0, 0, 0, 8760, 0, 0, 0),
(2124, 716, 2, 1, 0, 0, 0, 0, 0, 0, 8760, 0, 0, 0),
(2125, 975, 1, 1, 0, 0, 1, 2, 1, 2, 8716, 0, 0, 0),
(2126, 975, 2, 1, 0, 0, 1, 2, 2, 2, 8752, 0, 0, 0),
(2127, 975, 3, 1, 0, 0, 0, 0, 0, 0, 8760, 0, 0, 0),
(2128, 977, 1, 2, 1, 2, 1, 2, 1, 2, 8473, 0, 0, 0),
(2129, 977, 2, 1, 1, 1, 1, 1, 1, 1, 8759, 0, 0, 0),
(2130, 977, 3, 1, 0, 0, 0, 0, 0, 0, 8760, 0, 0, 0),
(2131, 981, 1, 1, 2, 2, 3, 6, 4, 6, 8734, 0, 0, 0),
(2132, 982, 1, 2, 0, 0, 5, 7, 5, 7, 8141, 0, 0, 0),
(2133, 982, 2, 1, 0, 0, 2, 3, 2, 3, 8682, 0, 0, 0),
(2134, 982, 4, 1, 0, 0, 0, 0, 0, 0, 8760, 0, 0, 0),
(2135, 983, 1, 1, 0, 0, 0, 0, 0, 0, 8760, 0, 0, 0),
(2136, 984, 1, 2, 1, 1, 1, 1, 1, 1, 8704, 0, 0, 0),
(2137, 984, 2, 1, 0, 1, 0, 1, 1, 1, 8365, 0, 0, 0),
(2138, 986, 1, 3, 3, 4, 3, 4, 4, 4, 8468, 0, 0, 0),
(2139, 986, 2, 1, 0, 0, 3, 4, 3, 4, 8418, 0, 0, 0),
(2140, 986, 3, 1, 0, 0, 0, 0, 0, 0, 8760, 0, 0, 0),
(2141, 987, 1, 2, 7, 7, 8, 8, 8, 8, 8754, 0, 0, 0),
(2142, 987, 2, 1, 2, 2, 2, 2, 2, 2, 8368, 0, 0, 0),
(2143, 987, 4, 1, 0, 0, 0, 0, 0, 0, 8760, 0, 0, 0),
(2144, 988, 1, 3, 2, 2, 6, 6, 6, 6, 8749, 0, 0, 0),
(2145, 998, 1, 3, 6, 7, 6, 7, 6, 7, 8735, 0, 0, 0),
(2146, 998, 2, 1, 0, 0, 3, 6, 3, 6, 8411, 0, 0, 0),
(2147, 998, 4, 1, 0, 0, 0, 0, 0, 0, 8760, 0, 0, 0),
(2148, 996, 1, 1, 0, 0, 0, 0, 0, 0, 8760, 0, 0, 0),
(2149, 997, 1, 2, 1, 1, 4, 5, 5, 5, 8742, 0, 0, 0),
(2150, 997, 2, 1, 2, 3, 2, 3, 3, 3, 8749, 0, 0, 0),
(2151, 997, 3, 1, 0, 0, 0, 0, 0, 0, 8760, 0, 0, 0),
(2152, 1005, 1, 1, 1, 1, 1, 1, 1, 1, 8750, 0, 0, 0),
(2153, 1006, 1, 9, 18, 19, 18, 19, 17, 19, 8668, 0, 0, 0),
(2154, 1006, 2, 3, 1, 2, 1, 2, 1, 2, 8701, 0, 0, 0),
(2155, 1006, 4, 2, 0, 0, 0, 0, 0, 0, 8760, 0, 0, 0),
(2156, 1006, 9, 1, 0, 1, 0, 1, 0, 1, 8751, 0, 0, 0),
(2157, 1947, 1, 0, 0, 0, 5, 5, 5, 5, 8739, 0, 0, 0),
(2158, 1009, 1, 2, 2, 3, 2, 3, 2, 3, 8742, 0, 0, 0),
(2159, 1011, 1, 1, 0, 0, 1, 1, 1, 1, 8742, 0, 0, 0),
(2160, 1013, 1, 9, 6, 6, 6, 6, 6, 6, 8716, 0, 0, 0),
(2161, 1013, 9, 1, 0, 0, 0, 0, 0, 0, 8760, 0, 0, 0),
(2162, 1014, 1, 3, 5, 5, 9, 14, 9, 14, 8749, 0, 0, 0),
(2163, 1014, 9, 1, 0, 0, 0, 0, 0, 0, 8760, 0, 0, 0),
(2164, 1015, 1, 1, 0, 0, 1, 1, 1, 1, 8725, 0, 0, 0),
(2165, 1015, 2, 1, 0, 0, 0, 0, 0, 0, 8760, 0, 0, 0),
(2166, 1015, 4, 1, 0, 0, 0, 0, 0, 0, 8760, 0, 0, 0),
(2167, 1017, 1, 1, 0, 0, 3, 3, 3, 3, 8755, 0, 0, 0),
(2168, 1018, 1, 3, 9, 17, 10, 19, 14, 19, 8753, 0, 0, 0),
(2169, 1018, 2, 2, 2, 2, 2, 2, 2, 2, 8463, 0, 0, 0),
(2170, 1018, 4, 2, 2, 3, 2, 3, 2, 3, 8742, 0, 0, 0),
(2171, 1018, 9, 1, 0, 0, 0, 0, 0, 0, 8760, 0, 0, 0),
(2172, 1018, 7, 1, 3, 3, 3, 3, 3, 3, 8752, 0, 0, 0),
(2173, 1020, 1, 2, 0, 0, 2, 2, 2, 2, 8761, 0, 0, 0),
(2174, 1020, 2, 1, 0, 0, 3, 4, 3, 4, 8754, 0, 0, 0),
(2175, 1020, 3, 1, 0, 0, 0, 0, 0, 0, 8760, 0, 0, 0),
(2176, 1020, 4, 1, 0, 0, 0, 0, 0, 0, 8760, 0, 0, 0),
(2177, 1020, 9, 1, 0, 1, 0, 1, 0, 1, 8755, 0, 0, 0),
(2178, 1024, 1, 4, 19, 22, 20, 23, 20, 23, 8650, 0, 0, 0),
(2179, 1024, 2, 1, 1, 2, 1, 2, 1, 2, 8751, 0, 0, 0),
(2180, 1025, 1, 1, 0, 0, 0, 0, 0, 0, 8760, 0, 0, 0),
(2181, 1025, 2, 1, 0, 0, 0, 0, 0, 0, 8760, 0, 0, 0),
(2182, 1027, 1, 1, 2, 2, 2, 2, 2, 2, 8755, 0, 0, 0),
(2183, 1028, 1, 1, 0, 0, 7, 7, 7, 7, 8710, 0, 0, 0),
(2184, 1028, 2, 1, 0, 0, 0, 1, 0, 1, 8753, 0, 0, 0),
(2185, 1028, 4, 1, 0, 0, 4, 4, 4, 4, 8221, 0, 0, 0),
(2186, 1029, 1, 3, 4, 4, 13, 14, 14, 14, 8741, 0, 0, 0),
(2187, 1029, 4, 1, 0, 0, 2, 3, 2, 3, 8723, 0, 0, 0),
(2188, 1032, 1, 1, 0, 0, 0, 0, 0, 0, 8760, 0, 0, 0),
(2189, 1032, 2, 1, 0, 0, 0, 0, 0, 0, 8760, 0, 0, 0),
(2190, 1037, 1, 1, 4, 5, 4, 5, 5, 5, 8583, 0, 0, 0),
(2191, 1037, 2, 1, 0, 0, 0, 0, 0, 0, 8760, 0, 0, 0),
(2192, 1037, 4, 1, 0, 0, 0, 0, 0, 0, 8760, 0, 0, 0),
(2193, 1045, 1, 4, 4, 5, 4, 5, 4, 5, 8709, 0, 0, 0),
(2194, 1045, 2, 2, 0, 0, 0, 0, 0, 0, 8760, 0, 0, 0),
(2195, 1045, 4, 1, 0, 0, 0, 0, 0, 0, 8760, 0, 0, 0),
(2196, 1046, 1, 2, 0, 0, 0, 0, 0, 0, 8760, 0, 0, 0),
(2197, 1046, 4, 1, 0, 0, 0, 0, 0, 0, 8760, 0, 0, 0),
(2198, 1046, 9, 1, 0, 0, 0, 0, 0, 0, 8760, 0, 0, 0),
(2199, 1047, 1, 2, 0, 0, 0, 0, 0, 0, 8760, 0, 0, 0),
(2200, 1047, 2, 1, 0, 0, 0, 0, 0, 0, 8760, 0, 0, 0),
(2201, 1047, 4, 1, 0, 0, 0, 0, 0, 0, 8760, 0, 0, 0),
(2202, 1049, 1, 1, 1, 1, 1, 1, 1, 1, 8747, 0, 0, 0),
(2203, 1049, 3, 1, 0, 0, 0, 0, 0, 0, 8760, 0, 0, 0),
(2204, 1050, 1, 1, 0, 0, 0, 0, 0, 0, 8760, 0, 0, 0),
(2205, 1052, 1, 1, 0, 0, 2, 3, 2, 3, 8740, 0, 0, 0),
(2206, 1056, 1, 3, 8, 9, 30, 32, 32, 32, 8654, 0, 0, 0),
(2207, 1056, 2, 1, 0, 0, 4, 5, 4, 5, 8726, 0, 0, 0),
(2208, 1056, 3, 1, 0, 0, 0, 0, 0, 0, 8760, 0, 0, 0),
(2209, 1056, 7, 1, 0, 2, 0, 2, 1, 2, 8746, 0, 0, 0),
(2210, 1059, 1, 2, 2, 3, 2, 3, 2, 3, 8516, 0, 0, 0),
(2211, 1060, 1, 3, 5, 5, 5, 5, 5, 5, 8582, 0, 0, 0),
(2212, 1060, 2, 1, 0, 0, 0, 0, 0, 0, 8760, 0, 0, 0),
(2213, 1061, 1, 2, 0, 0, 0, 0, 0, 0, 8760, 0, 0, 0),
(2214, 1061, 2, 1, 0, 0, 0, 0, 0, 0, 8760, 0, 0, 0),
(2215, 1061, 4, 1, 0, 0, 0, 0, 0, 0, 8760, 0, 0, 0),
(2216, 1065, 1, 1, 0, 0, 6, 8, 7, 8, 8753, 0, 0, 0),
(2217, 1066, 1, 1, 0, 1, 0, 1, 1, 1, 8250, 0, 0, 0),
(2218, 1066, 2, 1, 1, 1, 1, 1, 1, 1, 8655, 0, 0, 0),
(2219, 1066, 3, 1, 0, 0, 0, 0, 0, 0, 8760, 0, 0, 0),
(2220, 1068, 1, 1, 3, 4, 3, 4, 3, 4, 8698, 0, 0, 0),
(2221, 1070, 1, 2, 8, 11, 8, 11, 10, 11, 8665, 0, 0, 0),
(2222, 1070, 2, 1, 0, 0, 0, 0, 0, 0, 8760, 0, 0, 0),
(2223, 1070, 3, 1, 1, 2, 1, 2, 1, 2, 8654, 0, 0, 0),
(2224, 1070, 5, 1, 0, 0, 0, 0, 0, 0, 8760, 0, 0, 0),
(2225, 1070, 9, 1, 0, 1, 0, 1, 0, 1, 8718, 0, 0, 0),
(2226, 1071, 1, 1, 0, 0, 0, 1, 0, 1, 8752, 0, 0, 0),
(2227, 2199, 1, 0, 4, 4, 4, 4, 4, 4, 8530, 0, 0, 0),
(2228, 1992, 1, 0, 1, 1, 6, 6, 6, 6, 8737, 0, 0, 0),
(2229, 1088, 1, 4, 7, 12, 7, 12, 12, 12, 8669, 0, 0, 0),
(2230, 1088, 2, 1, 1, 1, 1, 1, 1, 1, 8557, 0, 0, 0),
(2231, 1088, 5, 1, 0, 0, 0, 0, 0, 0, 8760, 0, 0, 0),
(2232, 1088, 9, 1, 0, 0, 0, 0, 0, 0, 8760, 0, 0, 0),
(2233, 1089, 1, 5, 2, 3, 2, 3, 2, 3, 7721, 0, 0, 0),
(2234, 1089, 2, 1, 0, 0, 0, 0, 0, 0, 8760, 0, 0, 0),
(2235, 1090, 1, 2, 3, 4, 3, 4, 3, 4, 8421, 0, 0, 0),
(2236, 58, 1, 15, 18, 19, 18, 19, 19, 19, 8747, 0, 0, 0),
(2237, 58, 2, 5, 4, 4, 4, 4, 4, 4, 8666, 0, 0, 0),
(2238, 58, 4, 1, 0, 0, 0, 0, 0, 0, 8760, 0, 0, 0),
(2239, 58, 5, 3, 0, 0, 0, 0, 0, 0, 8760, 0, 0, 0),
(2240, 44, 1, 1, 1, 1, 1, 1, 1, 1, 8752, 0, 0, 0),
(2241, 1093, 1, 3, 5, 5, 9, 11, 9, 11, 8742, 0, 0, 0),
(2242, 1096, 1, 1, 0, 0, 0, 0, 0, 0, 8760, 0, 0, 0),
(2243, 1096, 2, 1, 0, 0, 0, 0, 0, 0, 8760, 0, 0, 0),
(2244, 1098, 1, 1, 1, 1, 1, 2, 1, 2, 8751, 0, 0, 0),
(2245, 1098, 2, 1, 0, 0, 0, 0, 0, 0, 8760, 0, 0, 0),
(2246, 1099, 1, 3, 6, 10, 7, 12, 11, 12, 8743, 0, 0, 0),
(2247, 1104, 1, 2, 1, 4, 1, 4, 4, 4, 8744, 0, 0, 0),
(2248, 1104, 2, 1, 0, 0, 1, 2, 1, 2, 8743, 0, 0, 0),
(2249, 1104, 5, 1, 1, 1, 1, 1, 1, 1, 8676, 0, 0, 0),
(2250, 1104, 9, 1, 0, 0, 0, 0, 0, 0, 8760, 0, 0, 0),
(2251, 1104, 7, 1, 3, 4, 3, 4, 4, 4, 8734, 0, 0, 0),
(2252, 1107, 1, 2, 1, 3, 1, 3, 1, 3, 8704, 0, 0, 0),
(2253, 1107, 2, 1, 1, 2, 1, 2, 1, 2, 8756, 0, 0, 0),
(2254, 1107, 4, 1, 0, 0, 0, 0, 0, 0, 8760, 0, 0, 0),
(2255, 1107, 9, 1, 0, 0, 0, 0, 0, 0, 8760, 0, 0, 0),
(2256, 1109, 2, 1, 1, 1, 1, 1, 1, 1, 8740, 0, 0, 0),
(2257, 1113, 1, 3, 0, 0, 7, 8, 8, 8, 8081, 0, 0, 0),
(2258, 1113, 2, 3, 1, 1, 2, 2, 2, 2, 8604, 0, 0, 0),
(2259, 1113, 3, 1, 0, 0, 0, 0, 0, 0, 8760, 0, 0, 0),
(2260, 1113, 9, 2, 0, 0, 0, 0, 0, 0, 8760, 0, 0, 0),
(2261, 1115, 1, 3, 1, 2, 1, 2, 1, 2, 8760, 0, 0, 0),
(2262, 1115, 2, 1, 0, 0, 0, 0, 0, 0, 8760, 0, 0, 0),
(2263, 1115, 4, 1, 0, 0, 0, 0, 0, 0, 8760, 0, 0, 0),
(2264, 1115, 5, 1, 0, 0, 0, 0, 0, 0, 8760, 0, 0, 0),
(2265, 1115, 9, 1, 0, 0, 0, 0, 0, 0, 8760, 0, 0, 0),
(2266, 1115, 7, 1, 0, 0, 0, 0, 0, 0, 8760, 0, 0, 0),
(2267, 1115, 10, 1, 0, 0, 0, 0, 0, 0, 8760, 0, 0, 0),
(2268, 1125, 1, 2, 2, 2, 2, 2, 2, 2, 8721, 0, 0, 0),
(2269, 1126, 1, 1, 0, 0, 0, 0, 0, 0, 8760, 0, 0, 0),
(2270, 1127, 1, 6, 15, 17, 15, 17, 16, 17, 8693, 0, 0, 0),
(2271, 1127, 2, 3, 2, 5, 2, 5, 3, 5, 8718, 0, 0, 0),
(2272, 1127, 4, 3, 3, 3, 3, 3, 3, 3, 8671, 0, 0, 0),
(2273, 1127, 9, 2, 0, 0, 0, 0, 0, 0, 8760, 0, 0, 0),
(2274, 1130, 1, 1, 2, 3, 3, 4, 4, 4, 8584, 0, 0, 0),
(2275, 1131, 1, 1, 0, 0, 0, 0, 0, 0, 8760, 0, 0, 0),
(2276, 1131, 2, 1, 0, 0, 0, 0, 0, 0, 8760, 0, 0, 0),
(2277, 1133, 2, 1, 1, 3, 1, 3, 2, 3, 8757, 0, 0, 0),
(2278, 1134, 1, 0, 0, 0, 1, 2, 1, 2, 8728, 0, 0, 0),
(2279, 1134, 2, 1, 1, 1, 1, 1, 1, 1, 8758, 0, 0, 0),
(2280, 1135, 1, 2, 3, 3, 4, 4, 4, 4, 8675, 0, 0, 0),
(2281, 1135, 2, 0, 0, 0, 1, 1, 1, 1, 8744, 0, 0, 0),
(2282, 1139, 1, 1, 11, 17, 11, 17, 14, 17, 8750, 0, 0, 0),
(2283, 1139, 2, 0, 3, 3, 3, 3, 3, 3, 6474, 0, 0, 0),
(2284, 1144, 1, 1, 2, 2, 2, 2, 2, 2, 8679, 0, 0, 0),
(2285, 1144, 2, 1, 2, 2, 2, 2, 2, 2, 8442, 0, 0, 0),
(2286, 1144, 3, 1, 2, 2, 2, 2, 2, 2, 8745, 0, 0, 0),
(2287, 1144, 9, 1, 2, 2, 2, 2, 2, 2, 8755, 0, 0, 0),
(2288, 1147, 1, 4, 8, 11, 15, 20, 19, 20, 8750, 0, 0, 0),
(2289, 1147, 2, 1, 0, 0, 3, 7, 5, 7, 8554, 0, 0, 0),
(2290, 1148, 1, 2, 0, 0, 5, 7, 6, 7, 8399, 0, 0, 0),
(2291, 1154, 1, 1, 4, 5, 4, 5, 5, 5, 8758, 0, 0, 0),
(2292, 1154, 2, 1, 4, 6, 4, 6, 4, 6, 8758, 0, 0, 0),
(2293, 1154, 3, 1, 0, 0, 0, 0, 0, 0, 8760, 0, 0, 0),
(2294, 1154, 5, 1, 1, 1, 1, 1, 1, 1, 8757, 0, 0, 0),
(2295, 1154, 9, 1, 0, 0, 0, 0, 0, 0, 8760, 0, 0, 0),
(2296, 1155, 1, 1, 2, 3, 2, 3, 3, 3, 8754, 0, 0, 0),
(2297, 1155, 2, 1, 4, 5, 4, 5, 5, 5, 8544, 0, 0, 0),
(2298, 1157, 1, 1, 1, 1, 1, 1, 1, 1, 8567, 0, 0, 0),
(2299, 1158, 1, 1, 0, 0, 0, 0, 0, 0, 8760, 0, 0, 0),
(2300, 1159, 1, 1, 0, 0, 0, 0, 0, 0, 8760, 0, 0, 0),
(2301, 1163, 1, 1, 5, 6, 5, 6, 5, 6, 8704, 0, 0, 0),
(2302, 1165, 1, 1, 5, 5, 5, 5, 5, 5, 8754, 0, 0, 0),
(2303, 1165, 3, 1, 0, 0, 0, 0, 0, 0, 8760, 0, 0, 0),
(2304, 1166, 1, 2, 0, 0, 0, 0, 0, 0, 8760, 0, 0, 0),
(2305, 1166, 2, 1, 1, 1, 1, 1, 1, 1, 8752, 0, 0, 0),
(2306, 1167, 1, 1, 4, 4, 4, 4, 4, 4, 8752, 0, 0, 0),
(2307, 1170, 3, 1, 0, 0, 0, 0, 0, 0, 8760, 0, 0, 0),
(2308, 1171, 1, 1, 1, 1, 1, 1, 1, 1, 8748, 0, 0, 0),
(2309, 1171, 2, 1, 0, 0, 0, 0, 0, 0, 8760, 0, 0, 0),
(2310, 1171, 4, 1, 0, 0, 0, 0, 0, 0, 8760, 0, 0, 0),
(2311, 1172, 1, 1, 1, 1, 1, 1, 1, 1, 8752, 0, 0, 0),
(2312, 1172, 4, 1, 0, 0, 0, 0, 0, 0, 8760, 0, 0, 0),
(2313, 1174, 1, 1, 4, 4, 4, 4, 4, 4, 8646, 0, 0, 0),
(2314, 1174, 2, 1, 1, 1, 1, 1, 1, 1, 8624, 0, 0, 0),
(2315, 1174, 4, 1, 0, 0, 0, 0, 0, 0, 8760, 0, 0, 0),
(2316, 1175, 1, 1, 1, 1, 1, 2, 2, 2, 8735, 0, 0, 0),
(2317, 1175, 2, 1, 0, 0, 0, 0, 0, 0, 8760, 0, 0, 0),
(2318, 1175, 3, 1, 0, 0, 0, 0, 0, 0, 8760, 0, 0, 0),
(2319, 1179, 1, 1, 1, 1, 1, 1, 1, 1, 8760, 0, 0, 0),
(2320, 1182, 1, 1, 3, 3, 3, 4, 4, 4, 8307, 0, 0, 0),
(2321, 1190, 1, 3, 5, 12, 5, 12, 12, 12, 8492, 0, 0, 0),
(2322, 1190, 2, 1, 2, 3, 2, 3, 3, 3, 8757, 0, 0, 0),
(2323, 1191, 1, 1, 3, 5, 4, 6, 4, 6, 8737, 0, 0, 0),
(2324, 1191, 2, 1, 0, 0, 0, 0, 0, 0, 8760, 0, 0, 0),
(2325, 1192, 1, 1, 2, 4, 2, 4, 3, 4, 8736, 0, 0, 0),
(2326, 1193, 1, 9, 23, 26, 29, 36, 31, 36, 8751, 0, 0, 0),
(2327, 1193, 2, 7, 7, 10, 16, 24, 17, 24, 8700, 0, 0, 0),
(2328, 1193, 3, 2, 5, 6, 5, 6, 5, 6, 8652, 0, 0, 0),
(2329, 1193, 9, 2, 1, 4, 1, 4, 1, 4, 8755, 0, 0, 0),
(2330, 1195, 1, 1, 0, 0, 0, 0, 0, 0, 8760, 0, 0, 0),
(2331, 1199, 1, 1, 2, 2, 3, 3, 3, 3, 8753, 0, 0, 0),
(2332, 1200, 1, 2, 8, 8, 8, 8, 8, 8, 8686, 0, 0, 0),
(2333, 1200, 2, 1, 1, 1, 1, 1, 1, 1, 8756, 0, 0, 0),
(2334, 1200, 3, 1, 0, 0, 0, 0, 0, 0, 8760, 0, 0, 0),
(2335, 1201, 1, 1, 1, 1, 4, 4, 4, 4, 8742, 0, 0, 0),
(2336, 1201, 5, 1, 0, 0, 0, 0, 0, 0, 8760, 0, 0, 0),
(2337, 1201, 9, 1, 1, 1, 1, 1, 1, 1, 8756, 0, 0, 0),
(2338, 1204, 1, 1, 2, 6, 2, 6, 4, 6, 8750, 0, 0, 0),
(2339, 1204, 9, 1, 0, 0, 0, 0, 0, 0, 8760, 0, 0, 0),
(2340, 1205, 1, 2, 0, 1, 1, 2, 2, 2, 8417, 0, 0, 0),
(2341, 1205, 2, 1, 0, 0, 0, 0, 0, 0, 8760, 0, 0, 0),
(2342, 1205, 4, 1, 0, 0, 0, 0, 0, 0, 8760, 0, 0, 0),
(2343, 1215, 1, 1, 0, 0, 0, 0, 0, 0, 8760, 0, 0, 0),
(2344, 1215, 4, 1, 1, 1, 1, 1, 1, 1, 8749, 0, 0, 0),
(2345, 1215, 9, 1, 0, 0, 0, 0, 0, 0, 8760, 0, 0, 0),
(2346, 1216, 1, 1, 1, 1, 1, 1, 1, 1, 8253, 0, 0, 0),
(2347, 1216, 9, 1, 0, 0, 0, 0, 0, 0, 8760, 0, 0, 0),
(2348, 1216, 7, 1, 0, 0, 0, 0, 0, 0, 8760, 0, 0, 0),
(2349, 1218, 1, 9, 8, 9, 8, 9, 8, 9, 8459, 0, 0, 0),
(2350, 1218, 2, 2, 4, 4, 4, 4, 4, 4, 8757, 0, 0, 0),
(2351, 1218, 7, 2, 4, 4, 4, 4, 4, 4, 8760, 0, 0, 0),
(2352, 2201, 1, 0, 0, 0, 3, 5, 4, 5, 8751, 0, 0, 0),
(2353, 1220, 1, 3, 11, 11, 11, 11, 11, 11, 8586, 0, 0, 0),
(2354, 1221, 1, 1, 0, 0, 0, 0, 0, 0, 8760, 0, 0, 0),
(2355, 1221, 2, 1, 0, 0, 0, 0, 0, 0, 8760, 0, 0, 0),
(2356, 1222, 1, 1, 2, 2, 2, 2, 2, 2, 8737, 0, 0, 0),
(2357, 1222, 2, 1, 1, 1, 1, 1, 1, 1, 8752, 0, 0, 0),
(2358, 1224, 1, 4, 8, 9, 8, 9, 9, 9, 8715, 0, 0, 0),
(2359, 1224, 2, 1, 1, 1, 1, 1, 1, 1, 8756, 0, 0, 0),
(2360, 1224, 4, 1, 0, 0, 0, 0, 0, 0, 8760, 0, 0, 0),
(2361, 1225, 1, 1, 1, 1, 1, 1, 1, 1, 8753, 0, 0, 0),
(2362, 1225, 3, 1, 0, 0, 0, 0, 0, 0, 8760, 0, 0, 0),
(2363, 1226, 1, 1, 1, 1, 1, 1, 1, 1, 8760, 0, 0, 0),
(2364, 1227, 1, 1, 2, 2, 2, 2, 2, 2, 8759, 0, 0, 0),
(2365, 1228, 1, 2, 7, 7, 7, 7, 7, 7, 8750, 0, 0, 0),
(2366, 1228, 2, 1, 1, 1, 1, 1, 1, 1, 8760, 0, 0, 0),
(2367, 1229, 1, 1, 1, 1, 1, 1, 1, 1, 8392, 0, 0, 0),
(2368, 1229, 2, 1, 0, 0, 0, 0, 0, 0, 8760, 0, 0, 0),
(2369, 1229, 4, 1, 0, 0, 0, 0, 0, 0, 8760, 0, 0, 0),
(2370, 1233, 1, 2, 0, 0, 0, 0, 0, 0, 8760, 0, 0, 0),
(2371, 1233, 2, 1, 0, 0, 0, 0, 0, 0, 8760, 0, 0, 0),
(2372, 1233, 4, 1, 0, 0, 0, 0, 0, 0, 8760, 0, 0, 0),
(2373, 1233, 5, 1, 0, 0, 0, 0, 0, 0, 8760, 0, 0, 0),
(2374, 1233, 9, 1, 0, 0, 0, 0, 0, 0, 8760, 0, 0, 0),
(2375, 1233, 7, 1, 0, 0, 0, 0, 0, 0, 8760, 0, 0, 0),
(2376, 1233, 10, 1, 0, 0, 0, 0, 0, 0, 8760, 0, 0, 0),
(2377, 1235, 1, 1, 1, 1, 1, 1, 1, 1, 8760, 0, 0, 0),
(2378, 1236, 1, 2, 3, 3, 3, 3, 3, 3, 8736, 0, 0, 0),
(2379, 1236, 2, 1, 4, 4, 4, 4, 4, 4, 8744, 0, 0, 0),
(2380, 1236, 3, 1, 0, 0, 0, 0, 0, 0, 8760, 0, 0, 0),
(2381, 1237, 1, 1, 3, 3, 3, 3, 3, 3, 8754, 0, 0, 0),
(2382, 1237, 2, 1, 0, 2, 0, 2, 2, 2, 8756, 0, 0, 0),
(2383, 1239, 1, 3, 5, 5, 6, 7, 6, 7, 8749, 0, 0, 0),
(2384, 1241, 1, 2, 4, 4, 4, 4, 4, 4, 8756, 0, 0, 0),
(2385, 1241, 2, 1, 1, 1, 1, 1, 1, 1, 8752, 0, 0, 0),
(2386, 1241, 4, 1, 0, 0, 0, 0, 0, 0, 8760, 0, 0, 0),
(2387, 1244, 1, 1, 2, 2, 2, 2, 2, 2, 8754, 0, 0, 0),
(2388, 1244, 2, 1, 1, 1, 1, 1, 1, 1, 8185, 0, 0, 0),
(2389, 1244, 4, 1, 0, 0, 0, 0, 0, 0, 8760, 0, 0, 0),
(2390, 1248, 1, 1, 0, 0, 0, 0, 0, 0, 8760, 0, 0, 0),
(2391, 1248, 2, 1, 2, 2, 2, 2, 2, 2, 8756, 0, 0, 0),
(2392, 1248, 4, 1, 0, 0, 0, 0, 0, 0, 8760, 0, 0, 0),
(2393, 1251, 1, 1, 8, 8, 8, 8, 8, 8, 8750, 0, 0, 0),
(2394, 1253, 1, 2, 1, 2, 1, 2, 1, 2, 8738, 0, 0, 0),
(2395, 1253, 2, 1, 0, 0, 0, 0, 0, 0, 8760, 0, 0, 0),
(2396, 1254, 1, 1, 3, 3, 3, 3, 3, 3, 8749, 0, 0, 0),
(2397, 1255, 1, 2, 4, 4, 4, 4, 4, 4, 8756, 0, 0, 0),
(2398, 2224, 1, 0, 0, 0, 7, 7, 7, 7, 8748, 0, 0, 0),
(2399, 1258, 1, 1, 3, 3, 3, 3, 3, 3, 8755, 0, 0, 0),
(2400, 1258, 2, 1, 2, 4, 2, 4, 2, 4, 8725, 0, 0, 0),
(2401, 1259, 1, 1, 1, 1, 1, 1, 1, 1, 8383, 0, 0, 0),
(2402, 1261, 1, 1, 2, 7, 3, 8, 5, 8, 8744, 0, 0, 0),
(2403, 1261, 2, 1, 0, 0, 0, 0, 0, 0, 8760, 0, 0, 0),
(2404, 1261, 3, 1, 0, 0, 0, 0, 0, 0, 8760, 0, 0, 0),
(2405, 1261, 7, 1, 3, 3, 3, 3, 3, 3, 8746, 0, 0, 0),
(2406, 1262, 1, 2, 3, 4, 3, 4, 4, 4, 8757, 0, 0, 0),
(2407, 2178, 1, 0, 0, 0, 4, 6, 6, 6, 8752, 0, 0, 0),
(2408, 2178, 2, 0, 0, 0, 2, 2, 2, 2, 8752, 0, 0, 0),
(2409, 1263, 1, 1, 1, 1, 1, 1, 1, 1, 8749, 0, 0, 0),
(2410, 1264, 1, 2, 1, 2, 1, 2, 2, 2, 8657, 0, 0, 0),
(2411, 1265, 1, 1, 4, 4, 4, 4, 4, 4, 8741, 0, 0, 0),
(2412, 1265, 2, 1, 2, 2, 2, 2, 2, 2, 8736, 0, 0, 0),
(2413, 2202, 1, 0, 0, 0, 0, 1, 0, 1, 8733, 0, 0, 0),
(2414, 1268, 1, 2, 4, 6, 4, 6, 6, 6, 8747, 0, 0, 0),
(2415, 1268, 2, 1, 0, 0, 0, 0, 0, 0, 8760, 0, 0, 0),
(2416, 1269, 1, 1, 2, 3, 2, 3, 2, 3, 8757, 0, 0, 0),
(2417, 1269, 2, 1, 4, 4, 4, 4, 4, 4, 8737, 0, 0, 0),
(2418, 1269, 4, 1, 0, 0, 0, 0, 0, 0, 8760, 0, 0, 0),
(2419, 1269, 9, 1, 0, 0, 0, 0, 0, 0, 8760, 0, 0, 0),
(2420, 1270, 1, 4, 0, 0, 0, 0, 0, 0, 8760, 0, 0, 0),
(2421, 1270, 2, 1, 0, 0, 0, 0, 0, 0, 8760, 0, 0, 0),
(2422, 1270, 3, 1, 1, 1, 1, 1, 1, 1, 8262, 0, 0, 0),
(2423, 1273, 1, 1, 0, 0, 0, 0, 0, 0, 8760, 0, 0, 0),
(2424, 2225, 1, 0, 0, 0, 1, 2, 1, 2, 8757, 0, 0, 0),
(2425, 30, 1, 1, 2, 4, 2, 4, 4, 4, 8519, 0, 0, 0),
(2426, 30, 2, 1, 1, 1, 1, 1, 1, 1, 8168, 0, 0, 0),
(2427, 1276, 1, 1, 3, 3, 3, 3, 3, 3, 8722, 0, 0, 0),
(2428, 1276, 2, 1, 2, 2, 2, 2, 2, 2, 8736, 0, 0, 0),
(2429, 1276, 4, 1, 1, 2, 1, 2, 2, 2, 8739, 0, 0, 0),
(2430, 1276, 9, 1, 1, 1, 1, 1, 1, 1, 8755, 0, 0, 0),
(2431, 2, 1, 7, 47, 47, 48, 48, 48, 48, 8688, 0, 0, 0),
(2432, 2, 2, 2, 7, 7, 7, 7, 7, 7, 8737, 0, 0, 0),
(2433, 2, 3, 1, 1, 1, 1, 1, 1, 1, 8680, 0, 0, 0),
(2434, 2, 5, 1, 0, 0, 0, 0, 0, 0, 8760, 0, 0, 0),
(2435, 2, 9, 1, 1, 2, 1, 2, 1, 2, 8751, 0, 0, 0),
(2436, 2, 7, 1, 3, 3, 3, 3, 3, 3, 8756, 0, 0, 0),
(2437, 3, 1, 2, 4, 4, 4, 4, 4, 4, 8740, 0, 0, 0),
(2438, 10, 1, 1, 0, 0, 0, 0, 0, 0, 8760, 0, 0, 0),
(2439, 12, 1, 4, 9, 12, 9, 12, 10, 12, 8722, 0, 0, 0),
(2440, 12, 2, 1, 3, 4, 3, 4, 4, 4, 8706, 0, 0, 0),
(2441, 12, 4, 1, 0, 1, 0, 1, 1, 1, 8757, 0, 0, 0),
(2442, 12, 7, 1, 1, 1, 1, 1, 1, 1, 8748, 0, 0, 0),
(2443, 9, 1, 1, 7, 9, 7, 9, 9, 9, 8713, 0, 0, 0),
(2444, 9, 2, 1, 1, 1, 1, 1, 1, 1, 8745, 0, 0, 0),
(2445, 17, 1, 2, 1, 1, 1, 1, 1, 1, 8740, 0, 0, 0),
(2446, 17, 2, 1, 0, 0, 0, 0, 0, 0, 8760, 0, 0, 0),
(2447, 11, 1, 1, 1, 1, 1, 1, 1, 1, 8744, 0, 0, 0),
(2448, 11, 2, 1, 0, 0, 0, 0, 0, 0, 8760, 0, 0, 0),
(2449, 7, 1, 2, 10, 10, 10, 10, 10, 10, 8748, 0, 0, 0),
(2450, 7, 2, 1, 5, 5, 5, 5, 5, 5, 8759, 0, 0, 0),
(2451, 7, 10, 1, 0, 0, 0, 0, 0, 0, 8760, 0, 0, 0),
(2452, 18, 1, 1, 3, 3, 3, 3, 3, 3, 8758, 0, 0, 0),
(2453, 18, 2, 1, 1, 1, 1, 1, 1, 1, 8641, 0, 0, 0),
(2454, 18, 3, 1, 0, 0, 0, 0, 0, 0, 8760, 0, 0, 0),
(2455, 18, 5, 1, 0, 0, 0, 0, 0, 0, 8760, 0, 0, 0),
(2456, 20, 1, 1, 1, 1, 1, 1, 1, 1, 8754, 0, 0, 0),
(2457, 20, 2, 1, 1, 1, 1, 1, 1, 1, 8737, 0, 0, 0),
(2458, 22, 1, 1, 2, 2, 2, 2, 2, 2, 8746, 0, 0, 0),
(2459, 22, 2, 1, 0, 0, 0, 0, 0, 0, 8760, 0, 0, 0),
(2460, 22, 3, 1, 0, 0, 0, 0, 0, 0, 8760, 0, 0, 0),
(2461, 24, 1, 1, 2, 4, 2, 4, 3, 4, 8740, 0, 0, 0),
(2462, 24, 2, 1, 1, 2, 1, 2, 1, 2, 8752, 0, 0, 0),
(2463, 24, 5, 1, 0, 0, 0, 0, 0, 0, 8760, 0, 0, 0),
(2464, 24, 9, 1, 0, 0, 0, 0, 0, 0, 8760, 0, 0, 0),
(2465, 27, 1, 1, 0, 0, 0, 0, 0, 0, 8760, 0, 0, 0),
(2466, 27, 9, 1, 0, 1, 0, 1, 0, 1, 8760, 0, 0, 0),
(2467, 31, 1, 2, 7, 9, 7, 9, 7, 9, 8364, 0, 0, 0),
(2468, 32, 1, 2, 4, 6, 4, 6, 6, 6, 8393, 0, 0, 0),
(2469, 34, 1, 1, 3, 8, 3, 8, 8, 8, 8669, 0, 0, 0),
(2470, 40, 1, 5, 19, 20, 19, 20, 19, 20, 8723, 0, 0, 0),
(2471, 41, 1, 1, 0, 0, 0, 0, 0, 0, 8760, 0, 0, 0),
(2472, 41, 2, 1, 0, 0, 0, 0, 0, 0, 8760, 0, 0, 0),
(2473, 47, 1, 1, 4, 6, 4, 6, 6, 6, 8754, 0, 0, 0),
(2474, 47, 2, 1, 0, 1, 0, 1, 1, 1, 8759, 0, 0, 0),
(2475, 48, 1, 3, 13, 14, 13, 14, 13, 14, 8753, 0, 0, 0),
(2476, 48, 2, 1, 0, 0, 0, 0, 0, 0, 8760, 0, 0, 0),
(2477, 48, 4, 1, 0, 0, 0, 0, 0, 0, 8760, 0, 0, 0),
(2478, 49, 1, 1, 1, 1, 1, 1, 1, 1, 8430, 0, 0, 0),
(2479, 49, 2, 1, 2, 2, 2, 2, 2, 2, 8608, 0, 0, 0),
(2480, 51, 1, 1, 0, 0, 0, 0, 0, 0, 8760, 0, 0, 0),
(2481, 51, 2, 1, 0, 0, 0, 0, 0, 0, 8760, 0, 0, 0),
(2482, 51, 4, 1, 0, 0, 0, 0, 0, 0, 8760, 0, 0, 0),
(2483, 51, 7, 1, 0, 0, 0, 0, 0, 0, 8760, 0, 0, 0),
(2484, 1339, 1, 0, 0, 0, 5, 5, 5, 5, 8651, 0, 0, 0),
(2485, 60, 1, 2, 12, 15, 12, 15, 15, 15, 8628, 0, 0, 0),
(2486, 62, 1, 1, 3, 3, 3, 3, 3, 3, 8723, 0, 0, 0),
(2487, 1347, 1, 0, 0, 0, 4, 4, 4, 4, 8730, 0, 0, 0),
(2488, 63, 1, 2, 3, 5, 3, 5, 4, 5, 8729, 0, 0, 0),
(2489, 64, 1, 1, 2, 4, 2, 4, 3, 4, 8737, 0, 0, 0),
(2490, 68, 1, 1, 0, 0, 0, 0, 0, 0, 8760, 0, 0, 0),
(2491, 68, 7, 1, 2, 2, 2, 2, 2, 2, 8714, 0, 0, 0),
(2492, 77, 1, 1, 2, 2, 2, 2, 2, 2, 8737, 0, 0, 0),
(2493, 78, 1, 1, 1, 2, 1, 2, 1, 2, 8751, 0, 0, 0),
(2494, 36, 1, 1, 5, 5, 5, 5, 5, 5, 8753, 0, 0, 0),
(2495, 79, 1, 1, 1, 1, 1, 1, 0, 1, 8757, 0, 0, 0),
(2496, 35, 1, 3, 22, 23, 32, 33, 33, 33, 8724, 0, 0, 0),
(2497, 35, 2, 1, 5, 5, 5, 5, 5, 5, 8686, 0, 0, 0),
(2498, 35, 5, 1, 0, 0, 0, 0, 0, 0, 8760, 0, 0, 0),
(2499, 37, 1, 1, 0, 0, 0, 0, 0, 0, 8760, 0, 0, 0),
(2500, 87, 1, 1, 1, 1, 1, 1, 1, 1, 8760, 0, 0, 0),
(2501, 87, 2, 1, 0, 0, 0, 0, 0, 0, 8760, 0, 0, 0),
(2502, 87, 4, 1, 0, 0, 0, 0, 0, 0, 8760, 0, 0, 0),
(2503, 88, 2, 1, 1, 1, 1, 1, 1, 1, 8749, 0, 0, 0),
(2504, 67, 1, 1, 1, 1, 1, 1, 1, 1, 8758, 0, 0, 0),
(2505, 67, 2, 1, 0, 0, 0, 0, 0, 0, 8760, 0, 0, 0),
(2506, 67, 4, 1, 0, 0, 0, 0, 0, 0, 8760, 0, 0, 0),
(2507, 67, 7, 1, 1, 1, 1, 1, 1, 1, 8686, 0, 0, 0),
(2508, 95, 1, 1, 3, 5, 3, 5, 3, 5, 8739, 0, 0, 0),
(2509, 50, 1, 1, 6, 6, 6, 6, 6, 6, 8732, 0, 0, 0),
(2510, 108, 1, 1, 2, 2, 2, 2, 2, 2, 8749, 0, 0, 0),
(2511, 76, 1, 1, 2, 2, 2, 2, 2, 2, 8751, 0, 0, 0),
(2512, 76, 2, 1, 2, 2, 2, 2, 2, 2, 8719, 0, 0, 0),
(2513, 76, 3, 1, 1, 1, 1, 1, 1, 1, 8747, 0, 0, 0),
(2514, 76, 5, 1, 1, 1, 1, 1, 1, 1, 8748, 0, 0, 0),
(2515, 76, 7, 0, 1, 1, 1, 1, 1, 1, 8748, 0, 0, 0),
(2516, 110, 1, 2, 8, 16, 8, 16, 13, 16, 8748, 0, 0, 0),
(2517, 111, 1, 1, 6, 6, 6, 6, 6, 6, 8726, 0, 0, 0),
(2518, 111, 2, 1, 3, 3, 3, 3, 3, 3, 8742, 0, 0, 0),
(2519, 111, 4, 1, 0, 0, 0, 0, 0, 0, 8760, 0, 0, 0),
(2520, 112, 1, 1, 1, 1, 1, 1, 1, 1, 8745, 0, 0, 0),
(2521, 120, 1, 1, 5, 5, 5, 5, 5, 5, 8755, 0, 0, 0),
(2522, 120, 7, 1, 1, 1, 1, 1, 1, 1, 8759, 0, 0, 0),
(2523, 72, 1, 1, 1, 2, 1, 2, 2, 2, 8755, 0, 0, 0),
(2524, 128, 1, 1, 2, 2, 2, 2, 2, 2, 8406, 0, 0, 0),
(2525, 128, 7, 1, 3, 4, 3, 4, 3, 4, 8739, 0, 0, 0),
(2526, 128, 10, 1, 0, 0, 0, 0, 0, 0, 8760, 0, 0, 0),
(2527, 129, 1, 1, 6, 8, 6, 8, 6, 8, 8748, 0, 0, 0),
(2528, 74, 1, 1, 2, 2, 2, 2, 2, 2, 8749, 0, 0, 0),
(2529, 74, 5, 1, 0, 0, 0, 0, 0, 0, 8760, 0, 0, 0),
(2530, 137, 1, 1, 2, 2, 2, 2, 2, 2, 8754, 0, 0, 0),
(2531, 137, 2, 1, 1, 1, 1, 1, 1, 1, 8759, 0, 0, 0),
(2532, 137, 4, 1, 0, 0, 0, 0, 0, 0, 8760, 0, 0, 0),
(2533, 147, 1, 1, 0, 0, 0, 0, 0, 0, 8760, 0, 0, 0),
(2534, 147, 2, 1, 0, 0, 0, 0, 0, 0, 8760, 0, 0, 0),
(2535, 148, 1, 2, 5, 5, 5, 5, 5, 5, 8759, 0, 0, 0),
(2536, 148, 2, 1, 1, 1, 1, 1, 1, 1, 8771, 0, 0, 0),
(2537, 148, 4, 1, 1, 1, 1, 1, 1, 1, 8370, 0, 0, 0),
(2538, 148, 9, 1, 0, 0, 0, 0, 0, 0, 8760, 0, 0, 0),
(2539, 148, 7, 1, 2, 2, 2, 2, 2, 2, 8573, 0, 0, 0),
(2540, 2226, 1, 0, 1, 2, 1, 2, 1, 2, 8636, 0, 0, 0),
(2541, 132, 1, 1, 1, 1, 1, 1, 1, 1, 8739, 0, 0, 0),
(2542, 132, 2, 1, 0, 0, 0, 0, 0, 0, 8760, 0, 0, 0),
(2543, 132, 4, 1, 0, 0, 0, 0, 0, 0, 8760, 0, 0, 0),
(2544, 149, 1, 1, 2, 2, 2, 2, 2, 2, 8749, 0, 0, 0),
(2545, 149, 2, 1, 1, 2, 1, 2, 2, 2, 8754, 0, 0, 0),
(2546, 144, 1, 2, 9, 9, 9, 9, 9, 9, 8749, 0, 0, 0),
(2547, 144, 2, 1, 2, 4, 2, 4, 3, 4, 8742, 0, 0, 0),
(2548, 144, 5, 1, 1, 1, 1, 1, 1, 1, 8754, 0, 0, 0),
(2549, 144, 9, 1, 0, 0, 0, 0, 0, 0, 8760, 0, 0, 0),
(2550, 126, 1, 1, 1, 3, 1, 3, 3, 3, 8760, 0, 0, 0),
(2551, 139, 1, 2, 1, 2, 1, 2, 2, 2, 8694, 0, 0, 0),
(2552, 139, 9, 1, 2, 6, 2, 6, 2, 6, 8362, 0, 0, 0),
(2553, 139, 7, 1, 0, 0, 0, 0, 0, 0, 8760, 0, 0, 0),
(2554, 139, 10, 1, 0, 0, 0, 0, 0, 0, 8760, 0, 0, 0),
(2555, 104, 1, 1, 0, 1, 0, 1, 1, 1, 8749, 0, 0, 0),
(2556, 2227, 1, 0, 0, 0, 0, 1, 0, 1, 8746, 0, 0, 0),
(2557, 145, 5, 1, 1, 1, 1, 1, 1, 1, 8753, 0, 0, 0),
(2558, 145, 9, 2, 3, 3, 3, 3, 3, 3, 8748, 0, 0, 0),
(2559, 145, 7, 1, 4, 5, 4, 5, 4, 5, 8752, 0, 0, 0),
(2560, 158, 1, 1, 1, 1, 1, 1, 1, 1, 8745, 0, 0, 0),
(2561, 158, 2, 1, 0, 0, 0, 0, 0, 0, 8760, 0, 0, 0),
(2562, 162, 1, 1, 0, 0, 0, 0, 0, 0, 8760, 0, 0, 0),
(2563, 162, 2, 1, 0, 0, 0, 0, 0, 0, 8760, 0, 0, 0),
(2564, 165, 1, 1, 3, 3, 3, 3, 3, 3, 8758, 0, 0, 0),
(2565, 165, 2, 1, 2, 3, 2, 3, 3, 3, 8753, 0, 0, 0),
(2566, 125, 1, 2, 1, 3, 1, 3, 3, 3, 8735, 0, 0, 0),
(2567, 125, 2, 1, 0, 0, 0, 0, 0, 0, 8760, 0, 0, 0),
(2568, 171, 1, 1, 0, 0, 0, 0, 0, 0, 8760, 0, 0, 0),
(2569, 171, 2, 1, 0, 0, 0, 0, 0, 0, 8760, 0, 0, 0),
(2570, 2228, 1, 0, 0, 0, 0, 1, 0, 1, 8752, 0, 0, 0),
(2571, 174, 1, 1, 1, 2, 1, 2, 1, 2, 8745, 0, 0, 0),
(2572, 174, 2, 1, 0, 0, 0, 0, 0, 0, 8760, 0, 0, 0),
(2573, 174, 4, 1, 0, 0, 0, 0, 0, 0, 8760, 0, 0, 0),
(2574, 176, 1, 1, 1, 1, 1, 1, 1, 1, 8054, 0, 0, 0),
(2575, 176, 2, 1, 1, 1, 1, 1, 1, 1, 8756, 0, 0, 0),
(2576, 177, 1, 1, 2, 2, 2, 2, 2, 2, 8760, 0, 0, 0),
(2577, 177, 2, 1, 2, 2, 2, 2, 2, 2, 8760, 0, 0, 0),
(2578, 105, 1, 1, 0, 0, 0, 0, 0, 0, 8760, 0, 0, 0),
(2579, 105, 9, 1, 0, 0, 0, 0, 0, 0, 8760, 0, 0, 0),
(2580, 2229, 1, 0, 0, 0, 2, 3, 2, 3, 8758, 0, 0, 0),
(2581, 169, 1, 1, 4, 4, 6, 6, 6, 6, 8509, 0, 0, 0),
(2582, 214, 1, 1, 0, 0, 0, 0, 0, 0, 8760, 0, 0, 0),
(2583, 214, 2, 1, 0, 0, 0, 0, 0, 0, 8760, 0, 0, 0),
(2584, 214, 4, 1, 0, 0, 0, 0, 0, 0, 8760, 0, 0, 0),
(2585, 136, 1, 1, 2, 3, 2, 3, 3, 3, 8735, 0, 0, 0),
(2586, 213, 1, 1, 0, 0, 0, 0, 0, 0, 8760, 0, 0, 0),
(2587, 213, 2, 1, 0, 0, 0, 0, 0, 0, 8760, 0, 0, 0),
(2588, 167, 12, 1, 8, 8, 8, 8, 8, 8, 7484, 0, 0, 0),
(2589, 167, 10, 1, 2, 2, 2, 2, 2, 2, 8758, 0, 0, 0),
(2590, 223, 1, 1, 3, 3, 3, 3, 3, 3, 8751, 0, 0, 0),
(2591, 146, 5, 1, 0, 0, 0, 0, 0, 0, 8760, 0, 0, 0),
(2592, 146, 9, 1, 0, 0, 0, 0, 0, 0, 8760, 0, 0, 0),
(2593, 146, 7, 1, 1, 2, 1, 2, 1, 2, 8546, 0, 0, 0),
(2594, 161, 1, 1, 2, 3, 2, 3, 3, 3, 8748, 0, 0, 0),
(2595, 161, 2, 1, 1, 1, 1, 1, 1, 1, 8732, 0, 0, 0),
(2596, 161, 5, 1, 0, 0, 0, 0, 0, 0, 8760, 0, 0, 0),
(2597, 183, 1, 1, 0, 0, 0, 0, 0, 0, 8760, 0, 0, 0),
(2598, 183, 2, 1, 0, 0, 0, 0, 0, 0, 8760, 0, 0, 0),
(2599, 183, 4, 1, 0, 0, 0, 0, 0, 0, 8760, 0, 0, 0),
(2600, 243, 1, 1, 2, 5, 2, 5, 5, 5, 8760, 0, 0, 0),
(2601, 180, 1, 1, 1, 1, 1, 1, 1, 1, 8760, 0, 0, 0),
(2602, 180, 2, 1, 0, 0, 0, 0, 0, 0, 8760, 0, 0, 0),
(2603, 180, 4, 1, 0, 0, 0, 0, 0, 0, 8760, 0, 0, 0),
(2604, 180, 7, 1, 0, 0, 0, 0, 0, 0, 8760, 0, 0, 0),
(2605, 239, 1, 1, 1, 1, 1, 1, 1, 1, 8760, 0, 0, 0),
(2606, 253, 1, 1, 1, 1, 1, 1, 1, 1, 8760, 0, 0, 0),
(2607, 242, 1, 1, 0, 0, 0, 0, 0, 0, 8760, 0, 0, 0),
(2608, 242, 2, 1, 1, 1, 1, 1, 1, 1, 8760, 0, 0, 0),
(2609, 242, 4, 1, 2, 2, 2, 2, 2, 2, 8760, 0, 0, 0),
(2610, 242, 5, 1, 0, 0, 0, 0, 0, 0, 8760, 0, 0, 0),
(2611, 242, 9, 1, 0, 0, 0, 0, 0, 0, 8760, 0, 0, 0),
(2612, 242, 10, 1, 1, 1, 1, 1, 1, 1, 8760, 0, 0, 0),
(2613, 260, 1, 1, 0, 0, 0, 0, 0, 0, 8760, 0, 0, 0),
(2614, 260, 2, 1, 1, 1, 1, 1, 1, 1, 8760, 0, 0, 0),
(2615, 260, 4, 1, 1, 1, 1, 1, 1, 1, 8760, 0, 0, 0),
(2616, 103, 1, 1, 0, 1, 0, 1, 1, 1, 8760, 0, 0, 0),
(2617, 103, 2, 1, 0, 0, 0, 0, 0, 0, 8760, 0, 0, 0),
(2618, 103, 7, 1, 0, 0, 0, 0, 0, 0, 8760, 0, 0, 0),
(2619, 2230, 1, 0, 1, 1, 1, 1, 1, 1, 8709, 0, 0, 0),
(2620, 257, 1, 1, 0, 0, 0, 0, 0, 0, 8760, 0, 0, 0),
(2621, 257, 2, 1, 1, 1, 1, 1, 1, 1, 8760, 0, 0, 0),
(2622, 2231, 7, 0, 0, 1, 0, 1, 1, 1, 0, 0, 0, 0),
(2623, 298, 1, 1, 0, 0, 0, 0, 0, 0, 8760, 0, 0, 0),
(2624, 477, 1, 1, 0, 0, 0, 0, 0, 0, 8760, 0, 0, 0),
(2625, 33, 1, 1, 0, 0, 0, 0, 0, 0, 8760, 0, 0, 0),
(2626, 1026, 2, 1, 0, 0, 0, 0, 0, 0, 8760, 0, 0, 0),
(2627, 1219, 2, 1, 0, 0, 0, 0, 0, 0, 8760, 0, 0, 0),
(2628, 625, 1, 1, 0, 0, 0, 0, 0, 0, 8760, 0, 0, 0),
(2629, 39, 1, 1, 0, 0, 0, 0, 0, 0, 8760, 0, 0, 0),
(2630, 323, 1, 1, 0, 0, 0, 0, 0, 0, 8760, 0, 0, 0),
(2631, 649, 4, 1, 0, 0, 0, 0, 0, 0, 8760, 0, 0, 0),
(2632, 325, 1, 2, 0, 0, 0, 0, 0, 0, 8760, 0, 0, 0),
(2633, 607, 4, 1, 0, 0, 0, 0, 0, 0, 8760, 0, 0, 0),
(2634, 43, 1, 1, 0, 0, 0, 0, 0, 0, 8760, 0, 0, 0),
(2635, 594, 1, 1, 0, 0, 0, 0, 0, 0, 8760, 0, 0, 0),
(2636, 570, 1, 2, 0, 0, 0, 0, 0, 0, 8760, 0, 0, 0),
(2637, 570, 2, 1, 0, 0, 0, 0, 0, 0, 8760, 0, 0, 0),
(2638, 656, 1, 1, 0, 0, 0, 0, 0, 0, 8760, 0, 0, 0),
(2639, 489, 1, 3, 0, 0, 0, 0, 0, 0, 8760, 0, 0, 0),
(2640, 489, 2, 1, 0, 0, 0, 0, 0, 0, 8760, 0, 0, 0),
(2641, 489, 4, 1, 0, 0, 0, 0, 0, 0, 8760, 0, 0, 0),
(2642, 54, 1, 1, 0, 0, 0, 0, 0, 0, 8760, 0, 0, 0),
(2643, 657, 1, 1, 0, 0, 0, 0, 0, 0, 8760, 0, 0, 0),
(2644, 304, 1, 1, 0, 0, 0, 0, 0, 0, 8760, 0, 0, 0),
(2645, 526, 1, 1, 0, 0, 0, 0, 0, 0, 8760, 0, 0, 0),
(2646, 59, 1, 3, 0, 0, 0, 0, 0, 0, 8760, 0, 0, 0),
(2647, 59, 2, 1, 0, 0, 0, 0, 0, 0, 8760, 0, 0, 0),
(2648, 59, 4, 1, 0, 0, 0, 0, 0, 0, 8760, 0, 0, 0),
(2649, 453, 2, 1, 0, 0, 0, 0, 0, 0, 8760, 0, 0, 0),
(2650, 69, 1, 1, 0, 0, 0, 0, 0, 0, 8760, 0, 0, 0),
(2651, 69, 3, 1, 0, 0, 0, 0, 0, 0, 8760, 0, 0, 0),
(2652, 538, 2, 1, 0, 0, 0, 0, 0, 0, 8760, 0, 0, 0),
(2653, 427, 1, 1, 0, 0, 0, 0, 0, 0, 8760, 0, 0, 0),
(2654, 636, 1, 1, 0, 0, 0, 0, 0, 0, 8760, 0, 0, 0),
(2655, 584, 1, 1, 0, 0, 0, 0, 0, 0, 8760, 0, 0, 0),
(2656, 572, 1, 1, 0, 0, 0, 0, 0, 0, 8760, 0, 0, 0),
(2657, 572, 2, 1, 0, 0, 0, 0, 0, 0, 8760, 0, 0, 0),
(2658, 1016, 1, 2, 0, 0, 0, 0, 0, 0, 8760, 0, 0, 0),
(2659, 1016, 2, 1, 0, 0, 0, 0, 0, 0, 8760, 0, 0, 0),
(2660, 1016, 3, 1, 0, 0, 0, 0, 0, 0, 8760, 0, 0, 0),
(2661, 557, 1, 1, 0, 0, 0, 0, 0, 0, 8760, 0, 0, 0),
(2662, 306, 1, 1, 0, 0, 0, 0, 0, 0, 8760, 0, 0, 0),
(2663, 86, 4, 1, 0, 0, 0, 0, 0, 0, 8760, 0, 0, 0),
(2664, 1145, 1, 1, 0, 0, 0, 0, 0, 0, 8760, 0, 0, 0),
(2665, 1145, 5, 1, 0, 0, 0, 0, 0, 0, 8760, 0, 0, 0),
(2666, 446, 1, 1, 0, 0, 0, 0, 0, 0, 8760, 0, 0, 0),
(2667, 92, 9, 1, 0, 0, 0, 0, 0, 0, 8760, 0, 0, 0),
(2668, 93, 1, 1, 0, 0, 0, 0, 0, 0, 8760, 0, 0, 0),
(2669, 434, 1, 1, 0, 0, 0, 0, 0, 0, 8760, 0, 0, 0),
(2670, 539, 1, 1, 0, 0, 0, 0, 0, 0, 8760, 0, 0, 0),
(2671, 99, 1, 1, 0, 0, 0, 0, 0, 0, 8760, 0, 0, 0),
(2672, 100, 1, 1, 0, 0, 0, 0, 0, 0, 8760, 0, 0, 0),
(2673, 281, 2, 1, 0, 0, 0, 0, 0, 0, 8760, 0, 0, 0),
(2674, 658, 9, 1, 0, 0, 0, 0, 0, 0, 8760, 0, 0, 0),
(2675, 411, 1, 2, 0, 0, 0, 0, 0, 0, 8760, 0, 0, 0),
(2676, 106, 1, 1, 0, 0, 0, 0, 0, 0, 8760, 0, 0, 0),
(2677, 106, 2, 1, 0, 0, 0, 0, 0, 0, 8760, 0, 0, 0),
(2678, 611, 4, 1, 0, 0, 0, 0, 0, 0, 8760, 0, 0, 0),
(2679, 290, 1, 1, 0, 0, 0, 0, 0, 0, 8760, 0, 0, 0),
(2680, 655, 1, 1, 0, 0, 0, 0, 0, 0, 8760, 0, 0, 0),
(2681, 286, 1, 1, 0, 0, 0, 0, 0, 0, 8760, 0, 0, 0),
(2682, 116, 1, 1, 0, 0, 0, 0, 0, 0, 8760, 0, 0, 0),
(2683, 284, 1, 1, 0, 0, 0, 0, 0, 0, 8760, 0, 0, 0),
(2684, 284, 2, 1, 0, 0, 0, 0, 0, 0, 8760, 0, 0, 0),
(2685, 317, 1, 4, 0, 0, 0, 0, 0, 0, 8760, 0, 0, 0),
(2686, 318, 1, 1, 0, 0, 0, 0, 0, 0, 8760, 0, 0, 0),
(2687, 321, 1, 1, 0, 0, 0, 0, 0, 0, 8760, 0, 0, 0),
(2688, 575, 1, 3, 0, 0, 0, 0, 0, 0, 8760, 0, 0, 0),
(2689, 573, 1, 1, 0, 0, 0, 0, 0, 0, 8760, 0, 0, 0),
(2690, 123, 1, 1, 0, 0, 0, 0, 0, 0, 8760, 0, 0, 0),
(2691, 279, 1, 1, 0, 0, 0, 0, 0, 0, 8760, 0, 0, 0),
(2692, 449, 1, 1, 0, 0, 0, 0, 0, 0, 8760, 0, 0, 0),
(2693, 399, 1, 1, 0, 0, 0, 0, 0, 0, 8760, 0, 0, 0),
(2694, 615, 1, 1, 0, 0, 0, 0, 0, 0, 8760, 0, 0, 0),
(2695, 615, 2, 1, 0, 0, 0, 0, 0, 0, 8760, 0, 0, 0),
(2696, 130, 1, 1, 0, 0, 0, 0, 0, 0, 8760, 0, 0, 0),
(2697, 507, 1, 1, 0, 0, 0, 0, 0, 0, 8760, 0, 0, 0),
(2698, 497, 1, 1, 0, 0, 0, 0, 0, 0, 8760, 0, 0, 0),
(2699, 444, 1, 2, 0, 0, 0, 0, 0, 0, 8760, 0, 0, 0),
(2700, 444, 2, 1, 0, 0, 0, 0, 0, 0, 8760, 0, 0, 0),
(2701, 390, 1, 1, 0, 0, 0, 0, 0, 0, 8760, 0, 0, 0),
(2702, 548, 1, 1, 0, 0, 0, 0, 0, 0, 8760, 0, 0, 0),
(2703, 420, 1, 1, 0, 0, 0, 0, 0, 0, 8760, 0, 0, 0),
(2704, 669, 1, 1, 0, 0, 0, 0, 0, 0, 8760, 0, 0, 0),
(2705, 630, 1, 1, 0, 0, 0, 0, 0, 0, 8760, 0, 0, 0),
(2706, 505, 1, 1, 0, 0, 0, 0, 0, 0, 8760, 0, 0, 0),
(2707, 702, 1, 1, 0, 0, 0, 0, 0, 0, 8760, 0, 0, 0),
(2708, 702, 4, 1, 0, 0, 0, 0, 0, 0, 8760, 0, 0, 0),
(2709, 405, 1, 1, 0, 0, 0, 0, 0, 0, 8760, 0, 0, 0),
(2710, 491, 1, 1, 0, 0, 0, 0, 0, 0, 8760, 0, 0, 0),
(2711, 491, 2, 1, 0, 0, 0, 0, 0, 0, 8760, 0, 0, 0),
(2712, 646, 1, 1, 0, 0, 0, 0, 0, 0, 8760, 0, 0, 0),
(2713, 395, 1, 1, 0, 0, 0, 0, 0, 0, 8760, 0, 0, 0),
(2714, 422, 1, 2, 0, 0, 0, 0, 0, 0, 8760, 0, 0, 0),
(2715, 985, 3, 1, 0, 0, 0, 0, 0, 0, 8760, 0, 0, 0),
(2716, 522, 1, 1, 0, 0, 0, 0, 0, 0, 8760, 0, 0, 0),
(2717, 639, 1, 1, 0, 0, 0, 0, 0, 0, 8760, 0, 0, 0),
(2718, 151, 1, 1, 0, 0, 0, 0, 0, 0, 8760, 0, 0, 0),
(2719, 151, 4, 1, 0, 0, 0, 0, 0, 0, 8760, 0, 0, 0),
(2720, 151, 5, 1, 0, 0, 0, 0, 0, 0, 8760, 0, 0, 0),
(2721, 152, 1, 1, 0, 0, 0, 0, 0, 0, 8760, 0, 0, 0),
(2722, 338, 1, 1, 0, 0, 0, 0, 0, 0, 8760, 0, 0, 0),
(2723, 619, 1, 1, 0, 0, 0, 0, 0, 0, 8760, 0, 0, 0),
(2724, 520, 1, 1, 0, 0, 0, 0, 0, 0, 8760, 0, 0, 0),
(2725, 352, 1, 2, 0, 0, 0, 0, 0, 0, 8760, 0, 0, 0),
(2726, 345, 1, 6, 0, 0, 0, 0, 0, 0, 8760, 0, 0, 0),
(2727, 624, 1, 1, 0, 0, 0, 0, 0, 0, 8760, 0, 0, 0),
(2728, 550, 1, 1, 0, 0, 0, 0, 0, 0, 8760, 0, 0, 0),
(2729, 593, 1, 4, 0, 0, 0, 0, 0, 0, 8760, 0, 0, 0),
(2730, 593, 2, 1, 0, 0, 0, 0, 0, 0, 8760, 0, 0, 0),
(2731, 568, 1, 1, 0, 0, 0, 0, 0, 0, 8760, 0, 0, 0),
(2732, 568, 2, 1, 0, 0, 0, 0, 0, 0, 8760, 0, 0, 0),
(2733, 121, 1, 1, 0, 0, 0, 0, 0, 0, 8760, 0, 0, 0),
(2734, 536, 1, 1, 0, 0, 0, 0, 0, 0, 8760, 0, 0, 0),
(2735, 713, 3, 1, 0, 0, 0, 0, 0, 0, 8760, 0, 0, 0),
(2736, 587, 1, 1, 0, 0, 0, 0, 0, 0, 8760, 0, 0, 0),
(2737, 451, 7, 1, 0, 0, 0, 0, 0, 0, 8760, 0, 0, 0),
(2738, 416, 1, 1, 0, 0, 0, 0, 0, 0, 8760, 0, 0, 0),
(2739, 159, 1, 1, 0, 0, 0, 0, 0, 0, 8760, 0, 0, 0),
(2740, 159, 3, 1, 0, 0, 0, 0, 0, 0, 8760, 0, 0, 0),
(2741, 276, 1, 1, 0, 0, 0, 0, 0, 0, 8760, 0, 0, 0),
(2742, 465, 1, 1, 0, 0, 0, 0, 0, 0, 8760, 0, 0, 0),
(2743, 553, 1, 1, 0, 0, 0, 0, 0, 0, 8760, 0, 0, 0),
(2744, 359, 1, 1, 0, 0, 0, 0, 0, 0, 8760, 0, 0, 0),
(2745, 524, 1, 1, 0, 0, 0, 0, 0, 0, 8760, 0, 0, 0),
(2746, 402, 1, 1, 0, 0, 0, 0, 0, 0, 8760, 0, 0, 0),
(2747, 393, 1, 1, 0, 0, 0, 0, 0, 0, 8760, 0, 0, 0),
(2748, 514, 1, 1, 0, 0, 0, 0, 0, 0, 8760, 0, 0, 0),
(2749, 173, 1, 1, 0, 0, 0, 0, 0, 0, 8760, 0, 0, 0),
(2750, 488, 1, 3, 0, 0, 0, 0, 0, 0, 8760, 0, 0, 0),
(2751, 641, 1, 1, 0, 0, 0, 0, 0, 0, 8760, 0, 0, 0),
(2752, 551, 1, 1, 0, 0, 0, 0, 0, 0, 8760, 0, 0, 0),
(2753, 175, 1, 1, 0, 0, 0, 0, 0, 0, 8760, 0, 0, 0),
(2754, 426, 1, 1, 0, 0, 0, 0, 0, 0, 8760, 0, 0, 0),
(2755, 300, 1, 1, 0, 0, 0, 0, 0, 0, 8760, 0, 0, 0),
(2756, 1100, 2, 1, 0, 0, 0, 0, 0, 0, 8760, 0, 0, 0),
(2757, 432, 1, 2, 0, 0, 0, 0, 0, 0, 8760, 0, 0, 0),
(2758, 634, 1, 1, 0, 0, 0, 0, 0, 0, 8760, 0, 0, 0),
(2759, 493, 1, 2, 0, 0, 0, 0, 0, 0, 8760, 0, 0, 0),
(2760, 493, 2, 1, 0, 0, 0, 0, 0, 0, 8760, 0, 0, 0),
(2761, 493, 3, 2, 0, 0, 0, 0, 0, 0, 8760, 0, 0, 0),
(2762, 361, 1, 5, 0, 0, 0, 0, 0, 0, 8760, 0, 0, 0),
(2763, 368, 2, 1, 0, 0, 0, 0, 0, 0, 8760, 0, 0, 0),
(2764, 368, 4, 1, 0, 0, 0, 0, 0, 0, 8760, 0, 0, 0),
(2765, 380, 1, 1, 0, 0, 0, 0, 0, 0, 8760, 0, 0, 0),
(2766, 178, 1, 1, 0, 0, 0, 0, 0, 0, 8760, 0, 0, 0),
(2767, 178, 2, 1, 0, 0, 0, 0, 0, 0, 8760, 0, 0, 0),
(2768, 178, 9, 1, 0, 0, 0, 0, 0, 0, 8760, 0, 0, 0),
(2769, 179, 1, 1, 0, 0, 0, 0, 0, 0, 8760, 0, 0, 0),
(2770, 179, 2, 2, 0, 0, 0, 0, 0, 0, 8760, 0, 0, 0),
(2771, 516, 1, 1, 0, 0, 0, 0, 0, 0, 8760, 0, 0, 0),
(2772, 1001, 1, 1, 0, 0, 0, 0, 0, 0, 8760, 0, 0, 0),
(2773, 282, 1, 1, 0, 0, 0, 0, 0, 0, 8760, 0, 0, 0),
(2774, 370, 1, 1, 0, 0, 0, 0, 0, 0, 8760, 0, 0, 0),
(2775, 485, 2, 1, 0, 0, 0, 0, 0, 0, 8760, 0, 0, 0),
(2776, 579, 1, 1, 0, 0, 0, 0, 0, 0, 8760, 0, 0, 0),
(2777, 597, 1, 1, 0, 0, 0, 0, 0, 0, 8760, 0, 0, 0),
(2778, 487, 1, 1, 0, 0, 0, 0, 0, 0, 8760, 0, 0, 0),
(2779, 184, 1, 1, 0, 0, 0, 0, 0, 0, 8760, 0, 0, 0),
(2780, 184, 2, 1, 0, 0, 0, 0, 0, 0, 8760, 0, 0, 0),
(2781, 184, 4, 1, 0, 0, 0, 0, 0, 0, 8760, 0, 0, 0),
(2782, 532, 1, 1, 0, 0, 0, 0, 0, 0, 8760, 0, 0, 0),
(2783, 532, 2, 2, 0, 0, 0, 0, 0, 0, 8760, 0, 0, 0),
(2784, 532, 5, 1, 0, 0, 0, 0, 0, 0, 8760, 0, 0, 0),
(2785, 316, 4, 1, 0, 0, 0, 0, 0, 0, 8760, 0, 0, 0),
(2786, 717, 1, 1, 0, 0, 0, 0, 0, 0, 8760, 0, 0, 0),
(2787, 494, 1, 1, 0, 0, 0, 0, 0, 0, 8760, 0, 0, 0),
(2788, 494, 2, 1, 0, 0, 0, 0, 0, 0, 8760, 0, 0, 0),
(2789, 377, 1, 1, 0, 0, 0, 0, 0, 0, 8760, 0, 0, 0),
(2790, 313, 1, 1, 0, 0, 0, 0, 0, 0, 8760, 0, 0, 0),
(2791, 187, 4, 1, 0, 0, 0, 0, 0, 0, 8760, 0, 0, 0),
(2792, 344, 1, 1, 0, 0, 0, 0, 0, 0, 8760, 0, 0, 0),
(2793, 620, 1, 1, 0, 0, 0, 0, 0, 0, 8760, 0, 0, 0),
(2794, 600, 1, 1, 0, 0, 0, 0, 0, 0, 8760, 0, 0, 0),
(2795, 600, 2, 1, 0, 0, 0, 0, 0, 0, 8760, 0, 0, 0),
(2796, 600, 4, 1, 0, 0, 0, 0, 0, 0, 8760, 0, 0, 0),
(2797, 600, 5, 1, 0, 0, 0, 0, 0, 0, 8760, 0, 0, 0),
(2798, 681, 1, 1, 0, 0, 0, 0, 0, 0, 8760, 0, 0, 0),
(2799, 637, 4, 1, 0, 0, 0, 0, 0, 0, 8760, 0, 0, 0),
(2800, 558, 1, 1, 0, 0, 0, 0, 0, 0, 8760, 0, 0, 0),
(2801, 340, 1, 1, 0, 0, 0, 0, 0, 0, 8760, 0, 0, 0),
(2802, 340, 2, 1, 0, 0, 0, 0, 0, 0, 8760, 0, 0, 0),
(2803, 663, 1, 1, 0, 0, 0, 0, 0, 0, 8760, 0, 0, 0),
(2804, 193, 1, 1, 0, 0, 0, 0, 0, 0, 8760, 0, 0, 0),
(2805, 554, 1, 1, 0, 0, 0, 0, 0, 0, 8760, 0, 0, 0),
(2806, 194, 1, 1, 0, 0, 0, 0, 0, 0, 8760, 0, 0, 0),
(2807, 478, 1, 1, 0, 0, 0, 0, 0, 0, 8760, 0, 0, 0),
(2808, 195, 1, 1, 0, 0, 0, 0, 0, 0, 8760, 0, 0, 0),
(2809, 349, 1, 1, 0, 0, 0, 0, 0, 0, 8760, 0, 0, 0),
(2810, 326, 1, 2, 0, 0, 0, 0, 0, 0, 8760, 0, 0, 0),
(2811, 1004, 1, 1, 0, 0, 0, 0, 0, 0, 8760, 0, 0, 0),
(2812, 203, 1, 1, 0, 0, 0, 0, 0, 0, 8760, 0, 0, 0),
(2813, 297, 1, 1, 0, 0, 0, 0, 0, 0, 8760, 0, 0, 0),
(2814, 407, 1, 1, 0, 0, 0, 0, 0, 0, 8760, 0, 0, 0),
(2815, 206, 1, 1, 0, 0, 0, 0, 0, 0, 8760, 0, 0, 0),
(2816, 206, 2, 1, 0, 0, 0, 0, 0, 0, 8760, 0, 0, 0),
(2817, 277, 1, 1, 0, 0, 0, 0, 0, 0, 8760, 0, 0, 0),
(2818, 207, 1, 1, 0, 0, 0, 0, 0, 0, 8760, 0, 0, 0),
(2819, 464, 1, 1, 0, 0, 0, 0, 0, 0, 8760, 0, 0, 0),
(2820, 508, 1, 1, 0, 0, 0, 0, 0, 0, 8760, 0, 0, 0),
(2821, 508, 2, 1, 0, 0, 0, 0, 0, 0, 8760, 0, 0, 0),
(2822, 563, 1, 1, 0, 0, 0, 0, 0, 0, 8760, 0, 0, 0),
(2823, 209, 1, 1, 0, 0, 0, 0, 0, 0, 8760, 0, 0, 0),
(2824, 482, 1, 1, 0, 0, 0, 0, 0, 0, 8760, 0, 0, 0),
(2825, 354, 1, 2, 0, 0, 0, 0, 0, 0, 8760, 0, 0, 0),
(2826, 211, 1, 1, 0, 0, 0, 0, 0, 0, 8760, 0, 0, 0),
(2827, 1038, 1, 1, 0, 0, 0, 0, 0, 0, 8760, 0, 0, 0),
(2828, 1077, 3, 1, 0, 0, 0, 0, 0, 0, 8760, 0, 0, 0),
(2829, 66, 3, 1, 0, 0, 0, 0, 0, 0, 8760, 0, 0, 0),
(2830, 694, 1, 1, 0, 0, 0, 0, 0, 0, 8760, 0, 0, 0),
(2831, 694, 4, 1, 0, 0, 0, 0, 0, 0, 8760, 0, 0, 0),
(2832, 1132, 1, 1, 0, 0, 0, 0, 0, 0, 8760, 0, 0, 0),
(2833, 1132, 2, 1, 0, 0, 0, 0, 0, 0, 8760, 0, 0, 0),
(2834, 1132, 4, 1, 0, 0, 0, 0, 0, 0, 8760, 0, 0, 0),
(2835, 294, 1, 1, 0, 0, 0, 0, 0, 0, 8760, 0, 0, 0),
(2836, 566, 2, 1, 0, 0, 0, 0, 0, 0, 8760, 0, 0, 0),
(2837, 697, 1, 1, 0, 0, 0, 0, 0, 0, 8760, 0, 0, 0),
(2838, 1120, 1, 1, 0, 0, 0, 0, 0, 0, 8760, 0, 0, 0),
(2839, 567, 1, 1, 0, 0, 0, 0, 0, 0, 8760, 0, 0, 0),
(2840, 590, 1, 1, 0, 0, 0, 0, 0, 0, 8760, 0, 0, 0),
(2841, 590, 4, 1, 0, 0, 0, 0, 0, 0, 8760, 0, 0, 0),
(2842, 443, 1, 1, 0, 0, 0, 0, 0, 0, 8760, 0, 0, 0),
(2843, 693, 1, 2, 0, 0, 0, 0, 0, 0, 8760, 0, 0, 0),
(2844, 693, 5, 1, 0, 0, 0, 0, 0, 0, 8760, 0, 0, 0),
(2845, 473, 1, 2, 0, 0, 0, 0, 0, 0, 8760, 0, 0, 0),
(2846, 459, 1, 1, 0, 0, 0, 0, 0, 0, 8760, 0, 0, 0),
(2847, 459, 4, 1, 0, 0, 0, 0, 0, 0, 8760, 0, 0, 0),
(2848, 661, 1, 1, 0, 0, 0, 0, 0, 0, 8760, 0, 0, 0),
(2849, 461, 1, 2, 0, 0, 0, 0, 0, 0, 8760, 0, 0, 0),
(2850, 369, 1, 1, 0, 0, 0, 0, 0, 0, 8760, 0, 0, 0),
(2851, 976, 1, 1, 0, 0, 0, 0, 0, 0, 8760, 0, 0, 0),
(2852, 458, 1, 1, 0, 0, 0, 0, 0, 0, 8760, 0, 0, 0),
(2853, 458, 2, 1, 0, 0, 0, 0, 0, 0, 8760, 0, 0, 0),
(2854, 1084, 1, 1, 0, 0, 0, 0, 0, 0, 8760, 0, 0, 0),
(2855, 613, 1, 2, 0, 0, 0, 0, 0, 0, 8760, 0, 0, 0),
(2856, 602, 1, 1, 0, 0, 0, 0, 0, 0, 8760, 0, 0, 0),
(2857, 384, 1, 2, 0, 0, 0, 0, 0, 0, 8760, 0, 0, 0),
(2858, 384, 2, 1, 0, 0, 0, 0, 0, 0, 8760, 0, 0, 0),
(2859, 384, 4, 1, 0, 0, 0, 0, 0, 0, 8760, 0, 0, 0),
(2860, 384, 5, 1, 0, 0, 0, 0, 0, 0, 8760, 0, 0, 0),
(2861, 384, 9, 1, 0, 0, 0, 0, 0, 0, 8760, 0, 0, 0),
(2862, 373, 1, 1, 0, 0, 0, 0, 0, 0, 8760, 0, 0, 0),
(2863, 226, 1, 3, 0, 0, 0, 0, 0, 0, 8760, 0, 0, 0),
(2864, 227, 1, 1, 0, 0, 0, 0, 0, 0, 8760, 0, 0, 0),
(2865, 227, 3, 1, 0, 0, 0, 0, 0, 0, 8760, 0, 0, 0),
(2866, 466, 1, 1, 0, 0, 0, 0, 0, 0, 8760, 0, 0, 0),
(2867, 229, 4, 1, 0, 0, 0, 0, 0, 0, 8760, 0, 0, 0),
(2868, 1180, 1, 1, 0, 0, 0, 0, 0, 0, 8760, 0, 0, 0),
(2869, 580, 1, 1, 0, 0, 0, 0, 0, 0, 8760, 0, 0, 0),
(2870, 358, 1, 3, 0, 0, 0, 0, 0, 0, 8760, 0, 0, 0),
(2871, 1217, 1, 1, 0, 0, 0, 0, 0, 0, 8760, 0, 0, 0),
(2872, 385, 1, 1, 0, 0, 0, 0, 0, 0, 8760, 0, 0, 0),
(2873, 430, 1, 4, 0, 0, 0, 0, 0, 0, 8760, 0, 0, 0),
(2874, 280, 1, 1, 0, 0, 0, 0, 0, 0, 8760, 0, 0, 0),
(2875, 703, 1, 1, 0, 0, 0, 0, 0, 0, 8760, 0, 0, 0),
(2876, 315, 1, 5, 0, 0, 0, 0, 0, 0, 8760, 0, 0, 0),
(2877, 315, 2, 10, 0, 0, 0, 0, 0, 0, 8760, 0, 0, 0),
(2878, 479, 1, 1, 0, 0, 0, 0, 0, 0, 8760, 0, 0, 0),
(2879, 528, 1, 1, 0, 0, 0, 0, 0, 0, 8760, 0, 0, 0),
(2880, 486, 1, 1, 0, 0, 0, 0, 0, 0, 8760, 0, 0, 0),
(2881, 235, 1, 1, 0, 0, 0, 0, 0, 0, 8760, 0, 0, 0),
(2882, 236, 1, 6, 0, 0, 0, 0, 0, 0, 8760, 0, 0, 0),
(2883, 1124, 1, 1, 0, 0, 0, 0, 0, 0, 8760, 0, 0, 0),
(2884, 1124, 2, 1, 0, 0, 0, 0, 0, 0, 8760, 0, 0, 0),
(2885, 1008, 1, 1, 0, 0, 0, 0, 0, 0, 8760, 0, 0, 0),
(2886, 240, 9, 1, 0, 0, 0, 0, 0, 0, 8760, 0, 0, 0),
(2887, 689, 4, 1, 0, 0, 0, 0, 0, 0, 8760, 0, 0, 0),
(2888, 241, 1, 1, 0, 0, 0, 0, 0, 0, 8760, 0, 0, 0),
(2889, 241, 3, 1, 0, 0, 0, 0, 0, 0, 8760, 0, 0, 0),
(2890, 365, 1, 2, 0, 0, 0, 0, 0, 0, 8760, 0, 0, 0),
(2891, 403, 1, 1, 0, 0, 0, 0, 0, 0, 8760, 0, 0, 0),
(2892, 429, 1, 1, 0, 0, 0, 0, 0, 0, 8760, 0, 0, 0),
(2893, 638, 1, 1, 0, 0, 0, 0, 0, 0, 8760, 0, 0, 0),
(2894, 328, 1, 1, 0, 0, 0, 0, 0, 0, 8760, 0, 0, 0),
(2895, 483, 1, 2, 0, 0, 0, 0, 0, 0, 8760, 0, 0, 0),
(2896, 246, 1, 2, 0, 0, 0, 0, 0, 0, 8760, 0, 0, 0),
(2897, 650, 1, 1, 0, 0, 0, 0, 0, 0, 8760, 0, 0, 0),
(2898, 475, 1, 1, 0, 0, 0, 0, 0, 0, 8760, 0, 0, 0),
(2899, 463, 1, 1, 0, 0, 0, 0, 0, 0, 8760, 0, 0, 0),
(2900, 537, 1, 1, 0, 0, 0, 0, 0, 0, 8760, 0, 0, 0),
(2901, 525, 1, 1, 0, 0, 0, 0, 0, 0, 8760, 0, 0, 0),
(2902, 609, 1, 1, 0, 0, 0, 0, 0, 0, 8760, 0, 0, 0),
(2903, 331, 2, 1, 0, 0, 0, 0, 0, 0, 8760, 0, 0, 0),
(2904, 249, 2, 1, 0, 0, 0, 0, 0, 0, 8760, 0, 0, 0),
(2905, 249, 4, 1, 0, 0, 0, 0, 0, 0, 8760, 0, 0, 0),
(2906, 541, 1, 2, 0, 0, 0, 0, 0, 0, 8760, 0, 0, 0),
(2907, 541, 2, 1, 0, 0, 0, 0, 0, 0, 8760, 0, 0, 0),
(2908, 374, 1, 1, 0, 0, 0, 0, 0, 0, 8760, 0, 0, 0),
(2909, 1054, 1, 2, 0, 0, 0, 0, 0, 0, 8760, 0, 0, 0),
(2910, 456, 1, 1, 0, 0, 0, 0, 0, 0, 8760, 0, 0, 0),
(2911, 513, 1, 1, 0, 0, 0, 0, 0, 0, 8760, 0, 0, 0),
(2912, 425, 1, 1, 0, 0, 0, 0, 0, 0, 8760, 0, 0, 0),
(2913, 644, 1, 1, 0, 0, 0, 0, 0, 0, 8760, 0, 0, 0),
(2914, 654, 1, 1, 0, 0, 0, 0, 0, 0, 8760, 0, 0, 0),
(2915, 1183, 3, 1, 0, 0, 0, 0, 0, 0, 8760, 0, 0, 0),
(2916, 225, 1, 1, 0, 0, 0, 0, 0, 0, 8760, 0, 0, 0),
(2917, 225, 2, 1, 0, 0, 0, 0, 0, 0, 8760, 0, 0, 0),
(2918, 627, 1, 5, 0, 0, 0, 0, 0, 0, 8760, 0, 0, 0),
(2919, 628, 1, 3, 0, 0, 0, 0, 0, 0, 8760, 0, 0, 0),
(2920, 559, 1, 2, 0, 0, 0, 0, 0, 0, 8760, 0, 0, 0),
(2921, 378, 2, 1, 0, 0, 0, 0, 0, 0, 8760, 0, 0, 0),
(2922, 256, 1, 1, 0, 0, 0, 0, 0, 0, 8760, 0, 0, 0),
(2923, 256, 2, 1, 0, 0, 0, 0, 0, 0, 8760, 0, 0, 0),
(2924, 544, 1, 4, 0, 0, 0, 0, 0, 0, 8760, 0, 0, 0),
(2925, 394, 3, 1, 0, 0, 0, 0, 0, 0, 8760, 0, 0, 0),
(2926, 500, 1, 1, 0, 0, 0, 0, 0, 0, 8760, 0, 0, 0),
(2927, 259, 1, 1, 0, 0, 0, 0, 0, 0, 8760, 0, 0, 0),
(2928, 259, 2, 1, 0, 0, 0, 0, 0, 0, 8760, 0, 0, 0),
(2929, 291, 1, 1, 0, 0, 0, 0, 0, 0, 8760, 0, 0, 0),
(2930, 371, 4, 1, 0, 0, 0, 0, 0, 0, 8760, 0, 0, 0),
(2931, 1194, 1, 1, 0, 0, 0, 0, 0, 0, 8760, 0, 0, 0),
(2932, 440, 1, 1, 0, 0, 0, 0, 0, 0, 8760, 0, 0, 0),
(2933, 409, 1, 1, 0, 0, 0, 0, 0, 0, 8760, 0, 0, 0),
(2934, 401, 1, 2, 0, 0, 0, 0, 0, 0, 8760, 0, 0, 0),
(2935, 401, 3, 2, 0, 0, 0, 0, 0, 0, 8760, 0, 0, 0),
(2936, 400, 1, 1, 0, 0, 0, 0, 0, 0, 8760, 0, 0, 0),
(2937, 400, 2, 1, 0, 0, 0, 0, 0, 0, 8760, 0, 0, 0),
(2938, 846, 1, 1, 0, 0, 1, 1, 1, 1, 8759, 0, 0, 0),
(2939, 847, 1, 2, 0, 0, 4, 4, 4, 4, 8749, 0, 0, 0),
(2940, 1775, 2, 0, 0, 0, 0, 0, 0, 0, 0, 1, 1, 3),
(2941, 848, 3, 1, 0, 0, 0, 0, 0, 0, 8760, 5, 6, 0),
(2942, 850, 1, 5, 0, 0, 1, 1, 1, 1, 8749, 1, 3, 2),
(2943, 850, 2, 1, 0, 0, 0, 0, 0, 0, 8760, 0, 2, 1),
(2944, 850, 4, 1, 0, 0, 0, 0, 0, 0, 8760, 0, 0, 0),
(2945, 850, 12, 0, 0, 0, 0, 0, 0, 0, 0, 2, 0, 0),
(2946, 851, 1, 0, 0, 0, 0, 0, 0, 0, 0, 0, 2, 0),
(2947, 851, 1, 3, 1, 1, 11, 12, 12, 12, 8622, 4, 8, 2),
(2948, 851, 2, 0, 0, 0, 0, 0, 0, 0, 0, 0, 2, 0),
(2949, 851, 2, 2, 0, 0, 2, 2, 2, 2, 8754, 2, 9, 2),
(2950, 851, 9, 0, 0, 0, 0, 0, 0, 0, 0, 0, 1, 0),
(2951, 851, 9, 1, 0, 0, 0, 0, 0, 0, 8760, 3, 0, 2),
(2952, 852, 1, 1, 1, 1, 1, 1, 1, 1, 8750, 0, 2, 3),
(2953, 852, 2, 1, 0, 0, 3, 3, 3, 3, 8729, 0, 4, 4),
(2954, 853, 1, 1, 0, 0, 0, 0, 0, 0, 8760, 0, 0, 1),
(2955, 854, 1, 14, 6, 6, 57, 59, 57, 59, 8738, 0, 0, 0),
(2956, 854, 2, 4, 0, 0, 10, 11, 10, 11, 8745, 0, 0, 0),
(2957, 856, 4, 1, 0, 0, 0, 0, 0, 0, 8760, 1, 0, 0),
(2958, 856, 5, 0, 0, 0, 0, 0, 0, 0, 0, 0, 0, 2),
(2959, 857, 1, 12, 0, 0, 21, 22, 21, 22, 8743, 0, 0, 0),
(2960, 857, 2, 2, 0, 0, 2, 2, 2, 2, 8724, 0, 13, 0),
(2961, 859, 2, 1, 0, 0, 2, 2, 2, 2, 8748, 6, 7, 0),
(2962, 1798, 1, 0, 0, 0, 0, 1, 0, 1, 8726, 0, 0, 0),
(2963, 860, 1, 1, 0, 0, 1, 1, 1, 1, 8749, 0, 0, 0),
(2964, 861, 1, 6, 5, 5, 10, 10, 10, 10, 8745, 0, 2, 1),
(2965, 861, 2, 2, 1, 1, 1, 1, 1, 1, 8749, 0, 4, 0),
(2966, 861, 5, 1, 0, 0, 0, 0, 0, 0, 8760, 0, 2, 2),
(2967, 864, 1, 4, 0, 0, 5, 5, 5, 5, 8721, 0, 2, 2),
(2968, 865, 1, 3, 0, 0, 1, 1, 1, 1, 8710, 0, 6, 6),
(2969, 865, 2, 2, 0, 0, 2, 2, 2, 2, 8755, 0, 4, 0),
(2970, 865, 4, 1, 0, 0, 0, 0, 0, 0, 8760, 1, 0, 0),
(2971, 867, 1, 5, 0, 0, 4, 4, 4, 4, 8747, 0, 0, 1),
(2972, 867, 2, 2, 0, 0, 1, 1, 1, 1, 8725, 0, 0, 0),
(2973, 868, 1, 0, 0, 0, 0, 0, 0, 0, 0, 0, 1, 0),
(2974, 868, 1, 15, 0, 0, 13, 14, 13, 14, 8752, 2, 3, 3),
(2975, 868, 2, 4, 0, 0, 2, 2, 2, 2, 8757, 0, 0, 1),
(2976, 868, 5, 1, 0, 0, 0, 0, 0, 0, 8760, 0, 0, 0),
(2977, 869, 1, 1, 0, 0, 4, 4, 4, 4, 8757, 0, 1, 2),
(2978, 870, 7, 1, 2, 2, 2, 2, 2, 2, 8757, 0, 16, 0),
(2979, 870, 10, 1, 0, 0, 0, 0, 0, 0, 8760, 2, 21, 0),
(2980, 871, 1, 2, 0, 0, 0, 0, 0, 0, 8760, 0, 0, 0),
(2981, 871, 2, 1, 0, 0, 2, 2, 2, 2, 8732, 0, 0, 0),
(2982, 872, 1, 0, 0, 0, 1, 1, 1, 1, 8756, 0, 0, 0),
(2983, 872, 2, 1, 0, 0, 0, 0, 0, 0, 8760, 1, 0, 1),
(2984, 873, 1, 3, 0, 0, 2, 2, 2, 2, 8748, 0, 7, 2),
(2985, 873, 2, 1, 0, 0, 1, 1, 1, 1, 8757, 0, 0, 0),
(2986, 874, 1, 18, 4, 4, 24, 24, 24, 24, 8747, 0, 0, 0),
(2987, 874, 2, 1, 0, 0, 0, 0, 0, 0, 8760, 2, 5, 0),
(2988, 875, 1, 2, 4, 4, 4, 4, 4, 4, 8748, 0, 0, 0),
(2989, 875, 2, 1, 1, 1, 1, 1, 1, 1, 8753, 0, 0, 0),
(2990, 875, 9, 1, 0, 0, 0, 0, 0, 0, 8760, 0, 0, 0),
(2991, 875, 12, 1, 0, 0, 0, 0, 0, 0, 8760, 0, 0, 0),
(2992, 876, 1, 6, 4, 4, 14, 14, 14, 14, 8749, 0, 21, 2),
(2993, 876, 4, 1, 0, 0, 0, 0, 0, 0, 8760, 0, 0, 0),
(2994, 876, 12, 0, 1, 1, 1, 1, 1, 1, 0, 3, 0, 0),
(2995, 877, 1, 4, 3, 3, 7, 8, 8, 8, 8749, 1, 5, 0),
(2996, 879, 1, 1, 0, 0, 0, 0, 0, 0, 8760, 0, 0, 1),
(2997, 879, 2, 1, 0, 0, 0, 0, 0, 0, 8760, 0, 1, 0),
(2998, 881, 1, 1, 0, 0, 0, 0, 0, 0, 8760, 0, 0, 6),
(2999, 882, 1, 4, 1, 1, 2, 3, 2, 3, 8748, 3, 8, 2),
(3000, 882, 3, 2, 0, 0, 3, 3, 3, 3, 8754, 2, 3, 4),
(3001, 884, 2, 1, 0, 0, 0, 0, 0, 0, 8760, 0, 0, 1),
(3002, 886, 1, 1, 0, 0, 1, 1, 1, 1, 8745, 0, 4, 0),
(3003, 887, 1, 1, 0, 0, 1, 1, 1, 1, 8743, 1, 3, 0),
(3004, 888, 1, 1, 1, 1, 1, 1, 1, 1, 8752, 0, 0, 0),
(3005, 889, 2, 1, 0, 0, 1, 1, 1, 1, 8757, 0, 0, 0),
(3006, 1828, 1, 0, 0, 0, 1, 1, 1, 1, 8745, 0, 0, 0),
(3007, 890, 2, 4, 4, 4, 4, 4, 4, 4, 8755, 1, 3, 1),
(3008, 891, 1, 1, 0, 0, 2, 2, 2, 2, 8754, 0, 0, 2),
(3009, 892, 1, 1, 0, 0, 1, 2, 1, 2, 8753, 0, 0, 0),
(3010, 1836, 1, 0, 0, 0, 0, 0, 0, 0, 0, 4, 3, 4),
(3011, 894, 1, 0, 0, 0, 0, 0, 0, 0, 0, 0, 2, 1),
(3012, 894, 2, 1, 0, 0, 0, 1, 0, 1, 8729, 0, 3, 1),
(3013, 894, 3, 1, 0, 0, 0, 0, 0, 0, 8760, 0, 0, 0),
(3014, 1839, 1, 0, 0, 0, 0, 0, 0, 0, 0, 1, 4, 0),
(3015, 895, 1, 1, 0, 0, 2, 2, 2, 2, 8750, 0, 0, 1),
(3016, 895, 4, 1, 0, 0, 1, 1, 1, 1, 8756, 0, 0, 0),
(3017, 896, 1, 1, 0, 0, 0, 0, 0, 0, 8760, 0, 1, 2),
(3018, 896, 2, 2, 2, 2, 2, 2, 2, 2, 8679, 1, 4, 1),
(3019, 1842, 9, 0, 0, 0, 0, 0, 0, 0, 0, 0, 0, 4),
(3020, 897, 1, 2, 0, 0, 4, 5, 4, 5, 8759, 0, 5, 7),
(3021, 897, 2, 1, 0, 0, 6, 6, 6, 6, 8757, 0, 5, 6),
(3022, 897, 9, 1, 1, 1, 1, 1, 1, 1, 8756, 1, 0, 1),
(3023, 897, 12, 0, 1, 1, 1, 1, 1, 1, 8758, 0, 0, 0),
(3024, 898, 1, 2, 0, 0, 2, 2, 2, 2, 8741, 4, 7, 4),
(3025, 898, 2, 1, 0, 0, 0, 0, 0, 0, 8760, 2, 5, 1),
(3026, 898, 3, 1, 0, 0, 1, 1, 1, 1, 8756, 0, 4, 1),
(3027, 899, 1, 3, 0, 0, 6, 6, 6, 6, 8747, 0, 6, 0),
(3028, 900, 1, 2, 1, 1, 5, 5, 5, 5, 8729, 0, 0, 2),
(3029, 901, 1, 3, 0, 0, 11, 11, 11, 11, 8747, 2, 7, 3),
(3030, 901, 8, 0, 3, 3, 3, 3, 3, 3, 8758, 0, 0, 0);
INSERT INTO `tbl_clinic_device` (`id`, `Clinic_Id`, `Device_Id`, `Quantity`, `U_W_AVG_Repair_Time_12_h`, `U_W_AVG_Repair_Time`, `AVG_Repair_Time_12_h`, `AVG_Repair_Time_All`, `First_Time_Call`, `Total_Repair_Calls_All`, `Up_Time`, `Doctors_Trained`, `Nurses_Trained`, `E_Learning_Course_Delivered`) VALUES
(3031, 902, 1, 1, 3, 3, 3, 3, 3, 3, 8745, 0, 0, 3),
(3032, 903, 1, 1, 0, 0, 0, 0, 0, 0, 8760, 0, 1, 0),
(3033, 903, 2, 1, 0, 0, 0, 0, 0, 0, 8760, 0, 0, 0),
(3034, 903, 9, 2, 0, 0, 0, 0, 0, 0, 8760, 0, 1, 1),
(3035, 904, 2, 1, 0, 0, 1, 1, 1, 1, 8759, 0, 0, 0),
(3036, 904, 3, 0, 0, 0, 0, 0, 0, 0, 0, 0, 1, 0),
(3037, 2232, 1, 0, 0, 0, 0, 0, 0, 0, 0, 0, 1, 0),
(3038, 906, 2, 1, 0, 0, 0, 0, 0, 0, 8760, 0, 6, 0),
(3039, 908, 1, 1, 0, 0, 0, 0, 0, 0, 8760, 0, 1, 0),
(3040, 2233, 1, 0, 0, 0, 0, 0, 0, 0, 0, 0, 1, 0),
(3041, 2233, 2, 0, 0, 0, 0, 0, 0, 0, 0, 0, 1, 0),
(3042, 909, 1, 1, 0, 0, 0, 1, 0, 1, 8758, 0, 0, 0),
(3043, 910, 1, 1, 1, 1, 1, 1, 1, 1, 8756, 0, 2, 2),
(3044, 911, 1, 1, 0, 0, 3, 3, 3, 3, 8757, 0, 3, 0),
(3045, 911, 5, 1, 0, 0, 1, 1, 1, 1, 8751, 0, 0, 0),
(3046, 911, 9, 0, 0, 0, 1, 1, 1, 1, 8756, 0, 0, 0),
(3047, 913, 1, 1, 0, 0, 2, 2, 2, 2, 8749, 1, 0, 0),
(3048, 913, 2, 1, 0, 0, 1, 1, 1, 1, 8757, 1, 0, 0),
(3049, 913, 4, 1, 0, 0, 0, 0, 0, 0, 8760, 1, 0, 0),
(3050, 914, 3, 1, 0, 0, 0, 0, 0, 0, 8760, 0, 0, 0),
(3051, 914, 5, 1, 0, 0, 0, 0, 0, 0, 8760, 0, 0, 2),
(3052, 915, 1, 1, 0, 0, 1, 1, 1, 1, 8742, 0, 0, 0),
(3053, 916, 1, 1, 0, 0, 3, 3, 3, 3, 8748, 0, 0, 0),
(3054, 916, 2, 1, 0, 0, 0, 0, 0, 0, 8760, 1, 0, 0),
(3055, 917, 1, 3, 1, 1, 3, 3, 3, 3, 8743, 0, 0, 0),
(3056, 917, 2, 2, 0, 0, 0, 0, 0, 0, 8760, 0, 1, 0),
(3057, 917, 3, 1, 0, 0, 0, 0, 0, 0, 8760, 0, 0, 0),
(3058, 917, 5, 1, 0, 0, 0, 0, 0, 0, 8760, 0, 0, 0),
(3059, 918, 1, 2, 1, 1, 1, 1, 1, 1, 8745, 0, 2, 3),
(3060, 918, 3, 1, 0, 0, 1, 1, 1, 1, 8756, 0, 0, 0),
(3061, 920, 1, 1, 0, 0, 0, 0, 0, 0, 8760, 0, 0, 4),
(3062, 920, 2, 1, 0, 0, 3, 3, 3, 3, 8740, 0, 0, 2),
(3063, 920, 9, 1, 0, 0, 0, 0, 0, 0, 8760, 0, 0, 0),
(3064, 921, 1, 2, 0, 0, 0, 0, 0, 0, 8760, 0, 0, 0),
(3065, 921, 2, 1, 0, 0, 0, 0, 0, 0, 8760, 0, 0, 0),
(3066, 921, 3, 3, 0, 0, 0, 0, 0, 0, 8760, 10, 0, 0),
(3067, 921, 4, 1, 0, 0, 0, 0, 0, 0, 8760, 0, 0, 0),
(3068, 922, 2, 2, 0, 0, 0, 0, 0, 0, 8760, 0, 2, 1),
(3069, 923, 1, 0, 0, 0, 0, 0, 0, 0, 0, 0, 1, 0),
(3070, 923, 1, 1, 0, 0, 1, 1, 1, 1, 8760, 0, 0, 0),
(3071, 924, 1, 3, 0, 0, 3, 3, 3, 3, 8748, 0, 0, 0),
(3072, 924, 2, 1, 0, 0, 0, 0, 0, 0, 8760, 0, 0, 0),
(3073, 924, 9, 1, 1, 1, 1, 1, 1, 1, 8660, 2, 1, 0),
(3074, 926, 1, 1, 0, 0, 0, 0, 0, 0, 8760, 3, 1, 1),
(3075, 927, 1, 1, 0, 0, 0, 0, 0, 0, 8760, 0, 1, 0),
(3076, 927, 2, 1, 0, 0, 0, 0, 0, 0, 8760, 3, 5, 0),
(3077, 927, 5, 1, 0, 0, 0, 0, 0, 0, 8760, 0, 1, 0),
(3078, 928, 1, 3, 0, 0, 0, 0, 0, 0, 8760, 0, 4, 0),
(3079, 932, 1, 3, 0, 0, 2, 2, 2, 2, 8752, 0, 1, 4),
(3080, 932, 2, 1, 0, 0, 1, 1, 1, 1, 8750, 1, 2, 2),
(3081, 933, 1, 1, 0, 0, 0, 1, 0, 1, 8739, 0, 0, 0),
(3082, 934, 1, 1, 0, 0, 1, 1, 1, 1, 8757, 0, 0, 1),
(3083, 934, 2, 1, 0, 0, 0, 0, 0, 0, 8760, 0, 0, 1),
(3084, 934, 3, 1, 0, 0, 0, 0, 0, 0, 8760, 0, 0, 0),
(3085, 935, 1, 1, 0, 0, 1, 2, 1, 2, 8760, 0, 0, 0),
(3086, 935, 2, 1, 0, 0, 0, 0, 0, 0, 8760, 0, 0, 0),
(3087, 937, 2, 1, 0, 0, 1, 1, 1, 1, 8755, 1, 3, 1),
(3088, 937, 9, 1, 0, 0, 0, 0, 0, 0, 8760, 0, 0, 0),
(3089, 1868, 1, 0, 0, 0, 1, 1, 1, 1, 8754, 0, 0, 0),
(3090, 938, 2, 1, 0, 0, 0, 0, 0, 0, 8760, 2, 3, 1),
(3091, 938, 9, 1, 3, 3, 3, 3, 3, 3, 8752, 2, 1, 1),
(3092, 940, 1, 1, 0, 0, 1, 1, 1, 1, 8754, 0, 5, 0),
(3093, 940, 2, 1, 0, 0, 0, 0, 0, 0, 8760, 0, 0, 0),
(3094, 941, 1, 1, 0, 0, 1, 1, 1, 1, 8751, 0, 0, 0),
(3095, 1874, 1, 0, 0, 0, 0, 0, 0, 0, 0, 1, 1, 0),
(3096, 1875, 1, 0, 0, 0, 2, 2, 2, 2, 8756, 0, 0, 0),
(3097, 945, 1, 2, 0, 0, 4, 4, 4, 4, 8750, 0, 0, 0),
(3098, 947, 1, 1, 0, 0, 0, 0, 0, 0, 8760, 1, 0, 2),
(3099, 948, 1, 1, 0, 0, 0, 0, 0, 0, 8760, 0, 2, 2),
(3100, 949, 1, 1, 0, 0, 0, 0, 0, 0, 8760, 0, 0, 1),
(3101, 949, 5, 1, 0, 0, 0, 0, 0, 0, 8760, 0, 0, 0),
(3102, 2234, 1, 0, 0, 0, 0, 0, 0, 0, 0, 1, 0, 0),
(3103, 2234, 2, 0, 0, 0, 0, 0, 0, 0, 0, 1, 1, 0),
(3104, 952, 1, 1, 0, 0, 0, 0, 0, 0, 8760, 1, 4, 6),
(3105, 952, 2, 1, 0, 0, 0, 0, 0, 0, 8760, 3, 7, 3),
(3106, 953, 1, 1, 0, 0, 0, 0, 0, 0, 8760, 0, 2, 0),
(3107, 955, 1, 1, 0, 0, 3, 3, 3, 3, 8755, 0, 3, 0),
(3108, 955, 2, 1, 0, 0, 0, 0, 0, 0, 8760, 0, 3, 0),
(3109, 956, 1, 1, 0, 0, 2, 2, 2, 2, 8757, 0, 0, 0),
(3110, 956, 2, 1, 0, 0, 0, 0, 0, 0, 8760, 0, 0, 0),
(3111, 956, 4, 1, 0, 0, 0, 0, 0, 0, 8760, 0, 0, 0),
(3112, 957, 1, 2, 2, 2, 6, 6, 6, 6, 8758, 0, 4, 2),
(3113, 957, 2, 1, 0, 0, 3, 3, 3, 3, 8756, 1, 4, 1),
(3114, 957, 3, 0, 0, 0, 0, 0, 0, 0, 0, 0, 0, 1),
(3115, 1894, 3, 0, 0, 0, 1, 2, 1, 2, 8759, 0, 0, 0),
(3116, 959, 1, 1, 0, 0, 1, 1, 1, 1, 8735, 0, 0, 0),
(3117, 959, 2, 1, 0, 0, 1, 1, 1, 1, 8757, 0, 0, 0),
(3118, 960, 1, 1, 0, 0, 1, 1, 1, 1, 8757, 0, 0, 2),
(3119, 963, 1, 1, 0, 0, 2, 3, 3, 3, 8748, 0, 0, 0),
(3120, 967, 1, 2, 3, 3, 5, 5, 5, 5, 8763, 0, 0, 0),
(3121, 967, 2, 1, 0, 0, 1, 1, 1, 1, 8752, 0, 0, 0),
(3122, 967, 5, 1, 0, 0, 0, 0, 0, 0, 8760, 0, 0, 0),
(3123, 968, 1, 1, 0, 0, 3, 3, 3, 3, 8750, 0, 1, 0),
(3124, 972, 2, 1, 0, 0, 1, 1, 1, 1, 8745, 0, 6, 8),
(3125, 973, 1, 2, 0, 0, 0, 0, 0, 0, 8760, 0, 0, 0),
(3126, 973, 2, 1, 0, 0, 0, 0, 0, 0, 8760, 0, 3, 3),
(3127, 2235, 3, 0, 0, 0, 1, 1, 1, 1, 8756, 0, 1, 1),
(3128, 971, 1, 1, 0, 0, 3, 3, 3, 3, 8749, 0, 0, 1),
(3129, 974, 1, 1, 0, 0, 0, 0, 0, 0, 8760, 0, 3, 0),
(3130, 989, 1, 1, 0, 0, 0, 0, 0, 0, 8760, 0, 0, 0),
(3131, 989, 3, 1, 0, 0, 1, 1, 1, 1, 8755, 0, 0, 0),
(3132, 990, 2, 1, 0, 0, 0, 1, 0, 1, 8746, 0, 0, 0),
(3133, 1021, 1, 2, 0, 0, 3, 3, 3, 3, 8748, 0, 0, 0),
(3134, 1021, 2, 1, 0, 0, 3, 3, 3, 3, 8749, 0, 0, 0),
(3135, 1021, 3, 1, 0, 0, 0, 0, 0, 0, 8760, 0, 0, 0),
(3136, 1030, 1, 1, 0, 0, 2, 2, 2, 2, 8734, 0, 0, 1),
(3137, 1031, 1, 2, 0, 0, 6, 6, 6, 6, 8757, 0, 1, 2),
(3138, 1031, 2, 1, 0, 0, 0, 1, 0, 1, 8757, 1, 3, 1),
(3139, 1031, 3, 1, 0, 0, 0, 0, 0, 0, 8760, 0, 0, 1),
(3140, 1031, 7, 1, 2, 2, 2, 2, 2, 2, 8757, 0, 0, 0),
(3141, 1930, 1, 0, 0, 0, 0, 0, 0, 0, 0, 0, 0, 3),
(3142, 1033, 1, 1, 0, 0, 0, 0, 0, 0, 8760, 0, 0, 2),
(3143, 1034, 3, 1, 0, 0, 0, 0, 0, 0, 8760, 0, 0, 2),
(3144, 1035, 1, 1, 0, 0, 3, 3, 3, 3, 8727, 0, 8, 0),
(3145, 1040, 3, 1, 0, 0, 1, 1, 1, 1, 8745, 0, 0, 0),
(3146, 1043, 2, 1, 1, 1, 1, 1, 1, 1, 8753, 1, 2, 1),
(3147, 1043, 10, 1, 0, 0, 0, 0, 0, 0, 8760, 0, 4, 0),
(3148, 1044, 1, 1, 0, 0, 2, 2, 2, 2, 8757, 0, 0, 4),
(3149, 1051, 1, 1, 0, 0, 1, 1, 1, 1, 8760, 1, 3, 3),
(3150, 1051, 7, 1, 1, 1, 1, 1, 1, 1, 8743, 0, 3, 0),
(3151, 1058, 1, 1, 1, 1, 6, 6, 6, 6, 8757, 0, 0, 0),
(3152, 1058, 2, 1, 0, 0, 3, 3, 3, 3, 8755, 0, 8, 0),
(3153, 1062, 2, 1, 0, 0, 0, 0, 0, 0, 8760, 3, 2, 0),
(3154, 1062, 3, 1, 0, 0, 0, 0, 0, 0, 8760, 0, 0, 0),
(3155, 1063, 1, 0, 0, 0, 9, 9, 9, 9, 8753, 0, 0, 0),
(3156, 1063, 2, 1, 0, 0, 2, 2, 2, 2, 8726, 0, 0, 0),
(3157, 1965, 1, 0, 0, 0, 0, 0, 0, 0, 0, 0, 3, 0),
(3158, 1069, 3, 1, 0, 0, 1, 1, 1, 1, 8754, 0, 0, 0),
(3159, 1976, 1, 0, 0, 0, 0, 0, 0, 0, 0, 0, 0, 1),
(3160, 1075, 3, 1, 0, 0, 0, 0, 0, 0, 8760, 2, 2, 0),
(3161, 1080, 1, 2, 1, 1, 7, 8, 7, 8, 8751, 0, 0, 0),
(3162, 1081, 9, 4, 1, 1, 1, 1, 1, 1, 8760, 3, 0, 4),
(3163, 1082, 1, 2, 1, 1, 9, 10, 10, 10, 8736, 0, 9, 4),
(3164, 1082, 2, 1, 0, 0, 3, 3, 3, 3, 8748, 0, 9, 7),
(3165, 1082, 3, 1, 2, 2, 2, 2, 2, 2, 8757, 0, 3, 6),
(3166, 1085, 1, 1, 5, 5, 5, 5, 5, 5, 8755, 1, 6, 9),
(3167, 1991, 2, 0, 0, 0, 2, 2, 2, 2, 0, 0, 0, 0),
(3168, 1087, 1, 2, 1, 1, 6, 6, 6, 6, 8757, 1, 5, 5),
(3169, 1091, 1, 2, 0, 0, 4, 4, 4, 4, 8747, 0, 0, 0),
(3170, 1091, 2, 1, 0, 0, 1, 1, 1, 1, 8753, 1, 1, 0),
(3171, 1091, 5, 1, 0, 0, 0, 0, 0, 0, 8760, 1, 4, 0),
(3172, 1091, 9, 1, 0, 0, 0, 0, 0, 0, 8760, 1, 4, 0),
(3173, 1095, 2, 1, 0, 0, 3, 3, 3, 3, 8737, 0, 1, 0),
(3174, 2006, 1, 0, 0, 0, 0, 0, 0, 0, 0, 0, 0, 1),
(3175, 1102, 1, 1, 2, 2, 2, 3, 2, 3, 8755, 0, 2, 1),
(3176, 1105, 1, 3, 3, 3, 8, 8, 8, 8, 8750, 0, 0, 0),
(3177, 1105, 2, 1, 0, 0, 2, 2, 2, 2, 8702, 1, 3, 0),
(3178, 1105, 2, 0, 0, 0, 0, 0, 0, 0, 0, 1, 0, 0),
(3179, 1105, 5, 1, 0, 0, 0, 0, 0, 0, 8760, 0, 0, 0),
(3180, 1105, 9, 1, 1, 1, 1, 1, 1, 1, 8760, 0, 0, 1),
(3181, 1106, 1, 1, 1, 1, 2, 2, 2, 2, 8753, 1, 4, 2),
(3182, 1106, 2, 1, 0, 0, 0, 0, 0, 0, 8760, 0, 2, 1),
(3183, 1111, 2, 1, 1, 1, 1, 1, 1, 1, 8760, 0, 0, 5),
(3184, 1111, 9, 0, 0, 0, 0, 0, 0, 0, 0, 1, 3, 0),
(3185, 1112, 1, 1, 0, 0, 1, 1, 1, 1, 8713, 0, 2, 2),
(3186, 1118, 1, 1, 0, 0, 0, 0, 0, 0, 8760, 0, 1, 0),
(3187, 2036, 1, 0, 0, 0, 0, 0, 0, 0, 0, 0, 3, 0),
(3188, 2036, 2, 0, 0, 0, 0, 0, 0, 0, 0, 0, 5, 2),
(3189, 2236, 1, 0, 1, 1, 2, 2, 2, 2, 8757, 0, 0, 0),
(3190, 1123, 1, 3, 0, 0, 5, 5, 5, 5, 8742, 0, 4, 0),
(3191, 1123, 2, 1, 0, 0, 1, 1, 1, 1, 8745, 0, 4, 4),
(3192, 1123, 9, 1, 1, 1, 1, 1, 1, 1, 8752, 0, 1, 0),
(3193, 2049, 1, 0, 0, 0, 0, 0, 0, 0, 0, 1, 1, 0),
(3194, 1136, 1, 1, 0, 0, 2, 2, 2, 2, 8751, 2, 3, 0),
(3195, 1140, 2, 1, 0, 0, 0, 0, 0, 0, 8760, 0, 4, 1),
(3196, 1142, 1, 1, 3, 3, 3, 3, 3, 3, 8757, 0, 5, 4),
(3197, 1142, 2, 1, 0, 0, 0, 0, 0, 0, 8760, 1, 4, 1),
(3198, 2237, 1, 0, 0, 0, 0, 0, 0, 0, 0, 0, 4, 0),
(3199, 2237, 2, 0, 0, 0, 0, 0, 0, 0, 0, 0, 4, 0),
(3200, 1151, 1, 2, 2, 2, 12, 12, 12, 12, 8753, 0, 1, 3),
(3201, 1151, 2, 1, 0, 0, 0, 0, 0, 0, 8760, 0, 0, 2),
(3202, 1151, 9, 1, 0, 0, 0, 0, 0, 0, 8760, 0, 0, 4),
(3203, 2089, 1, 0, 0, 0, 0, 0, 0, 0, 0, 0, 2, 3),
(3204, 1160, 1, 1, 2, 2, 2, 2, 2, 2, 8754, 2, 2, 4),
(3205, 1160, 2, 1, 0, 0, 0, 0, 0, 0, 8760, 2, 2, 3),
(3206, 1160, 5, 1, 0, 0, 0, 0, 0, 0, 8760, 2, 2, 4),
(3207, 1161, 3, 1, 0, 0, 0, 0, 0, 0, 8760, 1, 3, 4),
(3208, 2101, 1, 0, 0, 0, 0, 0, 0, 0, 0, 0, 7, 0),
(3209, 1184, 1, 1, 0, 0, 8, 8, 8, 8, 8720, 0, 2, 0),
(3210, 1184, 2, 1, 0, 0, 2, 2, 2, 2, 8736, 0, 2, 1),
(3211, 1184, 2, 0, 0, 0, 0, 0, 0, 0, 0, 1, 0, 0),
(3212, 1188, 1, 1, 5, 5, 5, 5, 5, 5, 8751, 0, 0, 2),
(3213, 1188, 2, 1, 2, 2, 2, 2, 2, 2, 8751, 0, 2, 1),
(3214, 1203, 1, 1, 0, 0, 3, 3, 3, 3, 8752, 0, 2, 0),
(3215, 1203, 9, 1, 0, 0, 0, 0, 0, 0, 8760, 0, 2, 0),
(3216, 2238, 1, 0, 0, 0, 0, 0, 0, 0, 0, 0, 3, 1),
(3217, 1210, 1, 1, 0, 0, 1, 1, 1, 1, 8751, 0, 1, 0),
(3218, 1211, 1, 1, 0, 0, 0, 0, 0, 0, 8760, 0, 1, 6),
(3219, 2159, 2, 0, 0, 0, 0, 0, 0, 0, 0, 0, 0, 1),
(3220, 2239, 1, 0, 0, 0, 0, 0, 0, 0, 0, 0, 0, 5),
(3221, 1234, 1, 1, 0, 0, 0, 0, 0, 0, 8760, 1, 3, 6),
(3222, 2163, 1, 0, 0, 0, 3, 3, 3, 3, 8744, 1, 4, 0),
(3223, 1242, 1, 1, 0, 0, 4, 4, 4, 4, 8748, 3, 3, 2),
(3224, 1242, 2, 1, 0, 0, 0, 0, 0, 0, 8760, 3, 5, 1),
(3225, 1243, 2, 1, 0, 0, 4, 5, 4, 5, 8757, 2, 23, 22),
(3226, 1243, 3, 1, 0, 0, 0, 0, 0, 0, 8760, 0, 0, 2),
(3227, 1243, 5, 1, 0, 0, 0, 0, 0, 0, 8760, 0, 0, 0),
(3228, 1249, 1, 1, 3, 3, 6, 6, 6, 6, 8756, 1, 5, 4),
(3229, 1249, 2, 1, 0, 0, 1, 1, 1, 1, 8758, 1, 5, 6),
(3230, 1249, 5, 1, 0, 0, 0, 0, 0, 0, 8760, 1, 4, 4),
(3231, 1257, 1, 1, 0, 0, 0, 0, 0, 0, 8760, 1, 7, 1),
(3232, 1266, 1, 2, 0, 0, 0, 0, 0, 0, 8760, 0, 1, 0),
(3233, 1266, 2, 2, 0, 0, 0, 0, 0, 0, 8760, 0, 0, 0),
(3234, 1266, 9, 1, 0, 0, 0, 0, 0, 0, 8760, 0, 0, 0),
(3235, 1271, 3, 1, 0, 0, 0, 0, 0, 0, 8760, 1, 1, 0),
(3236, 1272, 1, 1, 1, 2, 1, 2, 1, 2, 8751, 1, 1, 2),
(3237, 1272, 3, 0, 0, 0, 0, 0, 0, 0, 0, 1, 0, 0),
(3238, 8, 1, 2, 0, 0, 2, 2, 2, 2, 8745, 0, 0, 1),
(3239, 8, 2, 0, 0, 0, 0, 0, 0, 0, 0, 0, 0, 2),
(3240, 2240, 1, 0, 0, 0, 2, 2, 2, 2, 8737, 1, 1, 3),
(3241, 45, 1, 1, 0, 0, 5, 5, 5, 5, 8752, 1, 2, 1),
(3242, 45, 1, 0, 0, 0, 0, 0, 0, 0, 0, 0, 1, 0),
(3243, 45, 2, 0, 0, 0, 0, 0, 0, 0, 0, 0, 2, 1),
(3244, 45, 3, 1, 1, 1, 1, 1, 1, 1, 8721, 0, 0, 0),
(3245, 45, 9, 0, 0, 0, 0, 0, 0, 0, 0, 1, 1, 1),
(3246, 55, 1, 1, 5, 5, 12, 12, 12, 12, 8748, 0, 8, 4),
(3247, 55, 2, 0, 1, 1, 2, 2, 2, 2, 8737, 0, 6, 5),
(3248, 55, 9, 0, 0, 0, 0, 0, 0, 0, 0, 1, 0, 0),
(3249, 55, 12, 0, 0, 0, 3, 3, 3, 3, 8759, 0, 0, 0),
(3250, 57, 1, 1, 0, 0, 4, 4, 4, 4, 8751, 0, 0, 1),
(3251, 57, 9, 1, 0, 0, 0, 0, 0, 0, 8760, 0, 0, 3),
(3252, 2241, 1, 0, 0, 0, 0, 0, 0, 0, 0, 1, 2, 1),
(3253, 2241, 2, 0, 0, 0, 0, 0, 0, 0, 0, 1, 2, 2),
(3254, 1344, 1, 0, 0, 0, 0, 0, 0, 0, 0, 0, 3, 0),
(3255, 70, 2, 1, 0, 0, 0, 0, 0, 0, 8760, 1, 3, 5),
(3256, 80, 1, 2, 1, 1, 3, 3, 3, 3, 8718, 0, 2, 1),
(3257, 83, 1, 6, 0, 0, 0, 0, 0, 0, 8760, 2, 1, 1),
(3258, 89, 1, 1, 0, 0, 2, 2, 2, 2, 8753, 1, 2, 0),
(3259, 90, 1, 1, 0, 0, 2, 2, 2, 2, 8734, 0, 0, 0),
(3260, 94, 1, 1, 0, 0, 5, 6, 6, 6, 8755, 1, 1, 3),
(3261, 96, 3, 1, 0, 0, 0, 0, 0, 0, 8760, 2, 1, 1),
(3262, 98, 1, 2, 1, 1, 1, 1, 1, 1, 8754, 0, 7, 3),
(3263, 109, 5, 1, 0, 0, 0, 0, 0, 0, 8760, 0, 0, 1),
(3264, 113, 1, 2, 2, 2, 3, 3, 3, 3, 8750, 0, 5, 4),
(3265, 113, 5, 1, 0, 0, 0, 0, 0, 0, 8760, 0, 0, 1),
(3266, 114, 1, 1, 0, 0, 0, 0, 0, 0, 8760, 0, 0, 5),
(3267, 118, 3, 1, 2, 2, 2, 2, 2, 2, 8755, 1, 0, 0),
(3268, 119, 1, 1, 1, 1, 3, 3, 3, 3, 8755, 2, 11, 3),
(3269, 1414, 1, 0, 0, 0, 0, 0, 0, 0, 0, 0, 0, 2),
(3270, 1414, 9, 0, 1, 1, 1, 1, 1, 1, 0, 0, 0, 0),
(3271, 127, 1, 2, 3, 3, 3, 3, 3, 3, 8745, 0, 0, 0),
(3272, 131, 3, 1, 0, 0, 1, 1, 1, 1, 8753, 1, 1, 2),
(3273, 2242, 1, 0, 0, 0, 0, 0, 0, 0, 0, 0, 0, 1),
(3274, 1448, 1, 0, 0, 0, 0, 0, 0, 0, 0, 1, 0, 2),
(3275, 150, 1, 1, 0, 0, 1, 1, 1, 1, 8754, 0, 0, 0),
(3276, 154, 1, 1, 0, 0, 0, 0, 0, 0, 8760, 0, 1, 1),
(3277, 154, 3, 0, 0, 0, 0, 0, 0, 0, 0, 0, 0, 1),
(3278, 156, 1, 1, 1, 1, 1, 1, 1, 1, 8760, 1, 2, 1),
(3279, 160, 1, 0, 0, 0, 0, 0, 0, 0, 0, 1, 3, 1),
(3280, 160, 2, 1, 1, 1, 1, 1, 1, 1, 8752, 1, 3, 1),
(3281, 166, 1, 4, 1, 1, 2, 2, 2, 2, 8736, 0, 0, 0),
(3282, 166, 2, 2, 0, 0, 0, 0, 0, 0, 8760, 0, 0, 0),
(3283, 166, 12, 2, 0, 0, 0, 0, 0, 0, 8760, 0, 0, 0),
(3284, 168, 1, 1, 0, 0, 2, 2, 2, 2, 8752, 0, 1, 1),
(3285, 2243, 2, 0, 0, 0, 0, 0, 0, 0, 0, 1, 1, 0),
(3286, 185, 9, 1, 0, 0, 0, 0, 0, 0, 8760, 1, 1, 3),
(3287, 199, 1, 1, 1, 1, 1, 1, 1, 1, 8754, 0, 3, 5),
(3288, 2244, 1, 0, 0, 0, 1, 1, 1, 1, 8754, 0, 0, 0),
(3289, 2244, 2, 0, 0, 0, 5, 5, 5, 5, 8749, 0, 0, 0),
(3290, 2245, 2, 0, 0, 0, 0, 0, 0, 0, 0, 1, 1, 0),
(3291, 189, 1, 1, 1, 1, 2, 2, 2, 2, 8650, 0, 1, 1),
(3292, 189, 2, 1, 3, 3, 3, 3, 3, 3, 8755, 0, 1, 1),
(3293, 189, 9, 1, 0, 0, 0, 0, 0, 0, 8760, 0, 0, 0),
(3294, 2246, 1, 0, 0, 0, 0, 0, 0, 0, 0, 0, 0, 1),
(3295, 210, 1, 0, 0, 0, 1, 1, 1, 1, 8743, 0, 0, 0),
(3296, 210, 2, 1, 0, 0, 0, 0, 0, 0, 8760, 0, 0, 0),
(3297, 1544, 3, 0, 0, 0, 1, 1, 1, 1, 8748, 1, 0, 1),
(3298, 2247, 2, 0, 0, 0, 0, 0, 0, 0, 0, 0, 0, 3),
(3299, 1571, 2, 0, 0, 0, 0, 0, 0, 0, 0, 1, 1, 1),
(3300, 231, 1, 1, 1, 1, 1, 1, 1, 1, 8757, 0, 1, 1),
(3301, 245, 1, 1, 0, 0, 0, 0, 0, 0, 8760, 0, 3, 3),
(3302, 245, 5, 1, 0, 0, 0, 0, 0, 0, 8760, 0, 1, 2),
(3303, 254, 1, 2, 0, 0, 0, 0, 0, 0, 8760, 0, 1, 0),
(3304, 1587, 1, 0, 1, 1, 1, 1, 1, 1, 8748, 0, 0, 0),
(3305, 258, 1, 1, 0, 0, 1, 1, 1, 1, 8738, 0, 0, 0),
(3306, 2248, 1, 0, 0, 0, 2, 2, 2, 2, 8757, 0, 0, 0),
(3307, 2249, 1, 0, 0, 0, 0, 0, 0, 0, 0, 0, 4, 8),
(3308, 262, 1, 1, 0, 0, 0, 0, 0, 0, 8760, 1, 3, 3),
(3309, 262, 2, 1, 0, 0, 0, 0, 0, 0, 8760, 1, 3, 4),
(3310, 268, 1, 2, 1, 1, 1, 1, 1, 1, 8760, 0, 0, 2),
(3311, 2250, 1, 0, 0, 0, 0, 0, 0, 0, 0, 0, 0, 1),
(3312, 958, 3, 1, 0, 0, 0, 0, 0, 0, 8760, 0, 0, 0),
(3313, 1097, 3, 1, 0, 0, 0, 0, 0, 0, 8760, 0, 0, 0),
(3314, 880, 5, 1, 0, 0, 0, 0, 0, 0, 8760, 0, 0, 0),
(3315, 1250, 1, 3, 0, 0, 0, 0, 0, 0, 8760, 0, 0, 0),
(3316, 1250, 2, 1, 0, 0, 0, 0, 0, 0, 8760, 0, 0, 0),
(3317, 883, 1, 1, 0, 0, 0, 0, 0, 0, 8760, 0, 0, 0),
(3318, 1181, 12, 1, 0, 0, 0, 0, 0, 0, 8760, 0, 0, 0),
(3319, 849, 1, 1, 0, 0, 0, 0, 0, 0, 8760, 0, 0, 0),
(3320, 969, 1, 1, 0, 0, 0, 0, 0, 0, 8760, 0, 0, 0),
(3321, 1173, 2, 1, 0, 0, 0, 0, 0, 0, 8760, 0, 0, 0),
(3322, 1079, 3, 1, 0, 0, 0, 0, 0, 0, 8760, 0, 0, 0),
(3323, 1121, 2, 1, 0, 0, 0, 0, 0, 0, 8760, 0, 0, 0),
(3324, 1121, 5, 1, 0, 0, 0, 0, 0, 0, 8760, 0, 0, 0),
(3325, 271, 1, 1, 0, 0, 0, 0, 0, 0, 8760, 0, 0, 0),
(3326, 970, 3, 1, 0, 0, 0, 0, 0, 0, 8760, 0, 0, 0),
(3327, 925, 1, 1, 0, 0, 0, 0, 0, 0, 8760, 0, 0, 0),
(3328, 855, 1, 1, 0, 0, 0, 0, 0, 0, 8760, 0, 0, 0),
(3329, 124, 2, 1, 0, 0, 0, 0, 0, 0, 8760, 0, 0, 0),
(3330, 866, 1, 2, 0, 0, 0, 0, 0, 0, 8760, 0, 0, 0),
(3331, 1122, 8, 1, 0, 0, 0, 0, 0, 0, 8760, 0, 0, 0),
(3332, 858, 1, 1, 0, 0, 0, 0, 0, 0, 8760, 0, 0, 0),
(3333, 961, 3, 1, 0, 0, 0, 0, 0, 0, 8760, 0, 0, 0),
(3334, 930, 1, 1, 0, 0, 0, 0, 0, 0, 8760, 0, 0, 0),
(3335, 97, 1, 1, 0, 0, 0, 0, 0, 0, 8760, 0, 0, 0),
(3336, 250, 2, 1, 0, 0, 0, 0, 0, 0, 8760, 0, 0, 0),
(3337, 1067, 1, 1, 0, 0, 0, 0, 0, 0, 8760, 0, 0, 0),
(3338, 943, 1, 1, 0, 0, 0, 0, 0, 0, 8760, 0, 0, 0),
(3339, 942, 1, 2, 0, 0, 0, 0, 0, 0, 8760, 0, 0, 0),
(3340, 954, 3, 1, 0, 0, 0, 0, 0, 0, 8760, 0, 0, 0),
(3341, 1094, 5, 1, 0, 0, 0, 0, 0, 0, 8760, 0, 0, 0),
(3342, 964, 1, 1, 0, 0, 0, 0, 0, 0, 8760, 0, 0, 0),
(3343, 964, 2, 1, 0, 0, 0, 0, 0, 0, 8760, 0, 0, 0),
(3344, 964, 5, 1, 0, 0, 0, 0, 0, 0, 8760, 0, 0, 0),
(3345, 929, 1, 1, 0, 0, 0, 0, 0, 0, 8760, 0, 0, 0),
(3346, 951, 1, 1, 0, 0, 0, 0, 0, 0, 8760, 0, 0, 0),
(3347, 944, 1, 1, 0, 0, 0, 0, 0, 0, 8760, 0, 0, 0),
(3348, 1000, 3, 1, 0, 0, 0, 0, 0, 0, 8760, 0, 0, 0),
(3349, 81, 1, 1, 0, 0, 0, 0, 0, 0, 8760, 0, 0, 0),
(3350, 936, 4, 1, 0, 0, 0, 0, 0, 0, 8760, 0, 0, 0),
(3351, 1072, 2, 1, 0, 0, 0, 0, 0, 0, 8760, 0, 0, 0),
(3352, 905, 2, 1, 0, 0, 0, 0, 0, 0, 8760, 0, 0, 0),
(3353, 905, 4, 1, 0, 0, 0, 0, 0, 0, 8760, 0, 0, 0),
(3354, 101, 1, 1, 0, 0, 0, 0, 0, 0, 8760, 0, 0, 0),
(3355, 101, 2, 1, 0, 0, 0, 0, 0, 0, 8760, 0, 0, 0),
(3356, 950, 3, 1, 0, 0, 0, 0, 0, 0, 8760, 0, 0, 0),
(3357, 907, 2, 1, 0, 0, 0, 0, 0, 0, 8760, 0, 0, 0),
(3358, 912, 1, 1, 0, 0, 0, 0, 0, 0, 8760, 0, 0, 0),
(3359, 862, 1, 1, 0, 0, 0, 0, 0, 0, 8760, 0, 0, 0),
(3360, 962, 3, 1, 0, 0, 0, 0, 0, 0, 8760, 0, 0, 0),
(3361, 946, 3, 1, 0, 0, 0, 0, 0, 0, 8760, 0, 0, 0),
(3362, 1189, 1, 1, 0, 0, 0, 0, 0, 0, 8760, 0, 0, 0),
(3363, 1189, 2, 1, 0, 0, 0, 0, 0, 0, 8760, 0, 0, 0),
(3364, 885, 1, 1, 0, 0, 0, 0, 0, 0, 8760, 0, 0, 0),
(3365, 939, 1, 1, 0, 0, 0, 0, 0, 0, 8760, 0, 0, 0),
(3366, 991, 3, 1, 0, 0, 0, 0, 0, 0, 8760, 0, 0, 0),
(3367, 244, 1, 1, 0, 0, 0, 0, 0, 0, 8760, 0, 0, 0),
(3368, 863, 1, 1, 0, 0, 0, 0, 0, 0, 8760, 0, 0, 0),
(3369, 863, 4, 1, 0, 0, 0, 0, 0, 0, 8760, 0, 0, 0),
(3370, 965, 3, 1, 0, 0, 0, 0, 0, 0, 8760, 0, 0, 0),
(3371, 878, 1, 1, 0, 0, 0, 0, 0, 0, 8760, 0, 0, 0),
(3372, 893, 1, 2, 0, 0, 0, 0, 0, 0, 8760, 0, 0, 0),
(3373, 931, 3, 1, 0, 0, 0, 0, 0, 0, 8760, 0, 0, 0),
(3374, 919, 1, 1, 0, 0, 0, 0, 0, 0, 8760, 0, 0, 0),
(3375, 919, 2, 1, 0, 0, 0, 0, 0, 0, 8760, 0, 0, 0),
(3376, 919, 4, 1, 0, 0, 0, 0, 0, 0, 8760, 0, 0, 0);

-- --------------------------------------------------------

--
-- Table structure for table `tbl_country`
--

CREATE TABLE `tbl_country` (
  `Country_Id` int(6) NOT NULL,
  `Country_Name` varchar(100) NOT NULL,
  `Country_Latitude` varchar(20) NOT NULL,
  `Country_Longitude` varchar(20) NOT NULL,
  `Country_Zoom` smallint(2) NOT NULL,
  `country_centre_lat` varchar(20) NOT NULL,
  `country_centre_long` varchar(20) NOT NULL,
  `sitecore_lat` varchar(225) NOT NULL,
  `sitecore_lng` varchar(225) NOT NULL,
  `sitecore_zoom` varchar(225) NOT NULL
) ENGINE=InnoDB DEFAULT CHARSET=latin1;

--
-- Dumping data for table `tbl_country`
--

INSERT INTO `tbl_country` (`Country_Id`, `Country_Name`, `Country_Latitude`, `Country_Longitude`, `Country_Zoom`, `country_centre_lat`, `country_centre_long`, `sitecore_lat`, `sitecore_lng`, `sitecore_zoom`) VALUES
(1, 'Saudi Arabia', '24.48868256', '45.16705263', 6, '26.152254', '45.813284', '26.152254', '45.813284', '6'),
(2, 'UAE', '24.55207276', '54.219787', 9, '25.11635986', '55.32063336', '25.11635986', '55.32063336', '9'),
(3, 'Kuwait', '29.95639876', '47.49615419', 11, '29.27205636', '47.77084376', '29.27205636', '47.77084376', '9'),
(4, 'Qatar', '24.50846801', '51.17429137', 10, '25.39609502', '51.18206727', '25.39609502', '51.18206727', '10'),
(5, 'Oman', '21.29094899', '56.19732606', 7, '20.991375', '56.18441', '20.991375', '56.18441', '7'),
(6, 'Bahrain', '26.62932895', '50.57232606', 12, '26.14547255', '50.5462969', '26.14547255', '50.5462969', '12'),
(7, 'Jordan', '30.52586528', '36.68560731', 8, '31.28252776', '36.28675095', '31.28252776', '36.28675095', '7'),
(8, 'Lebanon', '33.854721', '35.86228499', 10, '33.854721', '35.86228499', '33.854721', '35.86228499', '9');

-- --------------------------------------------------------

--
-- Table structure for table `tbl_devices`
--

CREATE TABLE `tbl_devices` (
  `Device_Id` int(6) NOT NULL,
  `sort_order` int(11) NOT NULL,
  `Supplier_Id` int(6) NOT NULL,
  `Device_Name` varchar(100) NOT NULL,
  `device_logo` varchar(40) NOT NULL,
  `type` enum('all','kuwait','both') NOT NULL,
  `date` datetime DEFAULT NULL,
  `clustermap_date` datetime NOT NULL
) ENGINE=InnoDB DEFAULT CHARSET=latin1;

--
-- Dumping data for table `tbl_devices`
--

INSERT INTO `tbl_devices` (`Device_Id`, `sort_order`, `Supplier_Id`, `Device_Name`, `device_logo`, `type`, `date`, `clustermap_date`) VALUES
(1, 1, 1, '01- Hair Removal', 'gentle_laser_logo.png', 'all', '2019-04-16 10:52:09', '2019-04-16 10:51:53'),
(2, 2, 2, '02- Spectra', 'spectra_logo.png', 'both', '2019-03-07 08:23:19', '2019-04-16 10:36:35'),
(3, 3, 2, '03- Action II', 'action2_logo.png', 'both', '2019-03-07 08:23:22', '2019-04-16 10:36:37'),
(4, 4, 2, '04- eCO2', 'eco2_logo.png', 'both', '2019-03-07 08:23:26', '2019-04-16 10:36:40'),
(5, 5, 2, '05- Infini', 'infini_logo.png', 'both', '2019-03-07 08:23:30', '2019-04-16 10:36:42'),
(6, 6, 2, '06- Clarity', 'clarity_logo.png', 'kuwait', '2019-03-07 08:23:33', '2019-04-16 10:36:45'),
(7, 12, 2, '12- enCurve', 'encurve_logo.png', 'both', '2019-03-07 08:23:36', '2019-04-16 10:36:49'),
(8, 9, 3, '09- Artas', 'artas_logo.png', 'both', '2019-03-07 08:23:37', '2019-04-16 10:36:53'),
(9, 8, 4, '08- Ultraformer', 'ultraformer_logo.png', 'both', '2019-03-07 08:23:40', '2019-04-16 10:36:56'),
(10, 15, 2, '15- Lasemd', 'lasemd_logo.png', 'both', '2019-03-07 08:23:43', '2019-04-16 10:36:59'),
(11, 16, 2, '16- Picoplus', 'picoplus_logo.png', 'kuwait', '2019-03-07 08:23:45', '2019-04-16 10:37:01'),
(12, 14, 1, '14- Picoway', 'picoway_logo.png', 'all', '2019-03-07 08:23:48', '2019-04-16 10:37:04'),
(13, 10, 1, '10- VBeam', 'vbeam_logo.png', 'all', '2019-03-07 08:23:49', '2019-04-16 10:37:07');

-- --------------------------------------------------------

--
-- Table structure for table `tbl_device_install`
--

CREATE TABLE `tbl_device_install` (
  `Install_Id` int(6) NOT NULL,
  `Clinic_Id` int(6) NOT NULL,
  `Device_Id` int(6) NOT NULL
) ENGINE=InnoDB DEFAULT CHARSET=latin1;

--
-- Dumping data for table `tbl_device_install`
--

INSERT INTO `tbl_device_install` (`Install_Id`, `Clinic_Id`, `Device_Id`) VALUES
(1, 1, 1),
(2, 2, 1),
(3, 2, 2),
(4, 2, 3),
(5, 2, 5),
(6, 2, 9),
(7, 2, 7),
(8, 3, 1),
(9, 4, 1),
(10, 4, 2),
(11, 4, 3),
(12, 5, 1),
(13, 6, 1),
(14, 6, 2),
(15, 6, 7),
(16, 7, 1),
(17, 7, 2),
(18, 7, 10),
(19, 8, 1),
(20, 9, 1),
(21, 9, 2),
(22, 10, 1),
(23, 11, 1),
(24, 11, 2),
(25, 12, 1),
(26, 12, 2),
(27, 12, 4),
(28, 12, 7),
(29, 13, 3),
(30, 14, 1),
(31, 14, 2),
(32, 14, 5),
(33, 15, 1),
(34, 16, 5),
(35, 17, 1),
(36, 17, 2),
(37, 18, 1),
(38, 18, 2),
(39, 18, 3),
(40, 18, 5),
(41, 19, 6),
(42, 20, 1),
(43, 20, 2),
(44, 21, 1),
(45, 21, 2),
(46, 21, 3),
(47, 21, 9),
(48, 22, 1),
(49, 22, 2),
(50, 22, 3),
(51, 23, 1),
(52, 23, 2),
(53, 24, 1),
(54, 24, 2),
(55, 24, 5),
(56, 24, 9),
(57, 25, 1),
(58, 26, 3),
(59, 27, 1),
(60, 27, 9),
(61, 28, 6),
(62, 29, 1),
(63, 29, 2),
(64, 30, 1),
(65, 30, 2),
(66, 31, 1),
(67, 32, 1),
(68, 33, 1),
(69, 34, 1),
(70, 35, 1),
(71, 35, 2),
(72, 35, 5),
(73, 36, 1),
(74, 37, 1),
(75, 38, 2),
(76, 38, 6),
(77, 39, 1),
(78, 40, 1),
(79, 41, 1),
(80, 41, 2),
(81, 42, 3),
(82, 42, 4),
(83, 42, 9),
(84, 43, 1),
(85, 44, 1),
(86, 45, 1),
(87, 45, 3),
(88, 46, 1),
(89, 46, 3),
(90, 46, 4),
(91, 47, 1),
(92, 47, 2),
(93, 48, 1),
(94, 48, 2),
(95, 48, 4),
(96, 49, 1),
(97, 49, 2),
(98, 50, 1),
(99, 51, 1),
(100, 51, 2),
(101, 51, 4),
(102, 51, 7),
(103, 52, 1),
(104, 52, 2),
(105, 52, 5),
(106, 53, 1),
(107, 53, 9),
(108, 54, 1),
(109, 55, 1),
(110, 56, 3),
(111, 56, 5),
(112, 56, 9),
(113, 56, 10),
(114, 57, 1),
(115, 57, 9),
(116, 58, 1),
(117, 58, 2),
(118, 58, 4),
(119, 58, 5),
(120, 59, 1),
(121, 59, 2),
(122, 59, 4),
(123, 60, 1),
(124, 61, 1),
(125, 61, 2),
(126, 62, 1),
(127, 63, 1),
(128, 64, 1),
(129, 65, 1),
(130, 65, 2),
(131, 66, 3),
(132, 67, 1),
(133, 67, 2),
(134, 67, 4),
(135, 67, 7),
(136, 68, 1),
(137, 68, 7),
(138, 69, 1),
(139, 69, 3),
(140, 70, 2),
(141, 71, 6),
(142, 72, 1),
(143, 73, 6),
(144, 73, 9),
(145, 74, 1),
(146, 74, 5),
(147, 75, 6),
(148, 76, 1),
(149, 76, 2),
(150, 76, 3),
(151, 76, 5),
(152, 77, 1),
(153, 78, 1),
(154, 79, 1),
(155, 80, 1),
(156, 81, 1),
(157, 82, 1),
(158, 83, 1),
(159, 84, 1),
(160, 84, 2),
(161, 84, 3),
(162, 85, 2),
(163, 86, 4),
(164, 87, 1),
(165, 87, 2),
(166, 87, 4),
(167, 88, 2),
(168, 89, 1),
(169, 90, 1),
(170, 91, 2),
(171, 92, 9),
(172, 93, 1),
(173, 94, 1),
(174, 95, 1),
(175, 96, 3),
(176, 97, 1),
(177, 98, 1),
(178, 99, 1),
(179, 100, 1),
(180, 101, 1),
(181, 101, 2),
(182, 102, 2),
(183, 103, 1),
(184, 103, 2),
(185, 103, 7),
(186, 104, 1),
(187, 105, 1),
(188, 105, 9),
(189, 106, 1),
(190, 106, 2),
(191, 107, 1),
(192, 107, 2),
(193, 107, 3),
(194, 107, 4),
(195, 108, 1),
(196, 109, 5),
(197, 110, 1),
(198, 111, 1),
(199, 111, 2),
(200, 111, 4),
(201, 112, 1),
(202, 113, 1),
(203, 113, 5),
(204, 114, 1),
(205, 115, 2),
(206, 116, 1),
(207, 117, 1),
(208, 117, 2),
(209, 118, 3),
(210, 119, 1),
(211, 120, 1),
(212, 120, 7),
(213, 121, 1),
(214, 122, 6),
(215, 123, 1),
(216, 124, 2),
(217, 125, 1),
(218, 125, 2),
(219, 126, 1),
(220, 127, 1),
(221, 128, 1),
(222, 128, 7),
(223, 128, 10),
(224, 129, 1),
(225, 130, 1),
(226, 131, 3),
(227, 132, 1),
(228, 132, 2),
(229, 132, 4),
(230, 133, 1),
(231, 133, 2),
(232, 133, 4),
(233, 134, 9),
(234, 135, 1),
(235, 136, 1),
(236, 137, 1),
(237, 137, 2),
(238, 137, 4),
(239, 138, 1),
(240, 138, 7),
(241, 139, 1),
(242, 139, 9),
(243, 139, 7),
(244, 139, 10),
(245, 140, 1),
(246, 141, 2),
(247, 141, 3),
(248, 141, 6),
(249, 142, 1),
(250, 142, 2),
(251, 142, 3),
(252, 143, 2),
(253, 143, 6),
(254, 144, 1),
(255, 144, 2),
(256, 144, 5),
(257, 144, 9),
(258, 145, 5),
(259, 145, 9),
(260, 145, 7),
(261, 146, 5),
(262, 146, 9),
(263, 146, 7),
(264, 147, 1),
(265, 147, 2),
(266, 148, 1),
(267, 148, 2),
(268, 148, 4),
(269, 148, 9),
(270, 148, 7),
(271, 149, 1),
(272, 149, 2),
(273, 150, 1),
(274, 151, 1),
(275, 151, 4),
(276, 151, 5),
(277, 152, 1),
(278, 153, 1),
(279, 153, 2),
(280, 154, 1),
(281, 155, 5),
(282, 156, 1),
(283, 157, 2),
(284, 158, 1),
(285, 158, 2),
(286, 159, 1),
(287, 159, 3),
(288, 160, 2),
(289, 161, 1),
(290, 161, 2),
(291, 161, 5),
(292, 162, 1),
(293, 162, 2),
(294, 163, 1),
(295, 164, 1),
(296, 164, 3),
(297, 164, 5),
(298, 165, 1),
(299, 165, 2),
(300, 166, 1),
(301, 166, 2),
(302, 166, 12),
(303, 167, 12),
(304, 167, 10),
(305, 168, 1),
(306, 169, 1),
(307, 170, 1),
(308, 170, 4),
(309, 171, 1),
(310, 171, 2),
(311, 172, 9),
(312, 173, 1),
(313, 174, 1),
(314, 174, 2),
(315, 174, 4),
(316, 175, 1),
(317, 176, 1),
(318, 176, 2),
(319, 177, 1),
(320, 177, 2),
(321, 178, 1),
(322, 178, 2),
(323, 178, 9),
(324, 179, 1),
(325, 179, 2),
(326, 180, 1),
(327, 180, 2),
(328, 180, 4),
(329, 180, 7),
(330, 181, 1),
(331, 181, 4),
(332, 182, 2),
(333, 182, 3),
(334, 182, 5),
(335, 182, 6),
(336, 182, 9),
(337, 182, 7),
(338, 182, 10),
(339, 183, 1),
(340, 183, 2),
(341, 183, 4),
(342, 184, 1),
(343, 184, 2),
(344, 184, 4),
(345, 185, 9),
(346, 186, 1),
(347, 186, 2),
(348, 186, 4),
(349, 186, 5),
(350, 187, 4),
(351, 188, 7),
(352, 188, 10),
(353, 189, 1),
(354, 189, 2),
(355, 189, 9),
(356, 190, 1),
(357, 190, 2),
(358, 191, 1),
(359, 191, 2),
(360, 191, 4),
(361, 192, 1),
(362, 192, 2),
(363, 192, 3),
(364, 193, 1),
(365, 194, 1),
(366, 195, 1),
(367, 196, 1),
(368, 197, 1),
(369, 197, 2),
(370, 197, 4),
(371, 198, 1),
(372, 198, 2),
(373, 199, 1),
(374, 200, 1),
(375, 201, 1),
(376, 201, 2),
(377, 201, 3),
(378, 202, 2),
(379, 202, 4),
(380, 202, 6),
(381, 202, 9),
(382, 202, 7),
(383, 203, 1),
(384, 204, 2),
(385, 204, 4),
(386, 204, 5),
(387, 204, 6),
(388, 204, 9),
(389, 204, 7),
(390, 205, 1),
(391, 206, 1),
(392, 206, 2),
(393, 207, 1),
(394, 208, 2),
(395, 209, 1),
(396, 210, 2),
(397, 211, 1),
(398, 212, 1),
(399, 212, 2),
(400, 212, 3),
(401, 213, 1),
(402, 213, 2),
(403, 214, 1),
(404, 214, 2),
(405, 214, 4),
(406, 215, 1),
(407, 215, 3),
(408, 215, 4),
(409, 216, 1),
(410, 216, 4),
(411, 217, 1),
(412, 218, 1),
(413, 218, 3),
(414, 218, 4),
(415, 219, 3),
(416, 219, 5),
(417, 219, 9),
(418, 220, 1),
(419, 220, 2),
(420, 220, 4),
(421, 221, 1),
(422, 222, 1),
(423, 223, 1),
(424, 224, 1),
(425, 225, 1),
(426, 225, 2),
(427, 226, 1),
(428, 227, 1),
(429, 227, 3),
(430, 228, 3),
(431, 228, 4),
(432, 229, 4),
(433, 230, 3),
(434, 230, 6),
(435, 231, 1),
(436, 232, 1),
(437, 233, 1),
(438, 233, 2),
(439, 233, 4),
(440, 233, 5),
(441, 233, 7),
(442, 233, 10),
(443, 234, 1),
(444, 234, 3),
(445, 235, 1),
(446, 236, 1),
(447, 237, 1),
(448, 237, 2),
(449, 237, 4),
(450, 238, 1),
(451, 238, 2),
(452, 239, 1),
(453, 240, 9),
(454, 241, 1),
(455, 241, 3),
(456, 242, 1),
(457, 242, 2),
(458, 242, 4),
(459, 242, 5),
(460, 242, 9),
(461, 242, 10),
(462, 243, 1),
(463, 244, 1),
(464, 245, 1),
(465, 245, 5),
(466, 246, 1),
(467, 247, 1),
(468, 247, 5),
(469, 248, 9),
(470, 249, 2),
(471, 249, 4),
(472, 250, 2),
(473, 251, 1),
(474, 251, 2),
(475, 251, 3),
(476, 252, 1),
(477, 252, 4),
(478, 253, 1),
(479, 254, 1),
(480, 255, 1),
(481, 256, 1),
(482, 256, 2),
(483, 257, 1),
(484, 257, 2),
(485, 258, 1),
(486, 259, 1),
(487, 259, 2),
(488, 260, 1),
(489, 260, 2),
(490, 260, 4),
(491, 261, 10),
(492, 262, 1),
(493, 262, 2),
(494, 263, 6),
(495, 263, 10),
(496, 264, 3),
(497, 265, 4),
(498, 266, 2),
(499, 266, 3),
(500, 266, 6),
(501, 267, 1),
(502, 268, 1),
(503, 269, 2),
(504, 270, 1),
(505, 270, 2),
(506, 271, 1),
(507, 272, 9),
(508, 273, 1),
(509, 274, 1),
(510, 274, 2),
(511, 275, 1),
(512, 275, 2),
(513, 275, 3),
(514, 276, 1),
(515, 277, 1),
(516, 278, 1),
(517, 278, 2),
(518, 278, 4),
(519, 278, 5),
(520, 278, 9),
(521, 279, 1),
(522, 280, 1),
(523, 281, 2),
(524, 282, 1),
(525, 283, 1),
(526, 283, 2),
(527, 284, 1),
(528, 284, 2),
(529, 285, 1),
(530, 285, 2),
(531, 286, 1),
(532, 287, 1),
(533, 287, 2),
(534, 288, 1),
(535, 288, 2),
(536, 289, 1),
(537, 289, 2),
(538, 289, 4),
(539, 290, 1),
(540, 291, 1),
(541, 292, 1),
(542, 292, 2),
(543, 292, 4),
(544, 293, 1),
(545, 293, 2),
(546, 293, 4),
(547, 293, 5),
(548, 294, 1),
(549, 295, 1),
(550, 295, 2),
(551, 295, 3),
(552, 295, 4),
(553, 295, 5),
(554, 295, 9),
(555, 296, 1),
(556, 296, 2),
(557, 296, 3),
(558, 296, 4),
(559, 297, 1),
(560, 298, 1),
(561, 299, 1),
(562, 299, 2),
(563, 299, 4),
(564, 300, 1),
(565, 301, 1),
(566, 302, 1),
(567, 302, 2),
(568, 302, 3),
(569, 303, 1),
(570, 303, 4),
(571, 304, 1),
(572, 305, 1),
(573, 305, 3),
(574, 305, 4),
(575, 306, 1),
(576, 307, 1),
(577, 307, 2),
(578, 308, 1),
(579, 309, 1),
(580, 309, 2),
(581, 310, 1),
(582, 311, 1),
(583, 311, 2),
(584, 311, 3),
(585, 312, 1),
(586, 313, 1),
(587, 314, 1),
(588, 314, 3),
(589, 314, 4),
(590, 315, 1),
(591, 315, 2),
(592, 316, 4),
(593, 317, 1),
(594, 318, 1),
(595, 319, 1),
(596, 319, 2),
(597, 319, 4),
(598, 320, 1),
(599, 320, 2),
(600, 320, 3),
(601, 321, 1),
(602, 322, 1),
(603, 322, 2),
(604, 322, 4),
(605, 322, 5),
(606, 322, 9),
(607, 323, 1),
(608, 324, 1),
(609, 325, 1),
(610, 326, 1),
(611, 327, 1),
(612, 327, 4),
(613, 328, 1),
(614, 329, 1),
(615, 329, 2),
(616, 329, 4),
(617, 329, 5),
(618, 329, 9),
(619, 330, 1),
(620, 330, 2),
(621, 331, 2),
(622, 332, 3),
(623, 333, 1),
(624, 333, 2),
(625, 334, 1),
(626, 334, 2),
(627, 334, 4),
(628, 334, 5),
(629, 334, 9),
(630, 335, 1),
(631, 335, 2),
(632, 335, 3),
(633, 335, 4),
(634, 335, 5),
(635, 336, 1),
(636, 336, 3),
(637, 336, 9),
(638, 337, 1),
(639, 338, 1),
(640, 339, 1),
(641, 339, 3),
(642, 339, 7),
(643, 340, 1),
(644, 340, 2),
(645, 341, 1),
(646, 341, 2),
(647, 341, 9),
(648, 341, 7),
(649, 342, 1),
(650, 342, 3),
(651, 342, 4),
(652, 343, 2),
(653, 344, 1),
(654, 345, 1),
(655, 346, 1),
(656, 346, 2),
(657, 347, 1),
(658, 348, 1),
(659, 349, 1),
(660, 350, 1),
(661, 351, 1),
(662, 351, 4),
(663, 352, 1),
(664, 353, 1),
(665, 353, 4),
(666, 354, 1),
(667, 355, 9),
(668, 356, 1),
(669, 356, 2),
(670, 356, 9),
(671, 357, 1),
(672, 357, 9),
(673, 358, 1),
(674, 359, 1),
(675, 360, 1),
(676, 360, 2),
(677, 360, 5),
(678, 361, 1),
(679, 362, 1),
(680, 362, 2),
(681, 363, 1),
(682, 364, 1),
(683, 365, 1),
(684, 366, 1),
(685, 366, 2),
(686, 367, 1),
(687, 367, 2),
(688, 368, 2),
(689, 368, 4),
(690, 369, 1),
(691, 370, 1),
(692, 371, 4),
(693, 372, 1),
(694, 372, 2),
(695, 373, 1),
(696, 374, 1),
(697, 375, 1),
(698, 375, 2),
(699, 375, 3),
(700, 375, 9),
(701, 376, 1),
(702, 376, 2),
(703, 376, 9),
(704, 377, 1),
(705, 378, 2),
(706, 379, 1),
(707, 379, 2),
(708, 379, 3),
(709, 379, 4),
(710, 379, 5),
(711, 379, 9),
(712, 380, 1),
(713, 381, 1),
(714, 381, 2),
(715, 381, 4),
(716, 382, 1),
(717, 382, 2),
(718, 383, 1),
(719, 383, 2),
(720, 384, 1),
(721, 384, 2),
(722, 384, 4),
(723, 384, 5),
(724, 384, 9),
(725, 385, 1),
(726, 386, 1),
(727, 386, 2),
(728, 386, 3),
(729, 387, 1),
(730, 387, 2),
(731, 388, 1),
(732, 388, 2),
(733, 388, 4),
(734, 389, 1),
(735, 389, 9),
(736, 390, 1),
(737, 391, 1),
(738, 391, 4),
(739, 392, 1),
(740, 392, 2),
(741, 393, 1),
(742, 394, 3),
(743, 395, 1),
(744, 396, 1),
(745, 397, 1),
(746, 397, 2),
(747, 397, 3),
(748, 397, 9),
(749, 398, 1),
(750, 399, 1),
(751, 400, 1),
(752, 400, 2),
(753, 401, 1),
(754, 401, 3),
(755, 402, 1),
(756, 403, 1),
(757, 404, 1),
(758, 404, 4),
(759, 405, 1),
(760, 406, 1),
(761, 406, 3),
(762, 407, 1),
(763, 408, 1),
(764, 408, 2),
(765, 408, 4),
(766, 408, 9),
(767, 409, 1),
(768, 410, 1),
(769, 410, 2),
(770, 410, 5),
(771, 411, 1),
(772, 412, 1),
(773, 412, 2),
(774, 412, 9),
(775, 413, 1),
(776, 413, 5),
(777, 414, 1),
(778, 414, 2),
(779, 415, 1),
(780, 415, 4),
(781, 416, 1),
(782, 417, 1),
(783, 417, 2),
(784, 418, 1),
(785, 419, 1),
(786, 419, 2),
(787, 419, 3),
(788, 420, 1),
(789, 421, 1),
(790, 421, 2),
(791, 421, 9),
(792, 422, 1),
(793, 423, 2),
(794, 424, 1),
(795, 424, 3),
(796, 425, 1),
(797, 426, 1),
(798, 427, 1),
(799, 428, 1),
(800, 429, 1),
(801, 430, 1),
(802, 431, 1),
(803, 432, 1),
(804, 433, 1),
(805, 433, 2),
(806, 434, 1),
(807, 435, 1),
(808, 435, 2),
(809, 435, 4),
(810, 436, 1),
(811, 436, 2),
(812, 436, 4),
(813, 436, 5),
(814, 437, 1),
(815, 437, 2),
(816, 438, 1),
(817, 438, 2),
(818, 438, 3),
(819, 439, 1),
(820, 440, 1),
(821, 441, 1),
(822, 441, 5),
(823, 442, 1),
(824, 442, 4),
(825, 443, 1),
(826, 444, 1),
(827, 444, 2),
(828, 445, 3),
(829, 446, 1),
(830, 447, 1),
(831, 447, 2),
(832, 447, 4),
(833, 448, 1),
(834, 448, 3),
(835, 449, 1),
(836, 450, 1),
(837, 450, 2),
(838, 451, 7),
(839, 452, 1),
(840, 452, 2),
(841, 453, 2),
(842, 454, 1),
(843, 455, 1),
(844, 455, 2),
(845, 455, 3),
(846, 455, 4),
(847, 456, 1),
(848, 457, 1),
(849, 457, 2),
(850, 458, 1),
(851, 458, 2),
(852, 459, 1),
(853, 459, 4),
(854, 460, 1),
(855, 461, 1),
(856, 462, 1),
(857, 463, 1),
(858, 464, 1),
(859, 465, 1),
(860, 466, 1),
(861, 467, 1),
(862, 467, 2),
(863, 468, 1),
(864, 468, 2),
(865, 469, 1),
(866, 469, 3),
(867, 470, 1),
(868, 470, 4),
(869, 471, 1),
(870, 471, 2),
(871, 472, 1),
(872, 473, 1),
(873, 474, 1),
(874, 474, 2),
(875, 474, 9),
(876, 475, 1),
(877, 476, 1),
(878, 476, 4),
(879, 477, 1),
(880, 478, 1),
(881, 479, 1),
(882, 480, 1),
(883, 481, 1),
(884, 481, 2),
(885, 482, 1),
(886, 483, 1),
(887, 484, 1),
(888, 484, 2),
(889, 484, 3),
(890, 484, 4),
(891, 484, 5),
(892, 484, 9),
(893, 484, 7),
(894, 485, 2),
(895, 486, 1),
(896, 487, 1),
(897, 488, 1),
(898, 489, 1),
(899, 489, 2),
(900, 489, 4),
(901, 490, 1),
(902, 491, 1),
(903, 491, 2),
(904, 492, 1),
(905, 492, 2),
(906, 492, 5),
(907, 493, 1),
(908, 493, 2),
(909, 493, 3),
(910, 494, 1),
(911, 494, 2),
(912, 495, 1),
(913, 495, 2),
(914, 495, 4),
(915, 495, 5),
(916, 495, 9),
(917, 496, 1),
(918, 496, 2),
(919, 497, 1),
(920, 498, 1),
(921, 498, 2),
(922, 499, 1),
(923, 500, 1),
(924, 501, 1),
(925, 502, 1),
(926, 503, 1),
(927, 503, 2),
(928, 504, 1),
(929, 504, 2),
(930, 504, 9),
(931, 505, 1),
(932, 506, 1),
(933, 506, 2),
(934, 506, 3),
(935, 506, 4),
(936, 507, 1),
(937, 508, 1),
(938, 508, 2),
(939, 509, 1),
(940, 509, 2),
(941, 509, 3),
(942, 510, 1),
(943, 511, 1),
(944, 511, 2),
(945, 511, 4),
(946, 512, 1),
(947, 513, 1),
(948, 514, 1),
(949, 515, 1),
(950, 516, 1),
(951, 517, 1),
(952, 517, 2),
(953, 517, 7),
(954, 518, 1),
(955, 519, 1),
(956, 519, 2),
(957, 519, 3),
(958, 519, 4),
(959, 520, 1),
(960, 521, 1),
(961, 522, 1),
(962, 523, 1),
(963, 523, 4),
(964, 524, 1),
(965, 525, 1),
(966, 526, 1),
(967, 527, 1),
(968, 527, 2),
(969, 527, 4),
(970, 527, 5),
(971, 528, 1),
(972, 529, 1),
(973, 529, 2),
(974, 530, 1),
(975, 530, 2),
(976, 530, 3),
(977, 531, 1),
(978, 531, 2),
(979, 532, 1),
(980, 532, 2),
(981, 532, 5),
(982, 533, 1),
(983, 533, 3),
(984, 533, 4),
(985, 534, 2),
(986, 535, 1),
(987, 535, 2),
(988, 536, 1),
(989, 537, 1),
(990, 538, 2),
(991, 539, 1),
(992, 540, 1),
(993, 541, 1),
(994, 541, 2),
(995, 542, 1),
(996, 542, 2),
(997, 542, 4),
(998, 543, 1),
(999, 543, 2),
(1000, 543, 3),
(1001, 544, 1),
(1002, 545, 1),
(1003, 545, 2),
(1004, 545, 4),
(1005, 546, 1),
(1006, 546, 2),
(1007, 546, 9),
(1008, 547, 1),
(1009, 548, 1),
(1010, 549, 1),
(1011, 549, 2),
(1012, 549, 4),
(1013, 550, 1),
(1014, 551, 1),
(1015, 552, 1),
(1016, 552, 2),
(1017, 552, 5),
(1018, 553, 1),
(1019, 554, 1),
(1020, 555, 1),
(1021, 555, 2),
(1022, 555, 4),
(1023, 556, 1),
(1024, 556, 4),
(1025, 557, 1),
(1026, 558, 1),
(1027, 559, 1),
(1028, 560, 1),
(1029, 560, 2),
(1030, 560, 3),
(1031, 560, 4),
(1032, 561, 1),
(1033, 561, 2),
(1034, 562, 1),
(1035, 563, 1),
(1036, 564, 1),
(1037, 564, 2),
(1038, 565, 1),
(1039, 565, 2),
(1040, 565, 4),
(1041, 566, 2),
(1042, 567, 1),
(1043, 568, 1),
(1044, 568, 2),
(1045, 569, 1),
(1046, 569, 4),
(1047, 570, 1),
(1048, 570, 2),
(1049, 571, 1),
(1050, 571, 3),
(1051, 571, 5),
(1052, 572, 1),
(1053, 572, 2),
(1054, 573, 1),
(1055, 574, 1),
(1056, 574, 2),
(1057, 575, 1),
(1058, 576, 1),
(1059, 577, 1),
(1060, 577, 2),
(1061, 578, 1),
(1062, 579, 1),
(1063, 580, 1),
(1064, 581, 1),
(1065, 581, 2),
(1066, 581, 5),
(1067, 582, 1),
(1068, 583, 3),
(1069, 584, 1),
(1070, 585, 1),
(1071, 586, 1),
(1072, 587, 1),
(1073, 588, 1),
(1074, 588, 2),
(1075, 588, 3),
(1076, 588, 4),
(1077, 588, 9),
(1078, 589, 1),
(1079, 589, 2),
(1080, 589, 9),
(1081, 590, 1),
(1082, 590, 4),
(1083, 591, 1),
(1084, 592, 1),
(1085, 593, 1),
(1086, 593, 2),
(1087, 594, 1),
(1088, 595, 1),
(1089, 595, 2),
(1090, 595, 4),
(1091, 595, 9),
(1092, 596, 1),
(1093, 596, 2),
(1094, 596, 5),
(1095, 596, 9),
(1096, 597, 1),
(1097, 598, 1),
(1098, 598, 5),
(1099, 599, 1),
(1100, 599, 2),
(1101, 600, 1),
(1102, 600, 2),
(1103, 600, 4),
(1104, 600, 5),
(1105, 601, 1),
(1106, 601, 2),
(1107, 601, 3),
(1108, 601, 5),
(1109, 602, 1),
(1110, 603, 1),
(1111, 603, 2),
(1112, 603, 9),
(1113, 603, 7),
(1114, 604, 1),
(1115, 604, 2),
(1116, 604, 4),
(1117, 605, 1),
(1118, 606, 1),
(1119, 606, 2),
(1120, 606, 7),
(1121, 607, 4),
(1122, 608, 1),
(1123, 608, 2),
(1124, 608, 3),
(1125, 608, 4),
(1126, 608, 9),
(1127, 609, 1),
(1128, 610, 1),
(1129, 610, 2),
(1130, 610, 3),
(1131, 611, 4),
(1132, 612, 1),
(1133, 612, 2),
(1134, 612, 3),
(1135, 612, 9),
(1136, 613, 1),
(1137, 614, 1),
(1138, 614, 2),
(1139, 614, 3),
(1140, 614, 4),
(1141, 614, 5),
(1142, 615, 1),
(1143, 615, 2),
(1144, 616, 1),
(1145, 617, 1),
(1146, 617, 2),
(1147, 617, 4),
(1148, 617, 5),
(1149, 618, 1),
(1150, 619, 1),
(1151, 620, 1),
(1152, 621, 1),
(1153, 622, 1),
(1154, 622, 2),
(1155, 622, 4),
(1156, 623, 1),
(1157, 624, 1),
(1158, 625, 1),
(1159, 626, 1),
(1160, 626, 2),
(1161, 627, 1),
(1162, 628, 1),
(1163, 629, 1),
(1164, 630, 1),
(1165, 631, 1),
(1166, 632, 1),
(1167, 632, 5),
(1168, 632, 9),
(1169, 633, 1),
(1170, 634, 1),
(1171, 635, 1),
(1172, 635, 2),
(1173, 636, 1),
(1174, 637, 4),
(1175, 638, 1),
(1176, 639, 1),
(1177, 640, 1),
(1178, 640, 2),
(1179, 641, 1),
(1180, 642, 1),
(1181, 642, 4),
(1182, 643, 1),
(1183, 643, 2),
(1184, 643, 3),
(1185, 644, 1),
(1186, 645, 1),
(1187, 645, 4),
(1188, 645, 9),
(1189, 646, 1),
(1190, 647, 1),
(1191, 647, 2),
(1192, 648, 1),
(1193, 649, 4),
(1194, 650, 1),
(1195, 651, 1),
(1196, 651, 2),
(1197, 652, 1),
(1198, 652, 3),
(1199, 652, 9),
(1200, 653, 1),
(1201, 653, 2),
(1202, 654, 1),
(1203, 655, 1),
(1204, 656, 1),
(1205, 657, 1),
(1206, 658, 9),
(1207, 659, 1),
(1208, 659, 4),
(1209, 660, 1),
(1210, 660, 2),
(1211, 660, 4),
(1212, 661, 1),
(1213, 662, 1),
(1214, 662, 2),
(1215, 663, 1),
(1216, 664, 1),
(1217, 664, 2),
(1218, 665, 1),
(1219, 665, 2),
(1220, 666, 1),
(1221, 667, 1),
(1222, 667, 2),
(1223, 668, 1),
(1224, 668, 2),
(1225, 669, 1),
(1226, 670, 2),
(1227, 671, 1),
(1228, 672, 1),
(1229, 672, 2),
(1230, 672, 5),
(1231, 672, 9),
(1232, 673, 1),
(1233, 673, 2),
(1234, 673, 4),
(1235, 673, 5),
(1236, 674, 1),
(1237, 675, 1),
(1238, 675, 2),
(1239, 676, 1),
(1240, 677, 1),
(1241, 677, 2),
(1242, 677, 4),
(1243, 677, 9),
(1244, 678, 1),
(1245, 679, 1),
(1246, 680, 1),
(1247, 680, 2),
(1248, 680, 3),
(1249, 680, 5),
(1250, 681, 1),
(1251, 682, 1),
(1252, 682, 2),
(1253, 683, 1),
(1254, 684, 1),
(1255, 684, 2),
(1256, 684, 4),
(1257, 685, 1),
(1258, 685, 2),
(1259, 686, 1),
(1260, 687, 1),
(1261, 687, 2),
(1262, 687, 3),
(1263, 688, 1),
(1264, 688, 2),
(1265, 688, 4),
(1266, 689, 4),
(1267, 690, 1),
(1268, 690, 2),
(1269, 691, 1),
(1270, 691, 2),
(1271, 691, 4),
(1272, 692, 1),
(1273, 692, 2),
(1274, 693, 1),
(1275, 693, 5),
(1276, 694, 1),
(1277, 694, 4),
(1278, 695, 1),
(1279, 695, 2),
(1280, 695, 3),
(1281, 695, 9),
(1282, 696, 1),
(1283, 696, 2),
(1284, 696, 4),
(1285, 697, 1),
(1286, 698, 1),
(1287, 699, 1),
(1288, 700, 1),
(1289, 700, 2),
(1290, 701, 9),
(1291, 702, 1),
(1292, 702, 4),
(1293, 703, 1),
(1294, 704, 1),
(1295, 705, 1),
(1296, 706, 1),
(1297, 706, 2),
(1298, 707, 1),
(1299, 707, 2),
(1300, 708, 1),
(1301, 709, 1),
(1302, 709, 3),
(1303, 710, 1),
(1304, 710, 2),
(1305, 710, 3),
(1306, 710, 5),
(1307, 710, 9),
(1308, 710, 7),
(1309, 711, 1),
(1310, 711, 2),
(1311, 711, 5),
(1312, 712, 1),
(1313, 713, 3),
(1314, 714, 1),
(1315, 714, 2),
(1316, 715, 1),
(1317, 716, 1),
(1318, 716, 2),
(1319, 717, 1),
(1320, 718, 1),
(1321, 719, 2),
(1322, 719, 7),
(1323, 720, 1),
(1324, 721, 1),
(1325, 722, 1),
(1326, 723, 2),
(1327, 723, 5),
(1328, 723, 9),
(1329, 724, 1),
(1330, 725, 1),
(1331, 726, 2),
(1332, 726, 3),
(1333, 727, 1),
(1334, 727, 2),
(1335, 727, 3),
(1336, 727, 9),
(1337, 728, 1),
(1338, 728, 2),
(1339, 729, 1),
(1340, 730, 1),
(1341, 731, 1),
(1342, 731, 4),
(1343, 732, 1),
(1344, 732, 2),
(1345, 733, 1),
(1346, 734, 1),
(1347, 735, 1),
(1348, 735, 2),
(1349, 735, 9),
(1350, 736, 2),
(1351, 736, 4),
(1352, 737, 2),
(1353, 737, 6),
(1354, 738, 2),
(1355, 738, 9),
(1356, 739, 2),
(1357, 740, 2),
(1358, 740, 9),
(1359, 741, 2),
(1360, 741, 5),
(1361, 742, 6),
(1362, 743, 2),
(1363, 743, 3),
(1364, 744, 4),
(1365, 744, 5),
(1366, 745, 2),
(1367, 746, 4),
(1368, 746, 5),
(1369, 746, 6),
(1370, 747, 2),
(1371, 747, 3),
(1372, 747, 4),
(1373, 747, 5),
(1374, 747, 9),
(1375, 748, 6),
(1376, 749, 2),
(1377, 750, 2),
(1378, 750, 3),
(1379, 750, 6),
(1380, 751, 3),
(1381, 751, 6),
(1382, 752, 2),
(1383, 752, 3),
(1384, 752, 5),
(1385, 752, 6),
(1386, 752, 9),
(1387, 752, 7),
(1388, 752, 10),
(1389, 753, 2),
(1390, 754, 3),
(1391, 754, 9),
(1392, 755, 2),
(1393, 755, 4),
(1394, 756, 2),
(1395, 756, 6),
(1396, 757, 2),
(1397, 757, 6),
(1398, 758, 2),
(1399, 759, 2),
(1400, 760, 2),
(1401, 761, 2),
(1402, 762, 9),
(1403, 763, 3),
(1404, 764, 5),
(1405, 765, 2),
(1406, 765, 3),
(1407, 765, 9),
(1408, 766, 2),
(1409, 767, 6),
(1410, 768, 2),
(1411, 768, 4),
(1412, 768, 6),
(1413, 768, 9),
(1414, 769, 2),
(1415, 769, 3),
(1416, 770, 2),
(1417, 770, 5),
(1418, 770, 6),
(1419, 770, 9),
(1420, 771, 9),
(1421, 772, 2),
(1422, 772, 5),
(1423, 773, 3),
(1424, 774, 6),
(1425, 775, 2),
(1426, 776, 5),
(1427, 777, 2),
(1428, 778, 2),
(1429, 778, 6),
(1430, 779, 2),
(1431, 779, 4),
(1432, 779, 10),
(1433, 780, 2),
(1434, 780, 4),
(1435, 781, 2),
(1436, 781, 3),
(1437, 781, 6),
(1438, 782, 2),
(1439, 782, 3),
(1440, 782, 6),
(1441, 783, 2),
(1442, 783, 6),
(1443, 784, 2),
(1444, 784, 5),
(1445, 784, 9),
(1446, 785, 6),
(1447, 786, 3),
(1448, 787, 4),
(1449, 788, 4),
(1450, 789, 6),
(1451, 790, 2),
(1452, 790, 4),
(1453, 790, 6),
(1454, 790, 9),
(1455, 791, 3),
(1456, 792, 1),
(1457, 793, 1),
(1458, 794, 9),
(1459, 794, 8),
(1460, 795, 1),
(1461, 796, 1),
(1462, 796, 2),
(1463, 796, 10),
(1464, 797, 1),
(1465, 798, 2),
(1466, 799, 1),
(1467, 799, 2),
(1468, 799, 9),
(1469, 799, 7),
(1470, 800, 1),
(1471, 801, 1),
(1472, 802, 1),
(1473, 802, 9),
(1474, 803, 2),
(1475, 804, 1),
(1476, 804, 2),
(1477, 804, 5),
(1478, 805, 3),
(1479, 806, 1),
(1480, 806, 3),
(1481, 807, 1),
(1482, 807, 2),
(1483, 807, 5),
(1484, 808, 1),
(1485, 808, 4),
(1486, 809, 1),
(1487, 809, 2),
(1488, 810, 1),
(1489, 811, 1),
(1490, 812, 1),
(1491, 812, 2),
(1492, 813, 1),
(1493, 813, 2),
(1494, 814, 1),
(1495, 814, 2),
(1496, 814, 4),
(1497, 814, 9),
(1498, 815, 1),
(1499, 816, 1),
(1500, 817, 1),
(1501, 817, 2),
(1502, 817, 4),
(1503, 818, 1),
(1504, 818, 2),
(1505, 819, 1),
(1506, 819, 2),
(1507, 820, 1),
(1508, 820, 2),
(1509, 820, 3),
(1510, 821, 1),
(1511, 821, 2),
(1512, 822, 1),
(1513, 822, 3),
(1514, 823, 1),
(1515, 823, 2),
(1516, 824, 1),
(1517, 824, 2),
(1518, 824, 4),
(1519, 824, 5),
(1520, 825, 1),
(1521, 825, 2),
(1522, 825, 3),
(1523, 825, 9),
(1524, 826, 1),
(1525, 826, 9),
(1526, 827, 1),
(1527, 828, 1),
(1528, 828, 2),
(1529, 829, 1),
(1530, 829, 2),
(1531, 829, 3),
(1532, 829, 5),
(1533, 830, 1),
(1534, 830, 2),
(1535, 830, 5),
(1536, 831, 1),
(1537, 831, 2),
(1538, 831, 3),
(1539, 831, 9),
(1540, 832, 1),
(1541, 832, 2),
(1542, 833, 1),
(1543, 833, 2),
(1544, 833, 4),
(1545, 833, 5),
(1546, 833, 9),
(1547, 834, 2),
(1548, 835, 1),
(1549, 835, 2),
(1550, 836, 1),
(1551, 836, 2),
(1552, 836, 3),
(1553, 836, 4),
(1554, 836, 5),
(1555, 836, 9),
(1556, 837, 1),
(1557, 838, 2),
(1558, 839, 1),
(1559, 839, 2),
(1560, 839, 4),
(1561, 839, 5),
(1562, 840, 1),
(1563, 841, 3),
(1564, 842, 1),
(1565, 842, 2),
(1566, 843, 2),
(1567, 843, 3),
(1568, 843, 9),
(1569, 844, 1),
(1570, 845, 1),
(1571, 845, 2),
(1572, 845, 7),
(1573, 846, 1),
(1574, 847, 1),
(1575, 848, 3),
(1576, 849, 1),
(1577, 850, 1),
(1578, 850, 2),
(1579, 850, 4),
(1580, 851, 1),
(1581, 851, 2),
(1582, 851, 9),
(1583, 852, 1),
(1584, 852, 2),
(1585, 853, 1),
(1586, 854, 1),
(1587, 854, 2),
(1588, 855, 1),
(1589, 856, 4),
(1590, 857, 1),
(1591, 857, 2),
(1592, 858, 1),
(1593, 859, 2),
(1594, 860, 1),
(1595, 861, 1),
(1596, 861, 2),
(1597, 861, 5),
(1598, 862, 1),
(1599, 863, 1),
(1600, 863, 4),
(1601, 864, 1),
(1602, 865, 1),
(1603, 865, 2),
(1604, 865, 4),
(1605, 866, 1),
(1606, 867, 1),
(1607, 867, 2),
(1608, 868, 1),
(1609, 868, 2),
(1610, 868, 5),
(1611, 869, 1),
(1612, 870, 7),
(1613, 870, 10),
(1614, 871, 1),
(1615, 871, 2),
(1616, 872, 2),
(1617, 873, 1),
(1618, 873, 2),
(1619, 874, 1),
(1620, 874, 2),
(1621, 875, 1),
(1622, 875, 2),
(1623, 875, 9),
(1624, 875, 12),
(1625, 876, 1),
(1626, 876, 4),
(1627, 877, 1),
(1628, 878, 1),
(1629, 879, 1),
(1630, 879, 2),
(1631, 880, 5),
(1632, 881, 1),
(1633, 882, 1),
(1634, 882, 3),
(1635, 883, 1),
(1636, 884, 2),
(1637, 885, 1),
(1638, 886, 1),
(1639, 887, 1),
(1640, 888, 1),
(1641, 889, 2),
(1642, 890, 2),
(1643, 891, 1),
(1644, 892, 1),
(1645, 893, 1),
(1646, 894, 2),
(1647, 894, 3),
(1648, 895, 1),
(1649, 895, 4),
(1650, 896, 1),
(1651, 896, 2),
(1652, 897, 1),
(1653, 897, 2),
(1654, 897, 9),
(1655, 898, 1),
(1656, 898, 2),
(1657, 898, 3),
(1658, 899, 1),
(1659, 900, 1),
(1660, 901, 1),
(1661, 902, 1),
(1662, 903, 1),
(1663, 903, 2),
(1664, 903, 9),
(1665, 904, 2),
(1666, 905, 2),
(1667, 905, 4),
(1668, 906, 2),
(1669, 907, 2),
(1670, 908, 1),
(1671, 909, 1),
(1672, 910, 1),
(1673, 911, 1),
(1674, 911, 5),
(1675, 912, 1),
(1676, 913, 1),
(1677, 913, 2),
(1678, 913, 4),
(1679, 914, 3),
(1680, 914, 5),
(1681, 915, 1),
(1682, 916, 1),
(1683, 916, 2),
(1684, 917, 1),
(1685, 917, 2),
(1686, 917, 3),
(1687, 917, 5),
(1688, 918, 1),
(1689, 918, 3),
(1690, 919, 1),
(1691, 919, 2),
(1692, 919, 4),
(1693, 920, 1),
(1694, 920, 2),
(1695, 920, 9),
(1696, 921, 1),
(1697, 921, 2),
(1698, 921, 3),
(1699, 921, 4),
(1700, 922, 2),
(1701, 923, 1),
(1702, 924, 1),
(1703, 924, 2),
(1704, 924, 9),
(1705, 925, 1),
(1706, 926, 1),
(1707, 927, 1),
(1708, 927, 2),
(1709, 927, 5),
(1710, 928, 1),
(1711, 929, 1),
(1712, 930, 1),
(1713, 931, 3),
(1714, 932, 1),
(1715, 932, 2),
(1716, 933, 1),
(1717, 934, 1),
(1718, 934, 2),
(1719, 934, 3),
(1720, 935, 1),
(1721, 935, 2),
(1722, 936, 4),
(1723, 937, 2),
(1724, 937, 9),
(1725, 938, 2),
(1726, 938, 9),
(1727, 939, 1),
(1728, 940, 1),
(1729, 940, 2),
(1730, 941, 1),
(1731, 942, 1),
(1732, 943, 1),
(1733, 944, 1),
(1734, 945, 1),
(1735, 946, 3),
(1736, 947, 1),
(1737, 948, 1),
(1738, 949, 1),
(1739, 949, 5),
(1740, 950, 3),
(1741, 951, 1),
(1742, 952, 1),
(1743, 952, 2),
(1744, 953, 1),
(1745, 954, 3),
(1746, 955, 1),
(1747, 955, 2),
(1748, 956, 1),
(1749, 956, 2),
(1750, 956, 4),
(1751, 957, 1),
(1752, 957, 2),
(1753, 958, 3),
(1754, 959, 1),
(1755, 959, 2),
(1756, 960, 1),
(1757, 961, 3),
(1758, 962, 3),
(1759, 963, 1),
(1760, 964, 1),
(1761, 964, 2),
(1762, 964, 5),
(1763, 965, 3),
(1764, 966, 1),
(1765, 967, 1),
(1766, 967, 2),
(1767, 967, 5),
(1768, 968, 1),
(1769, 969, 1),
(1770, 970, 3),
(1771, 971, 1),
(1772, 972, 2),
(1773, 973, 1),
(1774, 973, 2),
(1775, 974, 1),
(1776, 975, 1),
(1777, 975, 2),
(1778, 975, 3),
(1779, 976, 1),
(1780, 977, 1),
(1781, 977, 2),
(1782, 977, 3),
(1783, 978, 2),
(1784, 978, 3),
(1785, 978, 4),
(1786, 978, 6),
(1787, 978, 9),
(1788, 979, 3),
(1789, 980, 2),
(1790, 980, 3),
(1791, 981, 1),
(1792, 982, 1),
(1793, 982, 2),
(1794, 982, 4),
(1795, 983, 1),
(1796, 984, 1),
(1797, 984, 2),
(1798, 985, 3),
(1799, 986, 1),
(1800, 986, 2),
(1801, 986, 3),
(1802, 987, 1),
(1803, 987, 2),
(1804, 987, 4),
(1805, 988, 1),
(1806, 989, 1),
(1807, 989, 3),
(1808, 990, 2),
(1809, 991, 3),
(1810, 992, 1),
(1811, 992, 2),
(1812, 992, 3),
(1813, 993, 3),
(1814, 994, 2),
(1815, 994, 3),
(1816, 995, 2),
(1817, 996, 1),
(1818, 997, 1),
(1819, 997, 2),
(1820, 997, 3),
(1821, 998, 1),
(1822, 998, 2),
(1823, 998, 4),
(1824, 999, 3),
(1825, 1000, 3),
(1826, 1001, 1),
(1827, 1002, 2),
(1828, 1003, 2),
(1829, 1003, 9),
(1830, 1004, 1),
(1831, 1005, 1),
(1832, 1006, 1),
(1833, 1006, 2),
(1834, 1006, 4),
(1835, 1006, 9),
(1836, 1007, 1),
(1837, 1007, 2),
(1838, 1008, 1),
(1839, 1009, 1),
(1840, 1010, 2),
(1841, 1010, 3),
(1842, 1010, 6),
(1843, 1011, 1),
(1844, 1012, 1),
(1845, 1012, 2),
(1846, 1012, 3),
(1847, 1012, 4),
(1848, 1012, 5),
(1849, 1012, 9),
(1850, 1013, 1),
(1851, 1013, 9),
(1852, 1014, 1),
(1853, 1014, 9),
(1854, 1015, 1),
(1855, 1015, 2),
(1856, 1015, 4),
(1857, 1016, 1),
(1858, 1016, 2),
(1859, 1016, 3),
(1860, 1017, 1),
(1861, 1018, 1),
(1862, 1018, 2),
(1863, 1018, 4),
(1864, 1018, 9),
(1865, 1018, 7),
(1866, 1019, 2),
(1867, 1019, 6),
(1868, 1020, 1),
(1869, 1020, 2),
(1870, 1020, 3),
(1871, 1020, 4),
(1872, 1020, 9),
(1873, 1021, 1),
(1874, 1021, 2),
(1875, 1021, 3),
(1876, 1022, 1),
(1877, 1022, 2),
(1878, 1023, 9),
(1879, 1024, 1),
(1880, 1024, 2),
(1881, 1025, 1),
(1882, 1025, 2),
(1883, 1026, 2),
(1884, 1027, 1),
(1885, 1028, 1),
(1886, 1028, 2),
(1887, 1028, 4),
(1888, 1029, 1),
(1889, 1029, 4),
(1890, 1030, 1),
(1891, 1031, 1),
(1892, 1031, 2),
(1893, 1031, 3),
(1894, 1031, 7),
(1895, 1032, 1),
(1896, 1032, 2),
(1897, 1033, 1),
(1898, 1034, 3),
(1899, 1035, 1),
(1900, 1036, 2),
(1901, 1036, 5),
(1902, 1036, 9),
(1903, 1037, 1),
(1904, 1037, 2),
(1905, 1037, 4),
(1906, 1038, 1),
(1907, 1039, 2),
(1908, 1040, 3),
(1909, 1041, 2),
(1910, 1041, 3),
(1911, 1041, 9),
(1912, 1042, 2),
(1913, 1043, 2),
(1914, 1043, 10),
(1915, 1044, 1),
(1916, 1045, 1),
(1917, 1045, 2),
(1918, 1045, 4),
(1919, 1046, 1),
(1920, 1046, 4),
(1921, 1046, 9),
(1922, 1047, 1),
(1923, 1047, 2),
(1924, 1047, 4),
(1925, 1048, 6),
(1926, 1049, 1),
(1927, 1049, 3),
(1928, 1050, 1),
(1929, 1051, 1),
(1930, 1051, 7),
(1931, 1052, 1),
(1932, 1053, 1),
(1933, 1054, 1),
(1934, 1055, 1),
(1935, 1055, 2),
(1936, 1055, 5),
(1937, 1056, 1),
(1938, 1056, 2),
(1939, 1056, 3),
(1940, 1056, 7),
(1941, 1057, 2),
(1942, 1057, 6),
(1943, 1058, 1),
(1944, 1058, 2),
(1945, 1059, 1),
(1946, 1060, 1),
(1947, 1060, 2),
(1948, 1061, 1),
(1949, 1061, 2),
(1950, 1061, 4),
(1951, 1062, 2),
(1952, 1062, 3),
(1953, 1063, 2),
(1954, 1064, 2),
(1955, 1064, 6),
(1956, 1064, 8),
(1957, 1065, 1),
(1958, 1066, 1),
(1959, 1066, 2),
(1960, 1066, 3),
(1961, 1067, 1),
(1962, 1068, 1),
(1963, 1069, 3),
(1964, 1070, 1),
(1965, 1070, 2),
(1966, 1070, 3),
(1967, 1070, 5),
(1968, 1070, 9),
(1969, 1071, 1),
(1970, 1072, 2),
(1971, 1073, 4),
(1972, 1074, 9),
(1973, 1075, 3),
(1974, 1076, 2),
(1975, 1077, 3),
(1976, 1078, 9),
(1977, 1079, 3),
(1978, 1080, 1),
(1979, 1081, 9),
(1980, 1082, 1),
(1981, 1082, 2),
(1982, 1082, 3),
(1983, 1083, 2),
(1984, 1083, 6),
(1985, 1084, 1),
(1986, 1085, 1),
(1987, 1086, 1),
(1988, 1086, 2),
(1989, 1086, 3),
(1990, 1087, 1),
(1991, 1088, 1),
(1992, 1088, 2),
(1993, 1088, 5),
(1994, 1088, 9),
(1995, 1089, 1),
(1996, 1089, 2),
(1997, 1090, 1),
(1998, 1091, 1),
(1999, 1091, 2),
(2000, 1091, 5),
(2001, 1091, 9),
(2002, 1092, 6),
(2003, 1093, 1),
(2004, 1094, 5),
(2005, 1095, 2),
(2006, 1096, 1),
(2007, 1096, 2),
(2008, 1097, 3),
(2009, 1098, 1),
(2010, 1098, 2),
(2011, 1099, 1),
(2012, 1100, 2),
(2013, 1101, 6),
(2014, 1102, 1),
(2015, 1103, 2),
(2016, 1103, 3),
(2017, 1103, 4),
(2018, 1103, 5),
(2019, 1103, 6),
(2020, 1103, 9),
(2021, 1103, 8),
(2022, 1104, 1),
(2023, 1104, 2),
(2024, 1104, 5),
(2025, 1104, 9),
(2026, 1104, 7),
(2027, 1105, 1),
(2028, 1105, 2),
(2029, 1105, 5),
(2030, 1105, 9),
(2031, 1106, 1),
(2032, 1106, 2),
(2033, 1107, 1),
(2034, 1107, 2),
(2035, 1107, 4),
(2036, 1107, 9),
(2037, 1108, 1),
(2038, 1108, 2),
(2039, 1108, 3),
(2040, 1108, 7),
(2041, 1109, 2),
(2042, 1110, 2),
(2043, 1110, 6),
(2044, 1111, 2),
(2045, 1112, 1),
(2046, 1113, 1),
(2047, 1113, 2),
(2048, 1113, 3),
(2049, 1113, 9),
(2050, 1114, 3),
(2051, 1115, 1),
(2052, 1115, 2),
(2053, 1115, 4),
(2054, 1115, 5),
(2055, 1115, 9),
(2056, 1115, 7),
(2057, 1115, 10),
(2058, 1116, 1),
(2059, 1116, 2),
(2060, 1117, 1),
(2061, 1118, 1),
(2062, 1119, 6),
(2063, 1119, 9),
(2064, 1120, 1),
(2065, 1121, 2),
(2066, 1121, 5),
(2067, 1122, 8),
(2068, 1123, 1),
(2069, 1123, 2),
(2070, 1123, 9),
(2071, 1124, 1),
(2072, 1124, 2),
(2073, 1125, 1),
(2074, 1126, 1),
(2075, 1127, 1),
(2076, 1127, 2),
(2077, 1127, 4),
(2078, 1127, 9),
(2079, 1128, 2),
(2080, 1128, 6),
(2081, 1129, 3),
(2082, 1130, 1),
(2083, 1131, 1),
(2084, 1131, 2),
(2085, 1132, 1),
(2086, 1132, 2),
(2087, 1132, 4),
(2088, 1133, 2),
(2089, 1134, 2),
(2090, 1135, 1),
(2091, 1136, 1),
(2092, 1137, 5),
(2093, 1138, 2),
(2094, 1139, 1),
(2095, 1140, 2),
(2096, 1141, 3),
(2097, 1141, 9),
(2098, 1142, 1),
(2099, 1142, 2),
(2100, 1143, 3),
(2101, 1144, 1),
(2102, 1144, 2),
(2103, 1144, 3),
(2104, 1144, 9),
(2105, 1145, 1),
(2106, 1145, 5),
(2107, 1146, 4),
(2108, 1147, 1),
(2109, 1147, 2),
(2110, 1148, 1),
(2111, 1149, 3),
(2112, 1149, 5),
(2113, 1149, 9),
(2114, 1150, 1),
(2115, 1151, 1),
(2116, 1151, 2),
(2117, 1151, 9),
(2118, 1152, 2),
(2119, 1153, 3),
(2120, 1154, 1),
(2121, 1154, 2),
(2122, 1154, 3),
(2123, 1154, 5),
(2124, 1154, 9),
(2125, 1155, 1),
(2126, 1155, 2),
(2127, 1156, 1),
(2128, 1156, 2),
(2129, 1157, 1),
(2130, 1158, 1),
(2131, 1159, 1),
(2132, 1160, 1),
(2133, 1160, 2),
(2134, 1160, 5),
(2135, 1161, 3),
(2136, 1162, 9),
(2137, 1162, 8),
(2138, 1163, 1),
(2139, 1164, 2),
(2140, 1164, 6),
(2141, 1164, 9),
(2142, 1165, 1),
(2143, 1165, 3),
(2144, 1166, 1),
(2145, 1166, 2),
(2146, 1167, 1),
(2147, 1168, 2),
(2148, 1168, 3),
(2149, 1168, 6),
(2150, 1168, 10),
(2151, 1169, 9),
(2152, 1170, 3),
(2153, 1171, 1),
(2154, 1171, 2),
(2155, 1171, 4),
(2156, 1172, 1),
(2157, 1172, 4),
(2158, 1173, 2),
(2159, 1174, 1),
(2160, 1174, 2),
(2161, 1174, 4),
(2162, 1175, 1),
(2163, 1175, 2),
(2164, 1175, 3),
(2165, 1176, 1),
(2166, 1176, 2),
(2167, 1176, 3),
(2168, 1176, 7),
(2169, 1177, 3),
(2170, 1178, 4),
(2171, 1178, 5),
(2172, 1178, 6),
(2173, 1178, 9),
(2174, 1179, 1),
(2175, 1180, 1),
(2176, 1181, 12),
(2177, 1182, 1),
(2178, 1183, 3),
(2179, 1184, 1),
(2180, 1184, 2),
(2181, 1185, 3),
(2182, 1185, 9),
(2183, 1186, 2),
(2184, 1187, 6),
(2185, 1188, 1),
(2186, 1188, 2),
(2187, 1189, 1),
(2188, 1189, 2),
(2189, 1190, 1),
(2190, 1190, 2),
(2191, 1191, 1),
(2192, 1191, 2),
(2193, 1192, 1),
(2194, 1193, 1),
(2195, 1193, 2),
(2196, 1193, 3),
(2197, 1193, 9),
(2198, 1194, 1),
(2199, 1195, 1),
(2200, 1196, 6),
(2201, 1196, 9),
(2202, 1196, 7),
(2203, 1197, 9),
(2204, 1198, 1),
(2205, 1199, 1),
(2206, 1200, 1),
(2207, 1200, 2),
(2208, 1200, 3),
(2209, 1201, 1),
(2210, 1201, 5),
(2211, 1201, 9),
(2212, 1202, 2),
(2213, 1203, 1),
(2214, 1203, 9),
(2215, 1204, 1),
(2216, 1204, 9),
(2217, 1205, 1),
(2218, 1205, 2),
(2219, 1205, 4),
(2220, 1206, 2),
(2221, 1206, 6),
(2222, 1207, 1),
(2223, 1207, 5),
(2224, 1207, 9),
(2225, 1208, 1),
(2226, 1209, 1),
(2227, 1209, 2),
(2228, 1210, 1),
(2229, 1211, 1),
(2230, 1212, 3),
(2231, 1212, 9),
(2232, 1213, 2),
(2233, 1213, 3),
(2234, 1213, 6),
(2235, 1214, 8),
(2236, 1215, 1),
(2237, 1215, 4),
(2238, 1215, 9),
(2239, 1216, 1),
(2240, 1216, 9),
(2241, 1216, 7),
(2242, 1217, 1),
(2243, 1218, 1),
(2244, 1218, 2),
(2245, 1218, 7),
(2246, 1219, 2),
(2247, 1220, 1),
(2248, 1221, 1),
(2249, 1221, 2),
(2250, 1222, 1),
(2251, 1222, 2),
(2252, 1223, 1),
(2253, 1223, 2),
(2254, 1223, 9),
(2255, 1224, 1),
(2256, 1224, 2),
(2257, 1224, 4),
(2258, 1225, 1),
(2259, 1225, 3),
(2260, 1226, 1),
(2261, 1227, 1),
(2262, 1228, 1),
(2263, 1228, 2),
(2264, 1229, 1),
(2265, 1229, 2),
(2266, 1229, 4),
(2267, 1230, 2),
(2268, 1231, 1),
(2269, 1231, 2),
(2270, 1232, 9),
(2271, 1233, 1),
(2272, 1233, 2),
(2273, 1233, 4),
(2274, 1233, 5),
(2275, 1233, 9),
(2276, 1233, 7),
(2277, 1233, 10),
(2278, 1234, 1),
(2279, 1235, 1),
(2280, 1236, 1),
(2281, 1236, 2),
(2282, 1236, 3),
(2283, 1237, 1),
(2284, 1237, 2),
(2285, 1238, 1),
(2286, 1238, 5),
(2287, 1239, 1),
(2288, 1240, 2),
(2289, 1240, 3),
(2290, 1240, 5),
(2291, 1240, 6),
(2292, 1240, 9),
(2293, 1241, 1),
(2294, 1241, 2),
(2295, 1241, 4),
(2296, 1242, 1),
(2297, 1242, 2),
(2298, 1243, 2),
(2299, 1243, 3),
(2300, 1243, 5),
(2301, 1244, 1),
(2302, 1244, 2),
(2303, 1244, 4),
(2304, 1245, 1),
(2305, 1245, 2),
(2306, 1245, 3),
(2307, 1246, 1),
(2308, 1246, 2),
(2309, 1246, 3),
(2310, 1246, 9),
(2311, 1247, 1),
(2312, 1247, 2),
(2313, 1247, 5),
(2314, 1247, 9),
(2315, 1247, 8),
(2316, 1247, 7),
(2317, 1248, 1),
(2318, 1248, 2),
(2319, 1248, 4),
(2320, 1249, 1),
(2321, 1249, 2),
(2322, 1249, 5),
(2323, 1250, 1),
(2324, 1250, 2),
(2325, 1251, 1),
(2326, 1252, 1),
(2327, 1252, 2),
(2328, 1253, 1),
(2329, 1253, 2),
(2330, 1254, 1),
(2331, 1255, 1),
(2332, 1256, 6),
(2333, 1257, 1),
(2334, 1258, 1),
(2335, 1258, 2),
(2336, 1259, 1),
(2337, 1260, 1),
(2338, 1260, 2),
(2339, 1260, 3),
(2340, 1260, 5),
(2341, 1260, 9),
(2342, 1261, 1),
(2343, 1261, 2),
(2344, 1261, 3),
(2345, 1261, 7),
(2346, 1262, 1),
(2347, 1263, 1),
(2348, 1264, 1),
(2349, 1265, 1),
(2350, 1265, 2),
(2351, 1266, 1),
(2352, 1266, 2),
(2353, 1266, 9),
(2354, 1267, 5),
(2355, 1268, 1),
(2356, 1268, 2),
(2357, 1269, 1),
(2358, 1269, 2),
(2359, 1269, 4),
(2360, 1269, 9),
(2361, 1270, 1),
(2362, 1270, 2),
(2363, 1270, 3),
(2364, 1271, 3),
(2365, 1272, 1),
(2366, 1273, 1),
(2367, 1274, 2),
(2368, 1274, 3),
(2369, 1274, 6),
(2370, 1274, 9),
(2371, 1275, 1),
(2372, 1275, 2),
(2373, 1275, 3),
(2374, 1275, 9),
(2375, 1276, 1),
(2376, 1276, 2),
(2377, 1276, 4),
(2378, 1276, 9),
(2379, 1277, 2),
(2380, 1277, 6),
(2381, 1277, 7),
(2382, 1278, 1),
(2383, 1279, 1),
(2384, 1280, 3),
(2385, 1281, 7),
(2386, 1281, 1),
(2387, 1282, 1),
(2388, 1282, 2),
(2389, 1283, 10),
(2390, 1283, 7),
(2391, 1283, 1),
(2392, 1284, 1),
(2393, 1284, 5),
(2394, 1284, 10),
(2395, 1284, 2),
(2396, 1285, 2),
(2397, 1285, 6),
(2398, 1286, 1),
(2399, 1287, 1),
(2400, 1288, 1),
(2401, 1288, 7),
(2402, 1288, 5),
(2403, 1288, 2),
(2404, 1289, 2),
(2405, 1289, 3),
(2406, 1289, 1),
(2407, 1290, 5),
(2408, 1290, 6),
(2409, 1290, 2),
(2410, 1291, 1),
(2411, 1291, 7),
(2412, 1291, 5),
(2413, 1291, 9),
(2414, 1292, 2),
(2415, 1292, 5),
(2416, 1292, 1),
(2417, 1293, 2),
(2418, 1293, 7),
(2419, 1294, 1),
(2420, 1295, 1),
(2421, 1295, 2),
(2422, 1296, 3),
(2423, 1296, 6),
(2424, 1297, 3),
(2425, 1297, 2),
(2426, 1298, 5),
(2427, 1298, 6),
(2428, 1299, 2),
(2429, 1299, 1),
(2430, 1299, 7),
(2431, 1300, 6),
(2432, 1300, 2),
(2433, 1301, 1),
(2434, 1301, 2),
(2435, 1301, 5),
(2436, 1302, 1),
(2437, 1302, 2),
(2438, 1303, 7),
(2439, 1303, 1),
(2440, 1303, 9),
(2441, 1303, 5),
(2442, 1304, 3),
(2443, 1304, 1),
(2444, 1304, 2),
(2445, 1305, 9),
(2446, 1305, 1),
(2447, 1305, 4),
(2448, 1305, 7),
(2449, 1306, 1),
(2450, 1307, 2),
(2451, 1307, 6),
(2452, 1308, 1),
(2453, 1309, 1),
(2454, 1310, 2),
(2455, 1310, 6),
(2456, 1311, 6),
(2457, 1311, 2),
(2458, 1312, 6),
(2459, 1313, 2),
(2460, 1314, 1),
(2461, 1315, 5),
(2462, 1315, 6),
(2463, 1315, 2),
(2464, 1316, 1),
(2465, 1316, 2),
(2466, 1316, 5),
(2467, 1317, 2),
(2468, 1318, 5),
(2469, 1318, 1),
(2470, 1319, 1),
(2471, 1320, 1),
(2472, 1321, 2),
(2473, 1321, 5),
(2474, 1321, 4),
(2475, 1321, 7),
(2476, 1321, 1),
(2477, 1322, 8),
(2478, 1323, 1),
(2479, 1324, 2),
(2480, 1324, 3),
(2481, 1324, 4),
(2482, 1324, 7),
(2483, 1324, 1),
(2484, 1325, 1),
(2485, 1326, 3),
(2486, 1326, 1),
(2487, 1326, 7),
(2488, 1326, 9),
(2489, 1326, 10),
(2490, 1326, 2),
(2491, 1327, 3),
(2492, 1327, 1),
(2493, 1328, 5),
(2494, 1328, 2),
(2495, 1328, 1),
(2496, 1329, 1),
(2497, 1330, 7),
(2498, 1331, 1),
(2499, 1331, 2),
(2500, 1332, 2),
(2501, 1332, 4),
(2502, 1332, 1),
(2503, 1333, 5),
(2504, 1333, 3),
(2505, 1334, 2),
(2506, 1334, 6),
(2507, 1335, 6),
(2508, 1335, 2),
(2509, 1336, 1),
(2510, 1336, 3),
(2511, 1337, 9),
(2512, 1337, 7),
(2513, 1337, 1),
(2514, 1338, 6),
(2515, 1338, 2),
(2516, 1339, 7),
(2517, 1340, 1),
(2518, 1341, 1),
(2519, 1342, 1),
(2520, 1343, 1),
(2521, 1344, 1),
(2522, 1344, 4),
(2523, 1344, 2),
(2524, 1345, 2),
(2525, 1345, 1),
(2526, 1346, 7),
(2527, 1346, 1),
(2528, 1346, 5),
(2529, 1346, 10),
(2530, 1347, 7),
(2531, 1348, 1),
(2532, 1348, 2),
(2533, 1349, 2),
(2534, 1349, 1),
(2535, 1350, 3),
(2536, 1350, 1),
(2537, 1350, 7),
(2538, 1350, 4),
(2539, 1350, 2),
(2540, 1351, 1),
(2541, 1351, 3),
(2542, 1352, 1),
(2543, 1352, 7),
(2544, 1353, 3),
(2545, 1354, 1),
(2546, 1354, 5),
(2547, 1355, 2),
(2548, 1355, 1),
(2549, 1356, 4),
(2550, 1357, 5),
(2551, 1358, 1),
(2552, 1359, 4),
(2553, 1359, 1),
(2554, 1359, 2),
(2555, 1360, 3),
(2556, 1361, 7),
(2557, 1362, 6),
(2558, 1363, 1),
(2559, 1364, 7),
(2560, 1364, 1),
(2561, 1365, 2),
(2562, 1365, 6),
(2563, 1365, 7),
(2564, 1366, 6),
(2565, 1367, 1),
(2566, 1368, 7),
(2567, 1369, 1),
(2568, 1370, 1),
(2569, 1371, 5),
(2570, 1371, 10),
(2571, 1371, 2),
(2572, 1371, 9),
(2573, 1371, 7),
(2574, 1371, 1),
(2575, 1372, 1),
(2576, 1373, 7),
(2577, 1373, 1),
(2578, 1374, 5),
(2579, 1374, 1),
(2580, 1375, 1),
(2581, 1376, 1),
(2582, 1376, 3),
(2583, 1377, 2),
(2584, 1377, 4),
(2585, 1378, 1),
(2586, 1378, 2),
(2587, 1378, 5),
(2588, 1379, 1),
(2589, 1380, 7),
(2590, 1380, 1),
(2591, 1380, 5),
(2592, 1380, 2),
(2593, 1381, 1),
(2594, 1382, 1),
(2595, 1382, 7),
(2596, 1383, 7),
(2597, 1383, 1),
(2598, 1383, 5),
(2599, 1383, 2),
(2600, 1384, 7),
(2601, 1384, 1),
(2602, 1384, 5),
(2603, 1385, 2),
(2604, 1385, 4),
(2605, 1385, 1),
(2606, 1386, 2),
(2607, 1386, 5),
(2608, 1386, 6),
(2609, 1387, 2),
(2610, 1387, 1),
(2611, 1388, 1),
(2612, 1388, 9),
(2613, 1389, 1),
(2614, 1389, 2),
(2615, 1390, 7),
(2616, 1391, 6),
(2617, 1392, 5),
(2618, 1392, 2),
(2619, 1392, 1),
(2620, 1393, 2),
(2621, 1393, 9),
(2622, 1394, 4),
(2623, 1394, 7),
(2624, 1395, 1),
(2625, 1395, 2),
(2626, 1396, 4),
(2627, 1397, 1),
(2628, 1397, 2),
(2629, 1398, 6),
(2630, 1399, 3),
(2631, 1399, 1),
(2632, 1399, 2),
(2633, 1399, 10),
(2634, 1400, 1),
(2635, 1401, 2),
(2636, 1401, 4),
(2637, 1402, 7),
(2638, 1402, 1),
(2639, 1402, 3),
(2640, 1402, 2),
(2641, 1402, 5),
(2642, 1402, 9),
(2643, 1403, 2),
(2644, 1403, 1),
(2645, 1403, 3),
(2646, 1404, 2),
(2647, 1404, 1),
(2648, 1405, 1),
(2649, 1406, 1),
(2650, 1407, 1),
(2651, 1407, 2),
(2652, 1408, 2),
(2653, 1408, 1),
(2654, 1409, 2),
(2655, 1409, 5),
(2656, 1409, 1),
(2657, 1410, 9),
(2658, 1410, 5),
(2659, 1410, 1),
(2660, 1411, 1),
(2661, 1412, 7),
(2662, 1412, 1),
(2663, 1412, 2),
(2664, 1412, 5),
(2665, 1413, 1),
(2666, 1413, 2),
(2667, 1414, 9),
(2668, 1414, 1),
(2669, 1414, 7),
(2670, 1415, 1),
(2671, 1416, 6),
(2672, 1416, 7),
(2673, 1417, 7),
(2674, 1417, 2),
(2675, 1418, 1),
(2676, 1419, 3),
(2677, 1420, 1),
(2678, 1420, 7),
(2679, 1421, 2),
(2680, 1421, 1),
(2681, 1422, 1),
(2682, 1423, 2),
(2683, 1423, 7),
(2684, 1423, 1),
(2685, 1424, 1),
(2686, 1424, 10),
(2687, 1425, 2),
(2688, 1425, 5),
(2689, 1425, 1),
(2690, 1425, 7),
(2691, 1426, 3),
(2692, 1427, 3),
(2693, 1428, 1),
(2694, 1429, 3),
(2695, 1430, 1),
(2696, 1431, 3),
(2697, 1431, 1),
(2698, 1431, 2),
(2699, 1432, 1),
(2700, 1433, 7),
(2701, 1434, 6),
(2702, 1434, 7),
(2703, 1435, 1),
(2704, 1435, 7),
(2705, 1436, 1),
(2706, 1437, 1),
(2707, 1438, 1),
(2708, 1439, 1),
(2709, 1440, 1),
(2710, 1441, 1),
(2711, 1442, 1),
(2712, 1443, 1),
(2713, 1444, 1),
(2714, 1445, 1),
(2715, 1445, 2),
(2716, 1446, 1),
(2717, 1447, 6),
(2718, 1447, 9),
(2719, 1447, 2),
(2720, 1448, 5),
(2721, 1448, 2),
(2722, 1448, 7),
(2723, 1449, 5),
(2724, 1449, 6),
(2725, 1450, 2),
(2726, 1450, 6),
(2727, 1451, 3),
(2728, 1452, 6),
(2729, 1453, 5),
(2730, 1454, 1),
(2731, 1454, 9),
(2732, 1455, 7),
(2733, 1455, 1),
(2734, 1455, 2),
(2735, 1455, 5),
(2736, 1456, 1),
(2737, 1457, 1),
(2738, 1458, 1),
(2739, 1458, 3),
(2740, 1459, 9),
(2741, 1459, 7),
(2742, 1459, 1),
(2743, 1460, 1),
(2744, 1461, 6),
(2745, 1461, 7),
(2746, 1462, 1),
(2747, 1463, 1),
(2748, 1464, 1),
(2749, 1465, 6),
(2750, 1466, 1),
(2751, 1467, 6),
(2752, 1468, 1),
(2753, 1469, 1),
(2754, 1469, 7),
(2755, 1469, 3),
(2756, 1469, 2),
(2757, 1470, 7),
(2758, 1470, 5),
(2759, 1471, 1),
(2760, 1471, 2),
(2761, 1472, 3),
(2762, 1472, 1),
(2763, 1473, 6),
(2764, 1474, 2),
(2765, 1474, 3),
(2766, 1474, 1),
(2767, 1475, 2),
(2768, 1475, 1),
(2769, 1476, 6),
(2770, 1476, 5),
(2771, 1476, 2),
(2772, 1477, 1),
(2773, 1478, 2),
(2774, 1478, 1),
(2775, 1479, 1),
(2776, 1480, 1),
(2777, 1481, 2),
(2778, 1481, 1),
(2779, 1482, 6),
(2780, 1483, 6),
(2781, 1484, 1),
(2782, 1484, 2),
(2783, 1485, 5),
(2784, 1486, 1),
(2785, 1487, 6),
(2786, 1488, 1),
(2787, 1489, 1),
(2788, 1489, 7),
(2789, 1490, 1),
(2790, 1491, 1),
(2791, 1491, 7),
(2792, 1491, 5),
(2793, 1492, 2),
(2794, 1492, 6),
(2795, 1493, 7),
(2796, 1494, 2),
(2797, 1495, 2),
(2798, 1496, 1),
(2799, 1497, 6),
(2800, 1497, 2),
(2801, 1498, 6),
(2802, 1499, 1),
(2803, 1499, 2),
(2804, 1500, 1),
(2805, 1501, 6),
(2806, 1502, 2),
(2807, 1502, 1),
(2808, 1503, 2),
(2809, 1503, 3),
(2810, 1503, 6),
(2811, 1504, 5),
(2812, 1504, 6),
(2813, 1505, 4),
(2814, 1505, 1),
(2815, 1506, 6),
(2816, 1506, 10),
(2817, 1507, 6),
(2818, 1508, 2),
(2819, 1508, 7),
(2820, 1508, 10),
(2821, 1508, 6),
(2822, 1509, 1),
(2823, 1510, 6),
(2824, 1511, 1),
(2825, 1512, 1),
(2826, 1513, 3),
(2827, 1513, 1),
(2828, 1514, 9),
(2829, 1515, 1),
(2830, 1516, 5),
(2831, 1516, 6),
(2832, 1516, 2),
(2833, 1517, 1),
(2834, 1517, 5),
(2835, 1518, 1),
(2836, 1519, 2),
(2837, 1519, 9),
(2838, 1519, 1),
(2839, 1520, 5),
(2840, 1520, 1),
(2841, 1521, 7),
(2842, 1522, 1),
(2843, 1523, 6),
(2844, 1523, 7),
(2845, 1523, 2),
(2846, 1524, 2),
(2847, 1525, 5),
(2848, 1525, 7),
(2849, 1525, 1),
(2850, 1526, 3),
(2851, 1526, 6),
(2852, 1527, 5),
(2853, 1527, 1),
(2854, 1528, 1),
(2855, 1528, 2),
(2856, 1529, 3),
(2857, 1530, 1),
(2858, 1531, 1),
(2859, 1532, 5),
(2860, 1532, 2),
(2861, 1532, 9),
(2862, 1532, 4),
(2863, 1532, 1),
(2864, 1533, 3),
(2865, 1534, 5),
(2866, 1534, 2),
(2867, 1534, 1),
(2868, 1534, 7),
(2869, 1535, 1),
(2870, 1535, 9),
(2871, 1535, 5),
(2872, 1536, 1),
(2873, 1537, 6),
(2874, 1538, 6),
(2875, 1538, 3),
(2876, 1538, 5),
(2877, 1539, 1),
(2878, 1540, 3),
(2879, 1541, 6),
(2880, 1542, 1),
(2881, 1543, 1),
(2882, 1544, 2),
(2883, 1545, 5),
(2884, 1545, 6),
(2885, 1546, 1),
(2886, 1547, 1),
(2887, 1547, 9),
(2888, 1547, 5),
(2889, 1548, 3),
(2890, 1549, 1),
(2891, 1550, 5),
(2892, 1550, 7),
(2893, 1550, 1),
(2894, 1551, 1),
(2895, 1552, 6),
(2896, 1552, 2),
(2897, 1553, 2),
(2898, 1553, 9),
(2899, 1553, 6),
(2900, 1554, 1),
(2901, 1555, 1),
(2902, 1556, 5),
(2903, 1556, 9),
(2904, 1557, 8),
(2905, 1558, 1),
(2906, 1558, 2),
(2907, 1559, 4),
(2908, 1559, 5),
(2909, 1560, 1),
(2910, 1561, 2),
(2911, 1561, 5),
(2912, 1561, 1),
(2913, 1562, 1),
(2914, 1563, 4),
(2915, 1564, 1),
(2916, 1565, 1),
(2917, 1565, 2),
(2918, 1566, 2),
(2919, 1566, 1),
(2920, 1567, 1),
(2921, 1568, 6),
(2922, 1568, 5),
(2923, 1569, 6),
(2924, 1569, 2),
(2925, 1570, 1),
(2926, 1571, 1),
(2927, 1572, 2),
(2928, 1573, 1),
(2929, 1574, 1),
(2930, 1574, 2),
(2931, 1575, 1),
(2932, 1575, 2),
(2933, 1576, 2),
(2934, 1576, 1),
(2935, 1577, 1),
(2936, 1578, 2),
(2937, 1578, 5),
(2938, 1578, 6),
(2939, 1579, 2),
(2940, 1579, 1),
(2941, 1580, 9),
(2942, 1581, 1),
(2943, 1582, 6),
(2944, 1583, 1),
(2945, 1584, 6),
(2946, 1585, 1),
(2947, 1585, 5),
(2948, 1586, 9),
(2949, 1586, 2),
(2950, 1586, 1),
(2951, 1587, 1),
(2952, 1588, 7),
(2953, 1588, 6),
(2954, 1588, 2),
(2955, 1589, 1),
(2956, 1590, 6),
(2957, 1591, 1),
(2958, 1591, 7),
(2959, 1591, 3),
(2960, 1591, 2),
(2961, 1591, 5),
(2962, 1592, 7),
(2963, 1593, 1),
(2964, 1593, 2),
(2965, 1594, 1),
(2966, 1595, 1),
(2967, 1596, 9),
(2968, 1596, 2),
(2969, 1596, 1),
(2970, 1597, 1),
(2971, 1598, 7),
(2972, 1598, 1),
(2973, 1599, 5),
(2974, 1600, 2),
(2975, 1601, 7),
(2976, 1601, 5),
(2977, 1601, 2),
(2978, 1602, 1),
(2979, 1603, 2),
(2980, 1603, 1),
(2981, 1604, 1),
(2982, 1604, 5),
(2983, 1604, 9),
(2984, 1605, 9),
(2985, 1605, 3),
(2986, 1605, 1),
(2987, 1606, 7),
(2988, 1606, 1),
(2989, 1606, 9),
(2990, 1606, 2),
(2991, 1607, 1),
(2992, 1608, 1),
(2993, 1609, 1),
(2994, 1610, 1),
(2995, 1611, 1),
(2996, 1612, 1),
(2997, 1613, 9),
(2998, 1613, 1),
(2999, 1614, 3),
(3000, 1615, 1),
(3001, 1615, 3),
(3002, 1616, 1),
(3003, 1616, 7),
(3004, 1616, 2),
(3005, 1616, 9),
(3006, 1616, 5),
(3007, 1617, 2),
(3008, 1617, 1),
(3009, 1618, 1),
(3010, 1619, 1),
(3011, 1620, 1),
(3012, 1620, 2),
(3013, 1621, 1),
(3014, 1622, 7),
(3015, 1622, 10),
(3016, 1622, 5),
(3017, 1623, 2),
(3018, 1623, 9),
(3019, 1623, 10),
(3020, 1623, 7),
(3021, 1623, 4),
(3022, 1623, 8),
(3023, 1624, 3),
(3024, 1624, 4),
(3025, 1624, 7),
(3026, 1625, 1),
(3027, 1625, 3),
(3028, 1626, 7),
(3029, 1627, 1),
(3030, 1628, 4),
(3031, 1629, 3),
(3032, 1630, 5),
(3033, 1631, 7),
(3034, 1632, 1),
(3035, 1633, 2),
(3036, 1633, 1),
(3037, 1634, 4),
(3038, 1635, 2),
(3039, 1635, 1),
(3040, 1636, 1),
(3041, 1637, 1),
(3042, 1638, 2),
(3043, 1638, 3),
(3044, 1638, 1),
(3045, 1638, 7),
(3046, 1639, 1),
(3047, 1640, 9),
(3048, 1640, 7),
(3049, 1640, 1),
(3050, 1641, 1),
(3051, 1641, 10),
(3052, 1642, 1),
(3053, 1643, 1),
(3054, 1644, 10),
(3055, 1645, 1),
(3056, 1645, 5),
(3057, 1646, 1),
(3058, 1647, 5),
(3059, 1647, 1),
(3060, 1647, 4),
(3061, 1648, 1),
(3062, 1649, 1),
(3063, 1650, 1),
(3064, 1651, 2),
(3065, 1651, 1),
(3066, 1652, 7),
(3067, 1652, 1),
(3068, 1653, 1),
(3069, 1653, 7),
(3070, 1653, 4),
(3071, 1653, 9),
(3072, 1654, 1),
(3073, 1655, 2),
(3074, 1656, 7),
(3075, 1657, 1),
(3076, 1658, 1),
(3077, 1659, 1),
(3078, 1660, 3),
(3079, 1660, 1),
(3080, 1661, 1),
(3081, 1662, 5),
(3082, 1662, 2),
(3083, 1662, 4),
(3084, 1662, 1),
(3085, 1662, 7),
(3086, 1663, 1),
(3087, 1664, 1),
(3088, 1665, 7),
(3089, 1665, 1),
(3090, 1665, 5),
(3091, 1666, 2),
(3092, 1666, 1),
(3093, 1667, 5),
(3094, 1668, 3),
(3095, 1669, 4),
(3096, 1669, 3),
(3097, 1670, 1),
(3098, 1670, 4),
(3099, 1671, 3),
(3100, 1672, 3),
(3101, 1673, 5),
(3102, 1673, 10),
(3103, 1673, 8),
(3104, 1673, 7),
(3105, 1673, 1),
(3106, 1674, 1),
(3107, 1674, 7),
(3108, 1674, 4),
(3109, 1674, 2),
(3110, 1674, 5),
(3111, 1675, 1),
(3112, 1676, 4),
(3113, 1677, 1),
(3114, 1678, 7),
(3115, 1678, 1),
(3116, 1678, 2),
(3117, 1679, 1),
(3118, 1679, 2),
(3119, 1680, 1),
(3120, 1680, 7),
(3121, 1680, 3),
(3122, 1681, 1),
(3123, 1682, 4),
(3124, 1682, 1),
(3125, 1683, 9),
(3126, 1683, 2),
(3127, 1684, 1),
(3128, 1684, 3),
(3129, 1685, 1),
(3130, 1686, 5),
(3131, 1687, 1),
(3132, 1688, 1),
(3133, 1689, 1),
(3134, 1690, 1),
(3135, 1691, 7),
(3136, 1691, 6),
(3137, 1691, 5),
(3138, 1691, 10),
(3139, 1692, 2),
(3140, 1692, 6),
(3141, 1693, 2),
(3142, 1693, 10),
(3143, 1693, 7),
(3144, 1693, 6),
(3145, 1693, 3),
(3146, 1694, 5),
(3147, 1694, 6),
(3148, 1694, 10),
(3149, 1694, 7),
(3150, 1695, 6),
(3151, 1696, 6),
(3152, 1697, 2),
(3153, 1697, 6),
(3154, 1698, 2),
(3155, 1698, 9),
(3156, 1699, 6),
(3157, 1699, 2),
(3158, 1700, 9),
(3159, 1701, 2),
(3160, 1701, 3),
(3161, 1701, 7),
(3162, 1701, 6),
(3163, 1702, 9),
(3164, 1703, 2),
(3165, 1703, 6),
(3166, 1704, 6),
(3167, 1704, 2),
(3168, 1705, 2),
(3169, 1705, 6),
(3170, 1706, 2),
(3171, 1706, 6),
(3172, 1707, 2),
(3173, 1708, 6),
(3174, 1708, 9),
(3175, 1708, 2),
(3176, 1709, 6),
(3177, 1709, 2),
(3178, 1710, 2),
(3179, 1710, 9),
(3180, 1710, 6),
(3181, 1711, 7),
(3182, 1711, 6),
(3183, 1712, 2),
(3184, 1713, 2),
(3185, 1714, 6),
(3186, 1715, 6),
(3187, 1716, 6),
(3188, 1716, 2),
(3189, 1717, 6),
(3190, 1717, 10),
(3191, 1718, 6),
(3192, 1718, 3),
(3193, 1718, 2),
(3194, 1719, 2),
(3195, 1719, 7),
(3196, 1719, 6),
(3197, 1719, 10),
(3198, 1720, 6),
(3199, 1720, 2),
(3200, 1721, 5),
(3201, 1721, 10),
(3202, 1721, 6),
(3203, 1722, 2),
(3204, 1723, 2),
(3205, 1724, 2),
(3206, 1724, 6),
(3207, 1725, 5),
(3208, 1725, 6),
(3209, 1725, 2),
(3210, 1726, 2),
(3211, 1726, 6),
(3212, 1727, 6),
(3213, 1727, 2),
(3214, 1728, 2),
(3215, 1728, 6),
(3216, 1729, 2),
(3217, 1729, 6),
(3218, 1730, 9),
(3219, 1730, 6),
(3220, 1731, 9),
(3221, 1731, 2),
(3222, 1731, 6),
(3223, 1732, 6),
(3224, 1733, 2),
(3225, 1734, 6),
(3226, 1734, 2),
(3227, 1735, 2),
(3228, 1735, 6),
(3229, 1736, 2),
(3230, 1737, 6),
(3231, 1738, 6),
(3232, 1739, 2),
(3233, 1739, 6),
(3234, 1740, 6),
(3235, 1741, 2),
(3236, 1741, 5),
(3237, 1741, 6),
(3238, 1741, 4),
(3239, 1742, 2),
(3240, 1742, 6),
(3241, 1743, 10),
(3242, 1743, 6),
(3243, 1744, 6),
(3244, 1745, 2),
(3245, 1746, 2),
(3246, 1746, 6),
(3247, 1747, 6),
(3248, 1748, 2),
(3249, 1748, 6),
(3250, 1749, 6),
(3251, 1750, 2),
(3252, 1750, 6),
(3253, 1751, 2),
(3254, 1751, 9),
(3255, 1751, 6),
(3256, 1752, 2),
(3257, 1752, 6),
(3258, 1752, 7),
(3259, 1753, 2),
(3260, 1753, 5),
(3261, 1753, 6),
(3262, 1754, 9),
(3263, 1754, 2),
(3264, 1754, 6),
(3265, 1755, 2),
(3266, 1755, 6),
(3267, 1756, 2),
(3268, 1756, 6),
(3269, 1757, 5),
(3270, 1757, 6),
(3271, 1758, 6),
(3272, 1759, 9),
(3273, 1759, 6),
(3274, 1760, 6),
(3275, 1760, 3),
(3276, 1760, 2),
(3277, 1761, 6),
(3278, 1761, 2),
(3279, 1761, 9),
(3280, 1762, 1),
(3281, 1762, 5),
(3282, 1763, 1),
(3283, 1764, 1),
(3284, 1765, 3),
(3285, 1765, 1),
(3286, 1765, 2),
(3287, 1766, 1),
(3288, 1766, 7),
(3289, 1767, 2),
(3290, 1767, 5),
(3291, 1767, 1),
(3292, 1768, 1),
(3293, 1769, 1),
(3294, 1769, 3),
(3295, 1770, 1),
(3296, 1771, 7),
(3297, 1772, 1),
(3298, 1772, 10),
(3299, 1773, 2),
(3300, 1773, 9),
(3301, 1773, 5),
(3302, 1773, 1),
(3303, 1773, 4),
(3304, 1774, 2),
(3305, 1775, 5),
(3306, 1775, 7),
(3307, 1775, 1),
(3308, 1776, 1),
(3309, 1777, 1),
(3310, 1778, 9),
(3311, 1778, 5),
(3312, 1778, 1),
(3313, 1778, 4),
(3314, 1778, 7),
(3315, 1779, 5),
(3316, 1779, 4),
(3317, 1779, 7),
(3318, 1779, 1),
(3319, 1780, 2),
(3320, 1780, 1),
(3321, 1780, 4),
(3322, 1781, 1),
(3323, 1781, 7),
(3324, 1781, 2),
(3325, 1781, 10),
(3326, 1782, 2),
(3327, 1782, 5),
(3328, 1782, 1),
(3329, 1782, 7),
(3330, 1783, 3),
(3331, 1783, 1),
(3332, 1783, 2),
(3333, 1784, 1),
(3334, 1785, 1),
(3335, 1786, 5),
(3336, 1786, 1),
(3337, 1787, 2),
(3338, 1787, 9),
(3339, 1788, 1),
(3340, 1789, 1),
(3341, 1790, 1),
(3342, 1790, 7),
(3343, 1790, 4),
(3344, 1790, 3),
(3345, 1791, 1),
(3346, 1792, 3),
(3347, 1792, 4),
(3348, 1793, 1),
(3349, 1794, 1),
(3350, 1795, 1),
(3351, 1796, 1),
(3352, 1797, 1),
(3353, 1798, 1),
(3354, 1799, 1),
(3355, 1799, 7),
(3356, 1800, 1),
(3357, 1801, 1),
(3358, 1802, 1),
(3359, 1803, 5),
(3360, 1803, 2),
(3361, 1803, 8),
(3362, 1803, 1),
(3363, 1804, 4),
(3364, 1804, 7),
(3365, 1804, 1),
(3366, 1804, 2),
(3367, 1805, 1),
(3368, 1805, 4),
(3369, 1805, 3),
(3370, 1806, 1),
(3371, 1806, 7),
(3372, 1806, 3),
(3373, 1807, 1),
(3374, 1808, 1),
(3375, 1809, 1),
(3376, 1810, 1),
(3377, 1811, 4),
(3378, 1811, 1),
(3379, 1811, 2),
(3380, 1812, 1),
(3381, 1813, 1),
(3382, 1813, 7),
(3383, 1813, 2),
(3384, 1813, 9),
(3385, 1813, 10),
(3386, 1813, 5),
(3387, 1814, 5),
(3388, 1814, 10),
(3389, 1814, 7),
(3390, 1814, 1),
(3391, 1815, 4),
(3392, 1815, 7),
(3393, 1815, 1),
(3394, 1816, 7),
(3395, 1816, 1),
(3396, 1817, 1),
(3397, 1817, 2),
(3398, 1817, 7),
(3399, 1817, 4),
(3400, 1818, 7),
(3401, 1818, 1),
(3402, 1818, 9),
(3403, 1819, 1),
(3404, 1819, 7),
(3405, 1820, 2),
(3406, 1820, 9),
(3407, 1820, 1),
(3408, 1820, 7),
(3409, 1821, 1),
(3410, 1821, 7),
(3411, 1822, 1),
(3412, 1823, 3),
(3413, 1824, 1),
(3414, 1824, 2),
(3415, 1824, 7),
(3416, 1825, 1),
(3417, 1825, 5),
(3418, 1826, 7),
(3419, 1826, 1),
(3420, 1826, 5),
(3421, 1826, 9),
(3422, 1826, 2),
(3423, 1827, 1),
(3424, 1827, 2),
(3425, 1828, 5),
(3426, 1828, 7),
(3427, 1829, 9),
(3428, 1829, 5),
(3429, 1829, 2),
(3430, 1829, 7),
(3431, 1829, 1),
(3432, 1830, 2),
(3433, 1831, 1),
(3434, 1831, 7),
(3435, 1832, 1),
(3436, 1832, 5),
(3437, 1832, 2),
(3438, 1833, 3),
(3439, 1833, 2),
(3440, 1833, 1),
(3441, 1834, 4),
(3442, 1835, 7),
(3443, 1835, 4),
(3444, 1836, 1),
(3445, 1836, 2),
(3446, 1837, 2),
(3447, 1837, 3),
(3448, 1837, 1),
(3449, 1838, 5),
(3450, 1838, 2),
(3451, 1838, 1),
(3452, 1838, 3),
(3453, 1839, 2),
(3454, 1839, 1),
(3455, 1840, 1),
(3456, 1841, 1),
(3457, 1841, 2),
(3458, 1841, 9),
(3459, 1842, 1),
(3460, 1842, 3),
(3461, 1842, 4),
(3462, 1843, 2),
(3463, 1844, 1),
(3464, 1844, 7),
(3465, 1845, 1),
(3466, 1846, 1),
(3467, 1846, 5),
(3468, 1846, 9),
(3469, 1846, 10),
(3470, 1846, 7),
(3471, 1847, 5),
(3472, 1847, 1),
(3473, 1847, 7),
(3474, 1847, 4),
(3475, 1848, 1),
(3476, 1848, 2),
(3477, 1849, 7),
(3478, 1849, 1),
(3479, 1850, 7),
(3480, 1850, 1),
(3481, 1851, 7),
(3482, 1851, 1),
(3483, 1852, 1),
(3484, 1852, 7),
(3485, 1853, 1),
(3486, 1854, 1),
(3487, 1854, 9),
(3488, 1855, 7),
(3489, 1855, 1),
(3490, 1855, 10),
(3491, 1855, 2),
(3492, 1855, 5),
(3493, 1856, 2),
(3494, 1856, 3),
(3495, 1857, 1),
(3496, 1858, 2),
(3497, 1858, 9),
(3498, 1858, 5),
(3499, 1858, 1),
(3500, 1858, 7),
(3501, 1859, 1),
(3502, 1859, 7),
(3503, 1860, 7),
(3504, 1860, 1),
(3505, 1861, 1),
(3506, 1861, 7),
(3507, 1861, 4),
(3508, 1862, 1),
(3509, 1862, 5),
(3510, 1863, 1),
(3511, 1864, 5),
(3512, 1864, 1),
(3513, 1864, 7),
(3514, 1865, 1),
(3515, 1866, 1),
(3516, 1866, 7),
(3517, 1867, 1),
(3518, 1868, 2),
(3519, 1869, 1),
(3520, 1869, 7),
(3521, 1869, 3),
(3522, 1870, 7),
(3523, 1870, 1),
(3524, 1871, 1),
(3525, 1871, 7),
(3526, 1871, 9),
(3527, 1871, 2),
(3528, 1872, 2),
(3529, 1873, 2),
(3530, 1873, 9),
(3531, 1873, 1),
(3532, 1873, 7),
(3533, 1873, 8);
INSERT INTO `tbl_device_install` (`Install_Id`, `Clinic_Id`, `Device_Id`) VALUES
(3534, 1874, 1),
(3535, 1875, 3),
(3536, 1875, 8),
(3537, 1875, 1),
(3538, 1875, 7),
(3539, 1876, 1),
(3540, 1877, 1),
(3541, 1878, 1),
(3542, 1878, 9),
(3543, 1879, 3),
(3544, 1879, 1),
(3545, 1880, 2),
(3546, 1880, 1),
(3547, 1880, 7),
(3548, 1880, 3),
(3549, 1881, 2),
(3550, 1881, 1),
(3551, 1882, 3),
(3552, 1883, 2),
(3553, 1884, 1),
(3554, 1884, 7),
(3555, 1885, 7),
(3556, 1885, 1),
(3557, 1886, 1),
(3558, 1887, 2),
(3559, 1887, 5),
(3560, 1887, 7),
(3561, 1887, 4),
(3562, 1887, 1),
(3563, 1888, 1),
(3564, 1888, 3),
(3565, 1889, 9),
(3566, 1889, 2),
(3567, 1889, 1),
(3568, 1889, 3),
(3569, 1890, 2),
(3570, 1890, 5),
(3571, 1890, 1),
(3572, 1891, 7),
(3573, 1891, 1),
(3574, 1892, 7),
(3575, 1892, 1),
(3576, 1892, 3),
(3577, 1893, 1),
(3578, 1893, 4),
(3579, 1893, 5),
(3580, 1893, 2),
(3581, 1894, 1),
(3582, 1895, 2),
(3583, 1895, 1),
(3584, 1895, 7),
(3585, 1896, 3),
(3586, 1896, 1),
(3587, 1896, 2),
(3588, 1897, 1),
(3589, 1898, 2),
(3590, 1898, 7),
(3591, 1899, 2),
(3592, 1900, 9),
(3593, 1900, 5),
(3594, 1900, 4),
(3595, 1900, 7),
(3596, 1900, 1),
(3597, 1901, 1),
(3598, 1901, 7),
(3599, 1902, 1),
(3600, 1902, 2),
(3601, 1903, 3),
(3602, 1904, 7),
(3603, 1905, 2),
(3604, 1905, 9),
(3605, 1905, 5),
(3606, 1905, 1),
(3607, 1906, 6),
(3608, 1907, 2),
(3609, 1907, 5),
(3610, 1907, 10),
(3611, 1907, 7),
(3612, 1907, 6),
(3613, 1908, 1),
(3614, 1909, 1),
(3615, 1910, 2),
(3616, 1910, 1),
(3617, 1911, 2),
(3618, 1911, 1),
(3619, 1911, 7),
(3620, 1912, 5),
(3621, 1913, 4),
(3622, 1913, 1),
(3623, 1913, 2),
(3624, 1913, 5),
(3625, 1914, 6),
(3626, 1915, 3),
(3627, 1916, 5),
(3628, 1916, 7),
(3629, 1917, 1),
(3630, 1918, 2),
(3631, 1919, 1),
(3632, 1920, 2),
(3633, 1920, 5),
(3634, 1920, 6),
(3635, 1921, 1),
(3636, 1922, 5),
(3637, 1922, 2),
(3638, 1922, 9),
(3639, 1922, 1),
(3640, 1922, 7),
(3641, 1923, 9),
(3642, 1923, 6),
(3643, 1923, 10),
(3644, 1924, 6),
(3645, 1924, 2),
(3646, 1925, 2),
(3647, 1926, 1),
(3648, 1926, 7),
(3649, 1926, 2),
(3650, 1927, 1),
(3651, 1928, 3),
(3652, 1928, 7),
(3653, 1929, 1),
(3654, 1929, 3),
(3655, 1929, 7),
(3656, 1930, 1),
(3657, 1930, 7),
(3658, 1931, 7),
(3659, 1931, 1),
(3660, 1931, 9),
(3661, 1932, 1),
(3662, 1933, 1),
(3663, 1934, 1),
(3664, 1935, 1),
(3665, 1935, 5),
(3666, 1935, 9),
(3667, 1936, 1),
(3668, 1936, 2),
(3669, 1936, 5),
(3670, 1937, 2),
(3671, 1938, 1),
(3672, 1939, 6),
(3673, 1939, 2),
(3674, 1940, 6),
(3675, 1941, 1),
(3676, 1942, 2),
(3677, 1942, 6),
(3678, 1943, 1),
(3679, 1943, 5),
(3680, 1944, 9),
(3681, 1944, 2),
(3682, 1944, 7),
(3683, 1944, 4),
(3684, 1944, 1),
(3685, 1945, 2),
(3686, 1945, 1),
(3687, 1946, 2),
(3688, 1946, 5),
(3689, 1946, 1),
(3690, 1947, 10),
(3691, 1947, 5),
(3692, 1947, 1),
(3693, 1947, 4),
(3694, 1947, 7),
(3695, 1948, 6),
(3696, 1949, 1),
(3697, 1950, 1),
(3698, 1951, 1),
(3699, 1952, 2),
(3700, 1953, 2),
(3701, 1954, 3),
(3702, 1954, 7),
(3703, 1954, 1),
(3704, 1955, 2),
(3705, 1955, 9),
(3706, 1956, 1),
(3707, 1957, 1),
(3708, 1957, 5),
(3709, 1958, 1),
(3710, 1959, 1),
(3711, 1959, 2),
(3712, 1959, 5),
(3713, 1960, 1),
(3714, 1960, 7),
(3715, 1961, 7),
(3716, 1961, 1),
(3717, 1962, 5),
(3718, 1962, 1),
(3719, 1963, 2),
(3720, 1963, 6),
(3721, 1964, 5),
(3722, 1964, 1),
(3723, 1965, 2),
(3724, 1966, 1),
(3725, 1967, 2),
(3726, 1968, 4),
(3727, 1968, 1),
(3728, 1968, 2),
(3729, 1969, 1),
(3730, 1970, 7),
(3731, 1970, 1),
(3732, 1970, 9),
(3733, 1971, 1),
(3734, 1972, 1),
(3735, 1972, 2),
(3736, 1973, 1),
(3737, 1974, 1),
(3738, 1975, 3),
(3739, 1976, 2),
(3740, 1976, 7),
(3741, 1976, 1),
(3742, 1977, 9),
(3743, 1977, 2),
(3744, 1977, 5),
(3745, 1977, 7),
(3746, 1977, 1),
(3747, 1978, 1),
(3748, 1979, 1),
(3749, 1979, 3),
(3750, 1980, 3),
(3751, 1981, 1),
(3752, 1981, 7),
(3753, 1981, 2),
(3754, 1982, 1),
(3755, 1982, 5),
(3756, 1983, 1),
(3757, 1984, 1),
(3758, 1985, 5),
(3759, 1986, 1),
(3760, 1987, 1),
(3761, 1988, 1),
(3762, 1988, 2),
(3763, 1989, 1),
(3764, 1989, 2),
(3765, 1990, 1),
(3766, 1991, 1),
(3767, 1992, 2),
(3768, 1993, 1),
(3769, 1993, 7),
(3770, 1993, 2),
(3771, 1993, 5),
(3772, 1994, 2),
(3773, 1994, 9),
(3774, 1994, 7),
(3775, 1994, 1),
(3776, 1995, 4),
(3777, 1995, 1),
(3778, 1995, 2),
(3779, 1995, 5),
(3780, 1996, 2),
(3781, 1996, 1),
(3782, 1996, 7),
(3783, 1997, 3),
(3784, 1998, 4),
(3785, 1998, 1),
(3786, 1998, 2),
(3787, 1998, 5),
(3788, 1999, 3),
(3789, 2000, 1),
(3790, 2000, 4),
(3791, 2000, 2),
(3792, 2001, 1),
(3793, 2002, 1),
(3794, 2003, 1),
(3795, 2003, 5),
(3796, 2004, 1),
(3797, 2004, 4),
(3798, 2004, 2),
(3799, 2005, 2),
(3800, 2006, 7),
(3801, 2006, 1),
(3802, 2007, 7),
(3803, 2007, 1),
(3804, 2008, 5),
(3805, 2008, 7),
(3806, 2008, 1),
(3807, 2008, 3),
(3808, 2009, 1),
(3809, 2010, 2),
(3810, 2011, 1),
(3811, 2012, 2),
(3812, 2012, 1),
(3813, 2013, 1),
(3814, 2014, 1),
(3815, 2014, 7),
(3816, 2014, 5),
(3817, 2014, 9),
(3818, 2014, 2),
(3819, 2015, 1),
(3820, 2015, 4),
(3821, 2015, 2),
(3822, 2015, 5),
(3823, 2016, 1),
(3824, 2016, 2),
(3825, 2017, 1),
(3826, 2018, 3),
(3827, 2019, 1),
(3828, 2019, 7),
(3829, 2020, 1),
(3830, 2021, 1),
(3831, 2022, 2),
(3832, 2022, 6),
(3833, 2022, 5),
(3834, 2023, 1),
(3835, 2023, 3),
(3836, 2023, 2),
(3837, 2024, 1),
(3838, 2024, 2),
(3839, 2025, 1),
(3840, 2025, 7),
(3841, 2026, 1),
(3842, 2027, 1),
(3843, 2028, 2),
(3844, 2028, 1),
(3845, 2029, 10),
(3846, 2029, 7),
(3847, 2029, 1),
(3848, 2030, 1),
(3849, 2030, 7),
(3850, 2031, 1),
(3851, 2032, 3),
(3852, 2033, 1),
(3853, 2034, 3),
(3854, 2035, 7),
(3855, 2035, 1),
(3856, 2035, 5),
(3857, 2036, 1),
(3858, 2037, 4),
(3859, 2037, 1),
(3860, 2038, 1),
(3861, 2039, 1),
(3862, 2040, 1),
(3863, 2041, 5),
(3864, 2041, 3),
(3865, 2041, 1),
(3866, 2042, 2),
(3867, 2042, 5),
(3868, 2042, 1),
(3869, 2043, 2),
(3870, 2043, 6),
(3871, 2044, 1),
(3872, 2045, 9),
(3873, 2045, 1),
(3874, 2046, 5),
(3875, 2046, 2),
(3876, 2046, 7),
(3877, 2046, 1),
(3878, 2047, 1),
(3879, 2047, 7),
(3880, 2048, 1),
(3881, 2049, 5),
(3882, 2050, 6),
(3883, 2050, 3),
(3884, 2050, 2),
(3885, 2051, 6),
(3886, 2051, 7),
(3887, 2051, 9),
(3888, 2052, 6),
(3889, 2052, 7),
(3890, 2053, 2),
(3891, 2054, 6),
(3892, 2055, 1),
(3893, 2055, 7),
(3894, 2055, 9),
(3895, 2055, 2),
(3896, 2055, 5),
(3897, 2056, 6),
(3898, 2057, 1),
(3899, 2057, 3),
(3900, 2057, 2),
(3901, 2058, 5),
(3902, 2058, 1),
(3903, 2059, 1),
(3904, 2060, 2),
(3905, 2060, 5),
(3906, 2060, 1),
(3907, 2061, 1),
(3908, 2062, 1),
(3909, 2063, 3),
(3910, 2063, 4),
(3911, 2063, 1),
(3912, 2064, 1),
(3913, 2064, 7),
(3914, 2064, 5),
(3915, 2065, 3),
(3916, 2065, 1),
(3917, 2065, 7),
(3918, 2065, 5),
(3919, 2065, 2),
(3920, 2066, 1),
(3921, 2066, 4),
(3922, 2067, 4),
(3923, 2067, 2),
(3924, 2068, 9),
(3925, 2068, 2),
(3926, 2068, 1),
(3927, 2068, 4),
(3928, 2069, 6),
(3929, 2070, 2),
(3930, 2070, 6),
(3931, 2071, 9),
(3932, 2071, 2),
(3933, 2071, 5),
(3934, 2071, 1),
(3935, 2071, 7),
(3936, 2072, 5),
(3937, 2072, 1),
(3938, 2072, 7),
(3939, 2073, 7),
(3940, 2074, 1),
(3941, 2075, 6),
(3942, 2075, 2),
(3943, 2076, 1),
(3944, 2077, 2),
(3945, 2077, 7),
(3946, 2077, 6),
(3947, 2078, 1),
(3948, 2079, 1),
(3949, 2080, 1),
(3950, 2081, 1),
(3951, 2082, 3),
(3952, 2082, 6),
(3953, 2083, 3),
(3954, 2084, 1),
(3955, 2085, 5),
(3956, 2086, 3),
(3957, 2087, 4),
(3958, 2087, 1),
(3959, 2087, 5),
(3960, 2088, 4),
(3961, 2088, 7),
(3962, 2088, 1),
(3963, 2089, 1),
(3964, 2089, 7),
(3965, 2090, 2),
(3966, 2090, 6),
(3967, 2090, 3),
(3968, 2091, 2),
(3969, 2091, 1),
(3970, 2092, 7),
(3971, 2092, 1),
(3972, 2093, 1),
(3973, 2094, 3),
(3974, 2094, 2),
(3975, 2095, 1),
(3976, 2096, 1),
(3977, 2096, 3),
(3978, 2097, 1),
(3979, 2097, 2),
(3980, 2098, 6),
(3981, 2098, 2),
(3982, 2099, 6),
(3983, 2099, 5),
(3984, 2099, 2),
(3985, 2100, 1),
(3986, 2101, 2),
(3987, 2101, 1),
(3988, 2102, 1),
(3989, 2103, 5),
(3990, 2103, 2),
(3991, 2103, 9),
(3992, 2103, 7),
(3993, 2103, 1),
(3994, 2104, 1),
(3995, 2104, 3),
(3996, 2105, 2),
(3997, 2106, 6),
(3998, 2106, 2),
(3999, 2107, 6),
(4000, 2107, 2),
(4001, 2108, 6),
(4002, 2109, 7),
(4003, 2109, 3),
(4004, 2109, 1),
(4005, 2109, 2),
(4006, 2110, 7),
(4007, 2110, 1),
(4008, 2111, 2),
(4009, 2112, 2),
(4010, 2113, 1),
(4011, 2114, 2),
(4012, 2114, 6),
(4013, 2115, 2),
(4014, 2115, 6),
(4015, 2116, 1),
(4016, 2116, 3),
(4017, 2116, 9),
(4018, 2117, 7),
(4019, 2117, 1),
(4020, 2117, 2),
(4021, 2118, 1),
(4022, 2119, 1),
(4023, 2119, 5),
(4024, 2120, 1),
(4025, 2121, 1),
(4026, 2122, 1),
(4027, 2122, 3),
(4028, 2122, 9),
(4029, 2122, 2),
(4030, 2123, 6),
(4031, 2123, 3),
(4032, 2123, 2),
(4033, 2124, 9),
(4034, 2124, 2),
(4035, 2124, 6),
(4036, 2125, 6),
(4037, 2126, 1),
(4038, 2126, 4),
(4039, 2127, 2),
(4040, 2127, 1),
(4041, 2127, 3),
(4042, 2128, 3),
(4043, 2128, 1),
(4044, 2128, 9),
(4045, 2129, 1),
(4046, 2130, 1),
(4047, 2131, 1),
(4048, 2131, 5),
(4049, 2132, 1),
(4050, 2132, 3),
(4051, 2132, 2),
(4052, 2133, 9),
(4053, 2133, 2),
(4054, 2133, 1),
(4055, 2133, 3),
(4056, 2133, 4),
(4057, 2133, 7),
(4058, 2134, 3),
(4059, 2134, 1),
(4060, 2135, 1),
(4061, 2136, 5),
(4062, 2137, 6),
(4063, 2137, 9),
(4064, 2137, 2),
(4065, 2138, 2),
(4066, 2138, 6),
(4067, 2139, 5),
(4068, 2139, 1),
(4069, 2140, 5),
(4070, 2140, 1),
(4071, 2141, 1),
(4072, 2142, 1),
(4073, 2143, 6),
(4074, 2144, 2),
(4075, 2144, 6),
(4076, 2145, 2),
(4077, 2146, 7),
(4078, 2146, 1),
(4079, 2147, 2),
(4080, 2147, 7),
(4081, 2147, 6),
(4082, 2148, 1),
(4083, 2148, 5),
(4084, 2149, 1),
(4085, 2150, 1),
(4086, 2151, 1),
(4087, 2151, 9),
(4088, 2151, 5),
(4089, 2152, 1),
(4090, 2152, 5),
(4091, 2153, 1),
(4092, 2154, 3),
(4093, 2154, 1),
(4094, 2155, 1),
(4095, 2156, 1),
(4096, 2156, 3),
(4097, 2156, 5),
(4098, 2157, 2),
(4099, 2157, 9),
(4100, 2157, 7),
(4101, 2157, 1),
(4102, 2158, 2),
(4103, 2158, 1),
(4104, 2159, 1),
(4105, 2159, 7),
(4106, 2159, 5),
(4107, 2159, 9),
(4108, 2160, 6),
(4109, 2161, 1),
(4110, 2162, 1),
(4111, 2163, 1),
(4112, 2164, 1),
(4113, 2165, 1),
(4114, 2166, 2),
(4115, 2166, 1),
(4116, 2167, 1),
(4117, 2168, 2),
(4118, 2168, 1),
(4119, 2169, 5),
(4120, 2169, 1),
(4121, 2170, 1),
(4122, 2171, 1),
(4123, 2171, 2),
(4124, 2172, 6),
(4125, 2173, 1),
(4126, 2174, 4),
(4127, 2174, 2),
(4128, 2175, 3),
(4129, 2175, 1),
(4130, 2176, 8),
(4131, 2177, 2),
(4132, 2178, 5),
(4133, 2178, 1),
(4134, 2178, 3),
(4135, 2179, 2),
(4136, 2179, 3),
(4137, 2179, 6),
(4138, 2180, 6),
(4139, 2180, 9),
(4140, 2180, 2),
(4141, 2181, 1),
(4142, 2181, 7),
(4143, 2181, 5),
(4144, 2181, 2),
(4145, 2182, 1),
(4146, 2182, 2),
(4147, 2183, 3),
(4148, 2183, 1),
(4149, 2183, 2),
(4150, 2184, 1),
(4151, 2184, 7),
(4152, 2185, 3),
(4153, 2186, 1),
(4154, 2186, 2),
(4155, 2187, 1),
(4156, 2188, 2),
(4157, 2188, 2),
(4158, 2189, 1),
(4159, 2189, 2),
(4160, 2189, 4),
(4161, 2190, 2),
(4162, 2190, 4),
(4163, 2191, 2),
(4164, 2192, 1),
(4165, 2192, 2),
(4166, 2192, 4),
(4167, 2192, 1),
(4168, 2192, 2),
(4169, 2193, 1),
(4170, 2194, 1),
(4171, 2194, 3),
(4172, 2195, 1),
(4173, 2195, 9),
(4174, 2196, 1),
(4175, 2197, 1),
(4176, 2198, 1),
(4177, 2198, 2),
(4178, 2199, 1),
(4179, 2199, 2),
(4180, 2199, 1),
(4181, 2200, 1),
(4182, 2201, 1),
(4183, 2201, 1),
(4184, 2202, 1),
(4185, 2202, 1),
(4186, 2203, 1),
(4187, 2204, 1),
(4188, 2204, 2),
(4189, 2205, 1),
(4190, 2205, 2),
(4191, 2206, 9),
(4192, 2207, 2),
(4193, 2208, 4),
(4194, 2209, 4),
(4195, 2209, 5),
(4196, 2210, 2),
(4197, 2211, 2),
(4198, 2211, 2),
(4199, 2211, 6),
(4200, 2211, 6),
(4201, 2212, 5),
(4202, 2213, 2),
(4203, 2213, 6),
(4204, 2214, 3),
(4205, 2215, 3),
(4206, 2216, 1),
(4207, 2217, 1),
(4208, 2217, 2),
(4209, 2217, 3),
(4210, 2218, 1),
(4211, 2218, 3),
(4212, 2218, 5),
(4213, 2219, 1),
(4214, 2220, 1),
(4215, 2221, 1),
(4216, 2222, 1),
(4217, 2223, 1),
(4218, 2224, 1),
(4219, 2225, 1),
(4220, 2226, 1),
(4221, 2227, 1),
(4222, 2228, 1),
(4223, 2229, 1),
(4224, 2230, 1),
(4225, 2231, 7),
(4226, 2232, 1),
(4227, 2233, 1),
(4228, 2233, 2),
(4229, 2234, 1),
(4230, 2234, 2),
(4231, 2235, 3),
(4232, 2236, 1),
(4233, 2237, 1),
(4234, 2237, 2),
(4235, 2238, 1),
(4236, 2239, 1),
(4237, 2240, 1),
(4238, 2241, 1),
(4239, 2241, 2),
(4240, 2242, 1),
(4241, 2243, 2),
(4242, 2244, 1),
(4243, 2244, 2),
(4244, 2245, 2),
(4245, 2246, 1),
(4246, 2247, 2),
(4247, 2248, 1),
(4248, 2249, 1),
(4249, 2250, 1);

-- --------------------------------------------------------

--
-- Table structure for table `tbl_map_report`
--

CREATE TABLE `tbl_map_report` (
  `Report_Id` int(6) NOT NULL,
  `Country_Id` int(6) NOT NULL,
  `City_Id` int(6) NOT NULL,
  `Device_Id` int(6) NOT NULL,
  `Installation_Base` int(6) NOT NULL COMMENT 'Installation base',
  `Total_Installation_Base` int(6) NOT NULL COMMENT 'Total Installation base',
  `U_W_AVG_Repair_Time_12_h` int(6) NOT NULL COMMENT 'Under warranty Avergae repair time < 12 hours',
  `U_W_AVG_Repair_Time` int(6) NOT NULL COMMENT 'Under Warranty Average repair time',
  `AVG_Repair_Time_12_h` int(6) NOT NULL COMMENT 'Avergae repair time < 12 hours - All',
  `AVG_Repair_Time_All` int(6) NOT NULL COMMENT 'Average repair time - All',
  `First_Time_Call` int(6) NOT NULL COMMENT 'First time Call',
  `Total_Repair_Calls_All` int(6) NOT NULL COMMENT 'Total repair calls All',
  `Up_Time` int(6) NOT NULL,
  `Doctors_Trained` int(6) NOT NULL,
  `Nurses_Trained` int(6) NOT NULL,
  `E_Learning_Course_Delivered` int(6) NOT NULL
) ENGINE=InnoDB DEFAULT CHARSET=latin1;

--
-- Dumping data for table `tbl_map_report`
--

INSERT INTO `tbl_map_report` (`Report_Id`, `Country_Id`, `City_Id`, `Device_Id`, `Installation_Base`, `Total_Installation_Base`, `U_W_AVG_Repair_Time_12_h`, `U_W_AVG_Repair_Time`, `AVG_Repair_Time_12_h`, `AVG_Repair_Time_All`, `First_Time_Call`, `Total_Repair_Calls_All`, `Up_Time`, `Doctors_Trained`, `Nurses_Trained`, `E_Learning_Course_Delivered`) VALUES
(1, 6, 72, 1, 1, 1, 0, 0, 0, 0, 0, 0, 8760, 0, 0, 0),
(2, 6, 73, 1, 3, 3, 0, 0, 8, 11, 8, 11, 8728, 0, 13, 6),
(3, 6, 74, 1, 16, 51, 7, 10, 17, 28, 19, 28, 8642, 0, 15, 14),
(4, 6, 75, 1, 3, 11, 6, 6, 12, 19, 12, 19, 8757, 3, 9, 8),
(5, 6, 73, 2, 1, 2, 0, 0, 6, 6, 6, 6, 8727, 0, 1, 0),
(6, 6, 74, 2, 7, 15, 1, 1, 4, 4, 4, 4, 8721, 1, 5, 10),
(7, 6, 75, 2, 1, 3, 0, 0, 3, 4, 3, 4, 8759, 3, 8, 0),
(8, 6, 96, 3, 0, 1, 0, 0, 0, 0, 0, 0, 0, 1, 0, 0),
(9, 6, 74, 3, 2, 5, 1, 1, 1, 2, 1, 2, 8754, 0, 4, 1),
(10, 6, 73, 5, 1, 1, 0, 0, 0, 0, 0, 0, 8760, 0, 0, 0),
(11, 6, 74, 5, 2, 12, 0, 0, 0, 0, 0, 0, 8760, 0, 1, 3),
(12, 6, 75, 5, 1, 3, 0, 0, 0, 0, 0, 0, 8760, 0, 0, 1),
(13, 6, 74, 9, 2, 11, 0, 0, 0, 0, 0, 0, 8760, 0, 0, 1),
(14, 6, 75, 9, 1, 7, 0, 0, 0, 0, 0, 0, 8760, 3, 9, 0),
(15, 6, 76, 9, 1, 1, 0, 0, 0, 0, 0, 0, 8760, 1, 7, 0),
(16, 6, 75, 8, 1, 1, 0, 0, 0, 0, 0, 0, 8760, 0, 0, 0),
(17, 6, 74, 7, 1, 17, 1, 1, 1, 1, 1, 1, 8743, 0, 0, 0),
(18, 6, 75, 7, 1, 1, 0, 0, 4, 4, 4, 4, 8758, 0, 0, 0),
(19, 7, 77, 1, 32, 62, 24, 25, 77, 85, 83, 85, 8601, 3, 16, 5),
(20, 7, 78, 1, 2, 4, 0, 0, 8, 9, 9, 9, 8757, 0, 0, 0),
(21, 7, 77, 2, 10, 16, 3, 3, 12, 14, 14, 14, 8754, 2, 4, 2),
(22, 7, 78, 2, 0, 0, 0, 0, 3, 3, 3, 3, 8726, 0, 0, 0),
(23, 7, 77, 3, 3, 3, 1, 2, 1, 2, 1, 2, 8755, 1, 0, 2),
(24, 7, 77, 4, 1, 2, 0, 0, 0, 0, 0, 0, 8760, 0, 0, 0),
(25, 7, 77, 5, 1, 2, 0, 0, 0, 0, 0, 0, 8760, 0, 0, 1),
(26, 7, 77, 9, 2, 2, 0, 0, 0, 0, 0, 0, 8760, 0, 0, 1),
(27, 7, 77, 7, 1, 1, 1, 1, 3, 3, 3, 3, 8755, 0, 0, 0),
(28, 1, 2, 1, 0, 13, 0, 0, 0, 0, 0, 0, 0, 7, 31, 10),
(29, 1, 3, 1, 0, 1, 0, 0, 0, 0, 0, 0, 0, 1, 5, 0),
(30, 1, 85, 1, 0, 0, 0, 0, 0, 0, 0, 0, 0, 1, 4, 1),
(31, 1, 1, 1, 0, 2, 0, 0, 0, 0, 0, 0, 0, 2, 6, 1),
(32, 1, 5, 1, 0, 11, 0, 0, 0, 0, 0, 0, 0, 4, 12, 3),
(33, 1, 6, 1, 0, 52, 0, 0, 0, 0, 0, 0, 0, 10, 71, 27),
(34, 1, 7, 1, 0, 3, 0, 0, 0, 0, 0, 0, 0, 0, 0, 2),
(35, 1, 8, 1, 0, 0, 0, 0, 0, 0, 0, 0, 0, 2, 1, 3),
(36, 1, 9, 1, 0, 5, 0, 0, 0, 0, 0, 0, 0, 1, 13, 2),
(37, 1, 10, 1, 0, 1, 0, 0, 0, 0, 0, 0, 0, 0, 1, 0),
(38, 1, 11, 1, 0, 4, 0, 0, 0, 0, 0, 0, 0, 1, 10, 0),
(39, 1, 12, 1, 0, 4, 0, 0, 0, 0, 0, 0, 0, 4, 10, 1),
(40, 1, 13, 1, 0, 3, 0, 0, 0, 0, 0, 0, 0, 1, 7, 2),
(41, 1, 14, 1, 0, 0, 0, 0, 0, 0, 0, 0, 0, 1, 0, 0),
(42, 1, 15, 1, 0, 7, 0, 0, 0, 0, 0, 0, 0, 8, 9, 6),
(43, 1, 16, 1, 0, 40, 0, 0, 0, 0, 0, 0, 0, 23, 79, 27),
(44, 1, 86, 1, 0, 1, 0, 0, 0, 0, 0, 0, 0, 3, 20, 0),
(45, 1, 19, 1, 0, 6, 0, 0, 0, 0, 0, 0, 0, 0, 8, 11),
(46, 1, 20, 1, 0, 23, 0, 0, 0, 0, 0, 0, 0, 23, 38, 8),
(47, 1, 21, 1, 0, 16, 0, 0, 0, 0, 0, 0, 0, 8, 50, 13),
(48, 1, 22, 1, 0, 174, 0, 0, 0, 0, 0, 0, 0, 56, 248, 127),
(49, 1, 23, 1, 0, 7, 0, 0, 0, 0, 0, 0, 0, 5, 9, 2),
(50, 1, 24, 1, 0, 5, 0, 0, 0, 0, 0, 0, 0, 4, 15, 3),
(51, 1, 80, 1, 0, 2, 0, 0, 0, 0, 0, 0, 0, 0, 4, 0),
(52, 1, 25, 1, 0, 23, 0, 0, 0, 0, 0, 0, 0, 16, 53, 16),
(53, 1, 26, 1, 0, 52, 0, 0, 0, 0, 0, 0, 0, 1, 0, 2),
(54, 1, 27, 1, 0, 6, 0, 0, 0, 0, 0, 0, 0, 1, 6, 0),
(55, 1, 28, 1, 0, 37, 0, 0, 0, 0, 0, 0, 0, 10, 20, 16),
(56, 1, 29, 1, 0, 18, 0, 0, 0, 0, 0, 0, 0, 7, 16, 7),
(57, 1, 30, 1, 0, 30, 0, 0, 0, 0, 0, 0, 0, 25, 118, 45),
(58, 1, 32, 1, 0, 7, 0, 0, 0, 0, 0, 0, 0, 1, 2, 0),
(59, 1, 34, 1, 0, 0, 0, 0, 0, 0, 0, 0, 0, 2, 6, 0),
(60, 1, 35, 1, 0, 1, 0, 0, 0, 0, 0, 0, 0, 1, 0, 0),
(61, 1, 36, 1, 0, 418, 0, 0, 0, 0, 0, 0, 0, 158, 1074, 184),
(62, 1, 37, 1, 0, 0, 0, 0, 0, 0, 0, 0, 0, 23, 0, 0),
(63, 1, 38, 1, 0, 8, 0, 0, 0, 0, 0, 0, 0, 1, 9, 0),
(64, 1, 39, 1, 0, 1, 0, 0, 0, 0, 0, 0, 0, 2, 4, 4),
(65, 1, 40, 1, 0, 10, 0, 0, 0, 0, 0, 0, 0, 1, 4, 10),
(66, 1, 41, 1, 0, 22, 0, 0, 0, 0, 0, 0, 0, 17, 31, 9),
(67, 1, 42, 1, 0, 0, 0, 0, 0, 0, 0, 0, 0, 2, 21, 0),
(68, 1, 43, 1, 0, 3, 0, 0, 0, 0, 0, 0, 0, 1, 0, 1),
(69, 1, 2, 2, 0, 6, 0, 0, 0, 0, 0, 0, 0, 4, 7, 1),
(70, 1, 3, 2, 0, 1, 0, 0, 0, 0, 0, 0, 0, 1, 6, 0),
(71, 1, 1, 2, 0, 1, 0, 0, 0, 0, 0, 0, 0, 0, 3, 0),
(72, 1, 6, 2, 0, 11, 0, 0, 0, 0, 0, 0, 0, 4, 21, 9),
(73, 1, 7, 2, 0, 1, 0, 0, 0, 0, 0, 0, 0, 0, 0, 2),
(74, 1, 8, 2, 0, 1, 0, 0, 0, 0, 0, 0, 0, 2, 0, 2),
(75, 1, 9, 2, 0, 1, 0, 0, 0, 0, 0, 0, 0, 0, 4, 4),
(76, 1, 11, 2, 0, 1, 0, 0, 0, 0, 0, 0, 0, 2, 0, 0),
(77, 1, 12, 2, 0, 0, 0, 0, 0, 0, 0, 0, 0, 2, 11, 3),
(78, 1, 13, 2, 0, 0, 0, 0, 0, 0, 0, 0, 0, 1, 1, 1),
(79, 1, 15, 2, 0, 4, 0, 0, 0, 0, 0, 0, 0, 4, 1, 6),
(80, 1, 16, 2, 0, 18, 0, 0, 0, 0, 0, 0, 0, 2, 12, 3),
(81, 1, 86, 2, 0, 3, 0, 0, 0, 0, 0, 0, 0, 0, 8, 4),
(82, 1, 19, 2, 0, 3, 0, 0, 0, 0, 0, 0, 0, 0, 0, 2),
(83, 1, 20, 2, 0, 11, 0, 0, 0, 0, 0, 0, 0, 8, 0, 2),
(84, 1, 21, 2, 0, 8, 0, 0, 0, 0, 0, 0, 0, 1, 3, 3),
(85, 1, 22, 2, 0, 72, 0, 0, 0, 0, 0, 0, 0, 11, 43, 23),
(86, 1, 23, 2, 0, 4, 0, 0, 0, 0, 0, 0, 0, 5, 3, 2),
(87, 1, 24, 2, 0, 1, 0, 0, 0, 0, 0, 0, 0, 3, 2, 3),
(88, 1, 25, 2, 0, 8, 0, 0, 0, 0, 0, 0, 0, 8, 19, 15),
(89, 1, 26, 2, 0, 18, 0, 0, 0, 0, 0, 0, 0, 3, 2, 7),
(90, 1, 27, 2, 0, 1, 0, 0, 0, 0, 0, 0, 0, 0, 0, 1),
(91, 1, 28, 2, 0, 12, 0, 0, 0, 0, 0, 0, 0, 3, 5, 5),
(92, 1, 30, 2, 0, 20, 0, 0, 0, 0, 0, 0, 0, 13, 42, 29),
(93, 1, 32, 2, 0, 2, 0, 0, 0, 0, 0, 0, 0, 2, 4, 0),
(94, 1, 34, 2, 0, 0, 0, 0, 0, 0, 0, 0, 0, 1, 6, 0),
(95, 1, 36, 2, 0, 174, 0, 0, 0, 0, 0, 0, 0, 91, 255, 75),
(96, 1, 37, 2, 0, 3, 0, 0, 0, 0, 0, 0, 0, 7, 0, 0),
(97, 1, 39, 2, 0, 0, 0, 0, 0, 0, 0, 0, 0, 3, 8, 5),
(98, 1, 41, 2, 0, 8, 0, 0, 0, 0, 0, 0, 0, 9, 6, 8),
(99, 1, 42, 2, 0, 0, 0, 0, 0, 0, 0, 0, 0, 2, 12, 0),
(100, 1, 31, 3, 0, 0, 0, 0, 0, 0, 0, 0, 0, 1, 0, 0),
(101, 1, 5, 3, 0, 4, 0, 0, 0, 0, 0, 0, 0, 3, 0, 1),
(102, 1, 6, 3, 0, 7, 0, 0, 0, 0, 0, 0, 0, 4, 0, 2),
(103, 1, 15, 3, 0, 1, 0, 0, 0, 0, 0, 0, 0, 1, 0, 0),
(104, 1, 16, 3, 0, 7, 0, 0, 0, 0, 0, 0, 0, 4, 0, 0),
(105, 1, 20, 3, 0, 4, 0, 0, 0, 0, 0, 0, 0, 7, 0, 0),
(106, 1, 21, 3, 0, 0, 0, 0, 0, 0, 0, 0, 0, 4, 0, 0),
(107, 1, 22, 3, 0, 41, 0, 0, 0, 0, 0, 0, 0, 2, 1, 3),
(108, 1, 25, 3, 0, 2, 0, 0, 0, 0, 0, 0, 0, 3, 0, 2),
(109, 1, 28, 3, 0, 14, 0, 0, 0, 0, 0, 0, 0, 7, 1, 3),
(110, 1, 30, 3, 0, 5, 0, 0, 0, 0, 0, 0, 0, 9, 0, 1),
(111, 1, 36, 3, 0, 78, 0, 0, 0, 0, 0, 0, 0, 30, 23, 10),
(112, 1, 37, 3, 0, 6, 0, 0, 0, 0, 0, 0, 0, 8, 0, 0),
(113, 1, 40, 3, 0, 3, 0, 0, 0, 0, 0, 0, 0, 1, 0, 0),
(114, 1, 41, 3, 0, 2, 0, 0, 0, 0, 0, 0, 0, 1, 0, 0),
(115, 1, 42, 3, 0, 0, 0, 0, 0, 0, 0, 0, 0, 1, 1, 2),
(116, 1, 43, 3, 0, 1, 0, 0, 0, 0, 0, 0, 0, 4, 0, 0),
(117, 1, 2, 4, 0, 6, 0, 0, 0, 0, 0, 0, 0, 2, 0, 0),
(118, 1, 6, 4, 0, 8, 0, 0, 0, 0, 0, 0, 0, 2, 0, 12),
(119, 1, 13, 4, 0, 0, 0, 0, 0, 0, 0, 0, 0, 1, 1, 0),
(120, 1, 16, 4, 0, 8, 0, 0, 0, 0, 0, 0, 0, 1, 0, 2),
(121, 1, 86, 4, 0, 0, 0, 0, 0, 0, 0, 0, 0, 6, 0, 8),
(122, 1, 20, 4, 0, 1, 0, 0, 0, 0, 0, 0, 0, 9, 0, 2),
(123, 1, 21, 4, 0, 3, 0, 0, 0, 0, 0, 0, 0, 1, 0, 0),
(124, 1, 22, 4, 0, 35, 0, 0, 0, 0, 0, 0, 0, 5, 5, 10),
(125, 1, 24, 4, 0, 1, 0, 0, 0, 0, 0, 0, 0, 2, 0, 4),
(126, 1, 25, 4, 0, 5, 0, 0, 0, 0, 0, 0, 0, 2, 0, 2),
(127, 1, 26, 4, 0, 3, 0, 0, 0, 0, 0, 0, 0, 3, 2, 8),
(128, 1, 28, 4, 0, 5, 0, 0, 0, 0, 0, 0, 0, 0, 0, 2),
(129, 1, 30, 4, 0, 12, 0, 0, 0, 0, 0, 0, 0, 10, 0, 8),
(130, 1, 36, 4, 0, 90, 0, 0, 0, 0, 0, 0, 0, 49, 12, 20),
(131, 1, 39, 4, 0, 1, 0, 0, 0, 0, 0, 0, 0, 1, 0, 6),
(132, 1, 41, 4, 0, 2, 0, 0, 0, 0, 0, 0, 0, 6, 4, 0),
(133, 1, 2, 5, 0, 0, 0, 0, 0, 0, 0, 0, 0, 0, 1, 0),
(134, 1, 6, 5, 0, 13, 0, 0, 0, 0, 0, 0, 0, 6, 10, 8),
(135, 1, 9, 5, 0, 1, 0, 0, 0, 0, 0, 0, 0, 0, 0, 8),
(136, 1, 15, 5, 0, 1, 0, 0, 0, 0, 0, 0, 0, 1, 0, 0),
(137, 1, 16, 5, 0, 13, 0, 0, 0, 0, 0, 0, 0, 5, 0, 4),
(138, 1, 19, 5, 0, 2, 0, 0, 0, 0, 0, 0, 0, 1, 0, 0),
(139, 1, 21, 5, 0, 6, 0, 0, 0, 0, 0, 0, 0, 2, 9, 4),
(140, 1, 22, 5, 0, 75, 0, 0, 0, 0, 0, 0, 0, 14, 11, 6),
(141, 1, 23, 5, 0, 2, 0, 0, 0, 0, 0, 0, 0, 2, 2, 0),
(142, 1, 24, 5, 0, 0, 0, 0, 0, 0, 0, 0, 0, 0, 0, 5),
(143, 1, 25, 5, 0, 6, 0, 0, 0, 0, 0, 0, 0, 5, 0, 1),
(144, 1, 28, 5, 0, 8, 0, 0, 0, 0, 0, 0, 0, 4, 0, 0),
(145, 1, 36, 5, 0, 55, 0, 0, 0, 0, 0, 0, 0, 11, 0, 2),
(146, 1, 37, 5, 0, 1, 0, 0, 0, 0, 0, 0, 0, 8, 3, 0),
(147, 1, 41, 5, 0, 5, 0, 0, 0, 0, 0, 0, 0, 1, 0, 1),
(148, 1, 6, 9, 0, 1, 0, 0, 0, 0, 0, 0, 0, 15, 9, 12),
(149, 1, 11, 9, 0, 0, 0, 0, 0, 0, 0, 0, 0, 3, 0, 0),
(150, 1, 12, 9, 0, 1, 0, 0, 0, 0, 0, 0, 0, 1, 1, 0),
(151, 1, 16, 9, 0, 4, 0, 0, 0, 0, 0, 0, 0, 6, 5, 9),
(152, 1, 19, 9, 0, 0, 0, 0, 0, 0, 0, 0, 0, 1, 0, 1),
(153, 1, 20, 9, 0, 0, 0, 0, 0, 0, 0, 0, 0, 4, 6, 0),
(154, 1, 22, 9, 0, 30, 0, 0, 0, 0, 0, 0, 0, 19, 16, 4),
(155, 1, 25, 9, 0, 1, 0, 0, 0, 0, 0, 0, 0, 4, 0, 0),
(156, 1, 28, 9, 0, 2, 0, 0, 0, 0, 0, 0, 0, 5, 1, 1),
(157, 1, 30, 9, 0, 2, 0, 0, 0, 0, 0, 0, 0, 10, 1, 2),
(158, 1, 36, 9, 0, 26, 0, 0, 0, 0, 0, 0, 0, 26, 0, 14),
(159, 1, 37, 9, 0, 0, 0, 0, 0, 0, 0, 0, 0, 8, 2, 0),
(160, 1, 41, 9, 0, 0, 0, 0, 0, 0, 0, 0, 0, 1, 1, 3),
(161, 1, 13, 7, 0, 0, 0, 0, 0, 0, 0, 0, 0, 1, 1, 0),
(162, 1, 20, 7, 0, 4, 0, 0, 0, 0, 0, 0, 0, 4, 8, 0),
(163, 1, 21, 7, 0, 6, 0, 0, 0, 0, 0, 0, 0, 2, 6, 0),
(164, 1, 22, 7, 0, 132, 0, 0, 0, 0, 0, 0, 0, 2, 0, 0),
(165, 1, 25, 7, 0, 8, 0, 0, 0, 0, 0, 0, 0, 1, 1, 0),
(166, 1, 30, 7, 0, 18, 0, 0, 0, 0, 0, 0, 0, 0, 3, 2),
(167, 1, 36, 7, 0, 186, 0, 0, 0, 0, 0, 0, 0, 6, 15, 0),
(168, 1, 37, 7, 0, 1, 0, 0, 0, 0, 0, 0, 0, 8, 0, 0),
(169, 1, 71, 7, 0, 0, 0, 0, 0, 0, 0, 0, 0, 1, 0, 0),
(170, 1, 41, 7, 0, 4, 0, 0, 0, 0, 0, 0, 0, 4, 13, 0),
(171, 1, 42, 7, 0, 0, 0, 0, 0, 0, 0, 0, 0, 1, 1, 0),
(172, 1, 36, 10, 0, 9, 0, 0, 0, 0, 0, 0, 0, 2, 0, 0),
(173, 3, 52, 2, 3, 6, 1, 1, 3, 3, 3, 3, 8751, 1, 0, 0),
(174, 3, 53, 2, 4, 10, 0, 0, 3, 3, 3, 3, 8755, 1, 9, 0),
(175, 3, 57, 2, 1, 5, 0, 0, 1, 1, 1, 1, 8759, 2, 3, 2),
(176, 3, 60, 2, 12, 32, 0, 0, 8, 8, 8, 8, 8754, 4, 4, 0),
(177, 3, 62, 2, 45, 145, 2, 2, 21, 22, 22, 22, 8759, 28, 26, 13),
(178, 3, 63, 2, 1, 3, 0, 0, 1, 1, 1, 1, 8758, 3, 3, 1),
(179, 3, 64, 2, 3, 12, 0, 0, 2, 2, 2, 2, 8759, 4, 9, 0),
(180, 3, 65, 2, 24, 71, 7, 7, 20, 20, 20, 20, 8754, 7, 25, 6),
(181, 3, 66, 2, 1, 1, 0, 0, 0, 0, 0, 0, 8760, 1, 2, 3),
(182, 3, 54, 3, 1, 1, 0, 0, 0, 0, 0, 0, 8760, 1, 0, 0),
(183, 3, 53, 3, 2, 2, 0, 0, 0, 0, 0, 0, 8760, 0, 0, 0),
(184, 3, 57, 3, 2, 4, 0, 0, 1, 1, 1, 1, 8760, 1, 1, 0),
(185, 3, 58, 3, 5, 5, 0, 0, 0, 0, 0, 0, 8760, 1, 2, 0),
(186, 3, 60, 3, 7, 11, 3, 3, 3, 3, 3, 3, 8760, 2, 0, 1),
(187, 3, 61, 3, 1, 1, 0, 0, 0, 0, 0, 0, 8760, 0, 0, 0),
(188, 3, 62, 3, 20, 27, 0, 0, 13, 13, 13, 13, 8758, 13, 8, 1),
(189, 3, 63, 3, 1, 1, 1, 1, 1, 1, 1, 1, 8760, 0, 0, 0),
(190, 3, 64, 3, 1, 1, 0, 0, 4, 4, 4, 4, 8743, 0, 0, 0),
(191, 3, 65, 3, 6, 11, 0, 0, 5, 5, 5, 5, 8751, 4, 0, 0),
(192, 3, 52, 4, 1, 2, 0, 0, 0, 0, 0, 0, 8760, 1, 0, 0),
(193, 3, 55, 4, 1, 1, 0, 0, 0, 0, 0, 0, 8760, 0, 0, 0),
(194, 3, 58, 4, 1, 1, 0, 0, 0, 0, 0, 0, 8760, 1, 0, 0),
(195, 3, 60, 4, 1, 1, 0, 0, 8, 9, 8, 9, 8759, 3, 0, 2),
(196, 3, 61, 4, 1, 1, 0, 0, 0, 0, 0, 0, 8760, 0, 0, 0),
(197, 3, 62, 4, 7, 13, 0, 0, 0, 0, 0, 0, 8760, 11, 4, 8),
(198, 3, 65, 4, 7, 8, 0, 0, 0, 0, 0, 0, 8760, 4, 0, 0),
(199, 3, 52, 5, 2, 5, 3, 3, 3, 3, 3, 3, 8758, 4, 0, 0),
(200, 3, 55, 5, 1, 1, 0, 0, 0, 0, 0, 0, 8760, 0, 0, 0),
(201, 3, 57, 5, 1, 1, 0, 0, 1, 1, 1, 1, 8743, 1, 6, 0),
(202, 3, 60, 5, 3, 10, 0, 0, 0, 0, 0, 0, 8760, 3, 3, 0),
(203, 3, 62, 5, 14, 45, 2, 2, 2, 2, 2, 2, 8759, 9, 15, 3),
(204, 3, 65, 5, 1, 17, 0, 0, 1, 1, 1, 1, 8760, 2, 2, 0),
(205, 3, 52, 6, 1, 22, 1, 1, 1, 1, 1, 1, 8739, 0, 0, 0),
(206, 3, 53, 6, 9, 28, 9, 9, 46, 49, 48, 49, 8712, 3, 12, 0),
(207, 3, 55, 6, 1, 4, 0, 0, 0, 0, 0, 0, 8760, 0, 0, 0),
(208, 3, 57, 6, 1, 6, 0, 0, 9, 10, 10, 10, 8754, 0, 1, 0),
(209, 3, 60, 6, 10, 81, 10, 10, 25, 26, 26, 26, 8754, 5, 18, 0),
(210, 3, 61, 6, 1, 9, 0, 0, 0, 0, 0, 0, 8760, 0, 0, 0),
(211, 3, 62, 6, 33, 288, 27, 28, 122, 123, 122, 123, 8751, 8, 26, 1),
(212, 3, 63, 6, 2, 6, 0, 0, 16, 16, 16, 16, 8755, 1, 3, 0),
(213, 3, 64, 6, 1, 15, 0, 0, 2, 2, 2, 2, 8754, 0, 0, 0),
(214, 3, 65, 6, 31, 164, 47, 47, 100, 102, 99, 102, 8751, 5, 11, 0),
(215, 3, 54, 9, 1, 2, 0, 0, 0, 0, 0, 0, 8760, 1, 0, 0),
(216, 3, 53, 9, 3, 4, 0, 0, 0, 0, 0, 0, 8760, 2, 0, 0),
(217, 3, 57, 9, 2, 4, 0, 0, 0, 0, 0, 0, 8760, 1, 1, 0),
(218, 3, 58, 9, 2, 3, 0, 0, 0, 0, 0, 0, 8760, 0, 0, 0),
(219, 3, 60, 9, 11, 14, 1, 1, 1, 1, 1, 1, 8753, 0, 0, 0),
(220, 3, 62, 9, 19, 37, 7, 7, 7, 7, 7, 7, 8751, 5, 1, 4),
(221, 3, 64, 9, 1, 2, 0, 0, 0, 0, 0, 0, 8760, 1, 0, 0),
(222, 3, 65, 9, 7, 17, 0, 0, 0, 0, 0, 0, 8760, 3, 0, 1),
(223, 3, 60, 8, 3, 3, 0, 0, 0, 0, 0, 0, 8760, 0, 0, 0),
(224, 3, 62, 8, 1, 1, 0, 1, 0, 1, 0, 1, 8747, 0, 0, 0),
(225, 3, 60, 7, 1, 7, 1, 1, 2, 2, 2, 2, 8759, 0, 0, 0),
(226, 3, 62, 7, 3, 32, 3, 3, 6, 6, 6, 6, 8753, 2, 0, 0),
(227, 3, 65, 7, 1, 15, 3, 3, 3, 3, 3, 3, 8748, 0, 0, 0),
(228, 3, 53, 10, 2, 3, 0, 0, 0, 0, 0, 0, 8760, 0, 7, 0),
(229, 3, 57, 10, 1, 1, 3, 3, 3, 3, 3, 3, 8747, 0, 0, 0),
(230, 3, 62, 10, 2, 9, 0, 0, 0, 0, 0, 0, 8760, 0, 2, 0),
(231, 3, 65, 10, 2, 4, 0, 0, 0, 0, 0, 0, 8760, 0, 16, 0),
(232, 5, 69, 1, 21, 84, 13, 13, 20, 21, 20, 21, 8750, 5, 50, 53),
(233, 5, 99, 1, 0, 10, 0, 0, 0, 0, 0, 0, 0, 1, 0, 0),
(234, 5, 71, 1, 3, 12, 8, 9, 11, 12, 12, 12, 8751, 2, 8, 7),
(235, 5, 98, 1, 0, 4, 0, 0, 0, 0, 0, 0, 0, 0, 3, 2),
(236, 5, 68, 2, 1, 1, 2, 2, 2, 2, 2, 2, 8753, 2, 2, 9),
(237, 5, 69, 2, 13, 27, 6, 6, 8, 8, 8, 8, 8759, 11, 17, 20),
(238, 5, 87, 2, 1, 1, 0, 0, 0, 0, 0, 0, 8760, 2, 0, 2),
(239, 5, 99, 2, 0, 5, 0, 0, 0, 0, 0, 0, 0, 2, 3, 1),
(240, 5, 71, 2, 1, 2, 0, 0, 3, 3, 3, 3, 8755, 2, 8, 6),
(241, 5, 98, 2, 0, 1, 0, 0, 0, 0, 0, 0, 0, 1, 0, 0),
(242, 5, 69, 3, 3, 13, 1, 1, 1, 1, 1, 1, 8759, 10, 0, 10),
(243, 5, 71, 3, 1, 2, 0, 0, 0, 0, 0, 0, 8760, 0, 0, 0),
(244, 5, 69, 5, 2, 20, 1, 1, 1, 1, 1, 1, 8760, 1, 0, 1),
(245, 5, 69, 9, 7, 14, 6, 6, 6, 6, 6, 6, 8759, 5, 0, 4),
(246, 5, 99, 9, 0, 3, 0, 0, 0, 0, 0, 0, 0, 1, 0, 0),
(247, 5, 71, 9, 1, 3, 0, 0, 0, 0, 0, 0, 8760, 1, 0, 1),
(248, 5, 69, 7, 2, 11, 2, 2, 2, 2, 2, 2, 8733, 0, 0, 0),
(249, 5, 69, 10, 2, 2, 0, 0, 0, 0, 0, 0, 8760, 1, 1, 0),
(250, 4, 67, 1, 175, 231, 83, 90, 377, 395, 380, 395, 8748, 67, 281, 111),
(251, 4, 84, 1, 1, 1, 0, 0, 1, 1, 1, 1, 8748, 0, 0, 2),
(252, 4, 67, 2, 59, 70, 5, 5, 63, 65, 63, 65, 8753, 93, 196, 61),
(253, 4, 84, 2, 1, 1, 0, 1, 2, 3, 2, 3, 8726, 1, 0, 4),
(254, 4, 67, 3, 24, 37, 0, 0, 10, 10, 10, 10, 8755, 57, 8, 18),
(255, 4, 84, 3, 0, 0, 0, 0, 0, 0, 0, 0, 0, 1, 0, 0),
(256, 4, 67, 4, 10, 15, 0, 0, 0, 0, 0, 0, 8760, 13, 0, 10),
(257, 4, 67, 5, 12, 19, 0, 0, 2, 2, 2, 2, 8758, 25, 0, 7),
(258, 4, 84, 5, 1, 1, 0, 0, 0, 0, 0, 0, 8760, 1, 0, 4),
(259, 4, 67, 9, 12, 26, 2, 3, 3, 4, 4, 4, 8749, 45, 9, 18),
(260, 4, 67, 7, 4, 12, 15, 15, 17, 17, 17, 17, 8751, 6, 26, 0),
(261, 4, 67, 10, 1, 1, 0, 0, 0, 0, 0, 0, 8760, 0, 0, 0),
(262, 1, 2, 1, 55, 68, 64, 66, 146, 157, 151, 157, 8702, 0, 0, 0),
(263, 1, 3, 1, 2, 3, 0, 0, 0, 0, 0, 0, 8760, 0, 0, 0),
(264, 1, 31, 1, 2, 4, 1, 1, 1, 1, 1, 1, 8754, 0, 0, 0),
(265, 1, 85, 1, 2, 2, 0, 1, 0, 1, 1, 1, 8505, 0, 0, 0),
(266, 1, 1, 1, 7, 9, 0, 0, 12, 15, 14, 15, 8755, 0, 0, 0),
(267, 1, 5, 1, 7, 18, 6, 6, 17, 17, 17, 17, 8756, 0, 0, 0),
(268, 1, 6, 1, 69, 121, 66, 70, 95, 99, 96, 99, 8727, 0, 0, 0),
(269, 1, 7, 1, 1, 4, 0, 0, 0, 0, 0, 0, 8760, 0, 0, 0),
(270, 1, 8, 1, 6, 6, 0, 0, 5, 5, 5, 5, 8688, 0, 0, 0),
(271, 1, 9, 1, 10, 15, 19, 20, 23, 24, 23, 24, 8743, 0, 0, 0),
(272, 1, 10, 1, 1, 2, 3, 3, 3, 4, 4, 4, 8307, 0, 0, 0),
(273, 1, 11, 1, 6, 10, 3, 5, 4, 7, 6, 7, 8721, 0, 0, 0),
(274, 1, 12, 1, 4, 8, 0, 0, 15, 22, 20, 22, 8629, 0, 0, 0),
(275, 1, 13, 1, 3, 6, 5, 6, 5, 6, 6, 6, 8700, 0, 0, 0),
(276, 1, 14, 1, 2, 2, 0, 0, 3, 5, 5, 5, 8002, 0, 0, 0),
(277, 1, 15, 1, 15, 22, 12, 17, 15, 24, 21, 24, 8661, 0, 0, 0),
(278, 1, 16, 1, 103, 143, 38, 38, 97, 102, 100, 102, 8673, 0, 0, 0),
(279, 1, 17, 1, 1, 4, 0, 0, 0, 0, 0, 0, 8760, 0, 0, 0),
(280, 1, 86, 1, 7, 8, 0, 0, 12, 12, 12, 12, 8756, 0, 0, 0),
(281, 1, 19, 1, 13, 19, 16, 28, 16, 28, 28, 28, 8743, 0, 0, 0),
(282, 1, 20, 1, 38, 61, 38, 43, 66, 78, 72, 78, 8676, 0, 0, 0),
(283, 1, 21, 1, 51, 67, 12, 14, 62, 71, 71, 71, 8696, 0, 0, 0),
(284, 1, 22, 1, 212, 386, 144, 180, 430, 565, 479, 565, 8706, 0, 0, 0),
(285, 1, 23, 1, 13, 20, 8, 9, 21, 26, 23, 26, 8660, 0, 0, 0),
(286, 1, 24, 1, 5, 10, 15, 16, 15, 16, 15, 16, 8757, 0, 0, 0),
(287, 1, 80, 1, 7, 9, 0, 1, 0, 1, 1, 1, 8341, 0, 0, 0),
(288, 1, 25, 1, 43, 66, 73, 76, 104, 108, 107, 108, 8738, 0, 0, 0),
(289, 1, 26, 1, 21, 73, 6, 11, 18, 33, 23, 33, 8687, 0, 0, 0),
(290, 1, 27, 1, 4, 10, 0, 1, 1, 3, 2, 3, 8747, 0, 0, 0),
(291, 1, 28, 1, 38, 75, 21, 34, 47, 70, 64, 70, 8656, 0, 0, 0),
(292, 1, 29, 1, 19, 37, 12, 16, 19, 25, 24, 25, 8682, 0, 0, 0),
(293, 1, 30, 1, 87, 117, 41, 44, 144, 182, 148, 182, 8657, 0, 0, 0),
(294, 1, 32, 1, 4, 11, 1, 1, 4, 5, 5, 5, 8754, 0, 0, 0),
(295, 1, 33, 1, 1, 3, 3, 3, 3, 3, 3, 3, 8723, 0, 0, 0),
(296, 1, 34, 1, 1, 1, 2, 4, 2, 4, 4, 4, 8519, 0, 0, 0),
(297, 1, 35, 1, 3, 4, 0, 0, 1, 1, 1, 1, 8760, 0, 0, 0),
(298, 1, 36, 1, 814, 1232, 371, 421, 833, 978, 843, 978, 8705, 0, 0, 0),
(299, 1, 37, 1, 12, 12, 21, 24, 30, 34, 34, 34, 8710, 0, 0, 0),
(300, 1, 106, 1, 1, 1, 0, 0, 0, 0, 0, 0, 8760, 0, 0, 0),
(301, 1, 38, 1, 8, 16, 7, 11, 7, 11, 10, 11, 8627, 0, 0, 0),
(302, 1, 39, 1, 1, 2, 2, 2, 2, 2, 2, 2, 8754, 0, 0, 0),
(303, 1, 40, 1, 17, 27, 19, 40, 24, 53, 41, 53, 8648, 0, 0, 0),
(304, 1, 41, 1, 31, 53, 34, 56, 52, 90, 77, 90, 8726, 0, 0, 0),
(305, 1, 42, 1, 3, 3, 3, 8, 4, 9, 6, 9, 8755, 0, 0, 0),
(306, 1, 43, 1, 6, 9, 6, 10, 6, 14, 11, 14, 8675, 0, 0, 0),
(307, 1, 2, 2, 17, 23, 6, 6, 10, 16, 13, 16, 8750, 0, 0, 0),
(308, 1, 3, 2, 2, 3, 0, 0, 0, 0, 0, 0, 8760, 0, 0, 0),
(309, 1, 85, 2, 1, 2, 1, 1, 1, 1, 1, 1, 8655, 0, 0, 0),
(310, 1, 1, 2, 1, 2, 0, 0, 0, 0, 0, 0, 8760, 0, 0, 0),
(311, 1, 6, 2, 16, 27, 5, 6, 5, 7, 5, 7, 8751, 0, 0, 0),
(312, 1, 7, 2, 1, 2, 0, 0, 0, 0, 0, 0, 8760, 0, 0, 0),
(313, 1, 8, 2, 2, 3, 0, 0, 0, 0, 0, 0, 8760, 0, 0, 0),
(314, 1, 9, 2, 1, 2, 0, 0, 0, 0, 0, 0, 8760, 0, 0, 0),
(315, 1, 11, 2, 3, 4, 1, 1, 1, 1, 1, 1, 8758, 0, 0, 0),
(316, 1, 12, 2, 2, 2, 0, 0, 3, 5, 3, 5, 8330, 0, 0, 0),
(317, 1, 13, 2, 3, 3, 0, 0, 0, 0, 0, 0, 8760, 0, 0, 0),
(318, 1, 14, 2, 1, 1, 0, 0, 0, 1, 1, 1, 8759, 0, 0, 0),
(319, 1, 15, 2, 4, 8, 2, 2, 3, 5, 4, 5, 8408, 0, 0, 0),
(320, 1, 16, 2, 33, 51, 2, 4, 7, 9, 9, 9, 8742, 0, 0, 0),
(321, 1, 86, 2, 3, 6, 0, 0, 0, 0, 0, 0, 8760, 0, 0, 0),
(322, 1, 19, 2, 4, 7, 1, 1, 1, 1, 1, 1, 8709, 0, 0, 0),
(323, 1, 20, 2, 13, 24, 2, 4, 8, 14, 11, 14, 8753, 0, 0, 0),
(324, 1, 21, 2, 11, 19, 1, 2, 6, 8, 7, 8, 8705, 0, 0, 0),
(325, 1, 22, 2, 49, 121, 41, 56, 90, 128, 102, 128, 8627, 0, 0, 0),
(326, 1, 23, 2, 5, 9, 3, 4, 3, 4, 4, 4, 8735, 0, 0, 0),
(327, 1, 24, 2, 1, 2, 0, 0, 0, 0, 0, 0, 8760, 0, 0, 0),
(328, 1, 25, 2, 12, 20, 8, 8, 8, 8, 8, 8, 8742, 0, 0, 0),
(329, 1, 26, 2, 7, 25, 0, 1, 0, 1, 1, 1, 8604, 0, 0, 0),
(330, 1, 27, 2, 2, 3, 0, 2, 2, 5, 4, 5, 8697, 0, 0, 0),
(331, 1, 28, 2, 18, 30, 9, 15, 15, 26, 20, 26, 8673, 0, 0, 0),
(332, 1, 29, 2, 10, 18, 0, 0, 0, 0, 0, 0, 8760, 0, 0, 0),
(333, 1, 30, 2, 21, 41, 15, 18, 19, 30, 20, 30, 8724, 0, 0, 0),
(334, 1, 32, 2, 2, 4, 2, 3, 2, 3, 3, 3, 8755, 0, 0, 0),
(335, 1, 34, 2, 1, 1, 1, 1, 1, 1, 1, 1, 8168, 0, 0, 0),
(336, 1, 35, 2, 1, 1, 0, 0, 1, 1, 1, 1, 8738, 0, 0, 0),
(337, 1, 36, 2, 182, 356, 72, 82, 167, 227, 172, 227, 8698, 0, 0, 0),
(338, 1, 37, 2, 4, 7, 0, 0, 0, 0, 0, 0, 8760, 0, 0, 0),
(339, 1, 106, 2, 1, 1, 1, 1, 1, 1, 1, 1, 8760, 0, 0, 0),
(340, 1, 39, 2, 1, 1, 1, 1, 1, 1, 1, 1, 8759, 0, 0, 0),
(341, 1, 40, 2, 5, 10, 0, 0, 3, 5, 3, 5, 8690, 0, 0, 0),
(342, 1, 41, 2, 10, 18, 7, 9, 13, 22, 15, 22, 8668, 0, 0, 0),
(343, 1, 42, 2, 1, 1, 0, 0, 0, 0, 0, 0, 8760, 0, 0, 0),
(344, 1, 43, 2, 4, 7, 1, 2, 1, 2, 2, 2, 8758, 0, 0, 0),
(345, 1, 31, 3, 1, 1, 0, 0, 0, 0, 0, 0, 8760, 0, 0, 0),
(346, 1, 85, 3, 1, 1, 0, 0, 0, 0, 0, 0, 8760, 0, 0, 0),
(347, 1, 5, 3, 1, 5, 0, 0, 0, 0, 0, 0, 8760, 0, 0, 0),
(348, 1, 6, 3, 3, 10, 0, 0, 0, 0, 0, 0, 8760, 0, 0, 0),
(349, 1, 12, 3, 1, 1, 0, 0, 0, 0, 0, 0, 8760, 0, 0, 0),
(350, 1, 13, 3, 1, 1, 0, 0, 0, 0, 0, 0, 8760, 0, 0, 0),
(351, 1, 15, 3, 1, 2, 1, 1, 1, 1, 1, 1, 8747, 0, 0, 0),
(352, 1, 16, 3, 7, 14, 1, 1, 2, 2, 2, 2, 8687, 0, 0, 0),
(353, 1, 20, 3, 3, 7, 0, 0, 0, 0, 0, 0, 8760, 0, 0, 0),
(354, 1, 21, 3, 3, 3, 0, 0, 0, 0, 0, 0, 8760, 0, 0, 0),
(355, 1, 22, 3, 11, 52, 5, 6, 6, 7, 6, 7, 8743, 0, 0, 0),
(356, 1, 23, 3, 1, 6, 0, 0, 0, 0, 0, 0, 8760, 0, 0, 0),
(357, 1, 25, 3, 5, 7, 2, 3, 2, 3, 2, 3, 8714, 0, 0, 0),
(358, 1, 28, 3, 2, 16, 0, 0, 0, 0, 0, 0, 8760, 0, 0, 0),
(359, 1, 29, 3, 1, 4, 0, 0, 0, 0, 0, 0, 8760, 0, 0, 0),
(360, 1, 30, 3, 6, 11, 0, 0, 0, 0, 0, 0, 8760, 0, 0, 0),
(361, 1, 32, 3, 1, 3, 0, 0, 0, 0, 0, 0, 8760, 0, 0, 0),
(362, 1, 35, 3, 1, 2, 0, 0, 0, 0, 0, 0, 8760, 0, 0, 0),
(363, 1, 36, 3, 38, 116, 5, 8, 8, 12, 8, 12, 8737, 0, 0, 0),
(364, 1, 37, 3, 1, 7, 0, 0, 0, 0, 0, 0, 8760, 0, 0, 0),
(365, 1, 40, 3, 5, 8, 0, 0, 0, 4, 1, 4, 8747, 0, 0, 0),
(366, 1, 41, 3, 2, 4, 0, 0, 1, 1, 1, 1, 8721, 0, 0, 0),
(367, 1, 42, 3, 1, 1, 0, 0, 0, 0, 0, 0, 8760, 0, 0, 0),
(368, 1, 43, 3, 3, 4, 0, 0, 0, 0, 0, 0, 8760, 0, 0, 0),
(369, 1, 2, 4, 3, 9, 0, 0, 0, 0, 0, 0, 8760, 0, 0, 0),
(370, 1, 1, 4, 1, 1, 0, 0, 0, 0, 0, 0, 8760, 0, 0, 0),
(371, 1, 5, 4, 1, 2, 0, 0, 0, 0, 0, 0, 8760, 0, 0, 0),
(372, 1, 6, 4, 9, 17, 0, 0, 4, 4, 4, 4, 8693, 0, 0, 0),
(373, 1, 11, 4, 1, 2, 0, 0, 0, 0, 0, 0, 8760, 0, 0, 0),
(374, 1, 13, 4, 2, 2, 0, 0, 0, 0, 0, 0, 8760, 0, 0, 0),
(375, 1, 16, 4, 2, 10, 1, 2, 1, 2, 2, 2, 8750, 0, 0, 0),
(376, 1, 86, 4, 1, 1, 0, 0, 0, 0, 0, 0, 8760, 0, 0, 0),
(377, 1, 20, 4, 6, 7, 1, 1, 1, 1, 1, 1, 8755, 0, 0, 0),
(378, 1, 21, 4, 2, 5, 0, 0, 0, 0, 0, 0, 8760, 0, 0, 0),
(379, 1, 22, 4, 19, 54, 1, 2, 6, 10, 7, 10, 8570, 0, 0, 0),
(380, 1, 23, 4, 4, 6, 0, 1, 2, 3, 2, 3, 8685, 0, 0, 0),
(381, 1, 24, 4, 1, 2, 0, 0, 0, 0, 0, 0, 8760, 0, 0, 0),
(382, 1, 25, 4, 4, 9, 0, 0, 0, 0, 0, 0, 8760, 0, 0, 0),
(383, 1, 26, 4, 1, 4, 0, 0, 0, 0, 0, 0, 8760, 0, 0, 0),
(384, 1, 27, 4, 2, 2, 0, 0, 0, 0, 0, 0, 8760, 0, 0, 0),
(385, 1, 28, 4, 6, 11, 2, 2, 2, 6, 3, 6, 8742, 0, 0, 0),
(386, 1, 29, 4, 5, 8, 1, 1, 1, 1, 1, 1, 8758, 0, 0, 0),
(387, 1, 30, 4, 10, 22, 1, 2, 2, 3, 3, 3, 8758, 0, 0, 0),
(388, 1, 32, 4, 1, 2, 0, 0, 0, 0, 0, 0, 8760, 0, 0, 0),
(389, 1, 36, 4, 77, 167, 8, 9, 11, 15, 11, 15, 8724, 0, 0, 0),
(390, 1, 39, 4, 1, 2, 0, 0, 0, 0, 0, 0, 8760, 0, 0, 0),
(391, 1, 40, 4, 3, 5, 0, 0, 1, 1, 1, 1, 8727, 0, 0, 0),
(392, 1, 41, 4, 6, 8, 3, 4, 3, 4, 3, 4, 8756, 0, 0, 0),
(393, 1, 43, 4, 1, 4, 0, 0, 0, 0, 0, 0, 8760, 0, 0, 0),
(394, 1, 2, 5, 6, 6, 0, 0, 0, 0, 0, 0, 8760, 0, 0, 0),
(395, 1, 6, 5, 4, 17, 0, 0, 0, 0, 0, 0, 8760, 0, 0, 0),
(396, 1, 15, 5, 4, 5, 2, 2, 2, 2, 2, 2, 8736, 0, 0, 0),
(397, 1, 16, 5, 4, 17, 0, 0, 0, 0, 0, 0, 8760, 0, 0, 0),
(398, 1, 19, 5, 1, 3, 0, 0, 0, 0, 0, 0, 8760, 0, 0, 0),
(399, 1, 20, 5, 2, 5, 0, 0, 0, 0, 0, 0, 8760, 0, 0, 0),
(400, 1, 21, 5, 3, 9, 0, 0, 0, 0, 0, 0, 8760, 0, 0, 0),
(401, 1, 22, 5, 15, 90, 3, 3, 3, 3, 3, 3, 8758, 0, 0, 0),
(402, 1, 23, 5, 1, 3, 0, 0, 0, 0, 0, 0, 8760, 0, 0, 0),
(403, 1, 25, 5, 2, 8, 0, 0, 0, 0, 0, 0, 8760, 0, 0, 0),
(404, 1, 28, 5, 2, 10, 0, 0, 0, 0, 0, 0, 8760, 0, 0, 0),
(405, 1, 29, 5, 1, 1, 0, 0, 0, 0, 0, 0, 8760, 0, 0, 0),
(406, 1, 30, 5, 1, 2, 0, 0, 0, 0, 0, 0, 8760, 0, 0, 0),
(407, 1, 32, 5, 1, 1, 0, 0, 0, 0, 0, 0, 8760, 0, 0, 0),
(408, 1, 36, 5, 18, 73, 0, 0, 0, 0, 0, 0, 8760, 0, 0, 0),
(409, 1, 37, 5, 3, 4, 0, 0, 0, 0, 0, 0, 8760, 0, 0, 0),
(410, 1, 41, 5, 2, 7, 1, 1, 1, 1, 1, 1, 8759, 0, 0, 0),
(411, 1, 6, 9, 5, 6, 1, 1, 1, 1, 1, 1, 8759, 0, 0, 0),
(412, 1, 11, 9, 1, 1, 0, 0, 0, 0, 0, 0, 8760, 0, 0, 0),
(413, 1, 12, 9, 1, 2, 0, 0, 0, 0, 0, 0, 8760, 0, 0, 0),
(414, 1, 15, 9, 1, 1, 0, 0, 0, 0, 0, 0, 8760, 0, 0, 0),
(415, 1, 16, 9, 4, 8, 3, 3, 3, 3, 3, 3, 8758, 0, 0, 0),
(416, 1, 19, 9, 3, 3, 0, 0, 0, 0, 0, 0, 8760, 0, 0, 0),
(417, 1, 20, 9, 3, 3, 0, 0, 0, 0, 0, 0, 8760, 0, 0, 0),
(418, 1, 22, 9, 16, 46, 6, 15, 7, 19, 8, 19, 8685, 0, 0, 0),
(419, 1, 23, 9, 1, 1, 1, 1, 1, 1, 1, 1, 8748, 0, 0, 0),
(420, 1, 25, 9, 2, 3, 1, 3, 1, 3, 1, 3, 8735, 0, 0, 0),
(421, 1, 26, 9, 2, 3, 0, 0, 0, 0, 0, 0, 8760, 0, 0, 0),
(422, 1, 28, 9, 5, 7, 0, 0, 0, 0, 0, 0, 8760, 0, 0, 0),
(423, 1, 29, 9, 1, 1, 0, 0, 0, 0, 0, 0, 8760, 0, 0, 0),
(424, 1, 30, 9, 4, 6, 0, 0, 0, 0, 0, 0, 8760, 0, 0, 0),
(425, 1, 36, 9, 36, 62, 4, 10, 5, 11, 5, 11, 8747, 0, 0, 0),
(426, 1, 37, 9, 3, 3, 0, 0, 0, 0, 0, 0, 8760, 0, 0, 0),
(427, 1, 40, 9, 1, 1, 1, 1, 1, 1, 1, 1, 8743, 0, 0, 0),
(428, 1, 41, 9, 3, 3, 0, 0, 0, 0, 0, 0, 8760, 0, 0, 0),
(429, 1, 13, 7, 1, 1, 1, 1, 1, 1, 1, 1, 8686, 0, 0, 0),
(430, 1, 15, 7, 1, 4, 4, 5, 4, 5, 5, 5, 8741, 0, 0, 0),
(431, 1, 19, 7, 1, 2, 0, 0, 0, 0, 0, 0, 8760, 0, 0, 0),
(432, 1, 20, 7, 1, 5, 3, 3, 3, 3, 3, 3, 8513, 0, 0, 0),
(433, 1, 21, 7, 1, 7, 0, 2, 0, 2, 1, 2, 8746, 0, 0, 0),
(434, 1, 22, 7, 10, 142, 11, 17, 11, 17, 12, 17, 8732, 0, 0, 0),
(435, 1, 25, 7, 3, 11, 7, 7, 7, 7, 6, 7, 8745, 0, 0, 0),
(436, 1, 28, 7, 2, 20, 0, 0, 0, 0, 0, 0, 8760, 0, 0, 0),
(437, 1, 30, 7, 2, 20, 3, 3, 3, 3, 3, 3, 8554, 0, 0, 0),
(438, 1, 36, 7, 7, 193, 10, 10, 10, 10, 10, 10, 8720, 0, 0, 0),
(439, 1, 37, 7, 2, 3, 5, 8, 5, 8, 5, 8, 8727, 0, 0, 0),
(440, 1, 41, 7, 2, 6, 5, 7, 5, 7, 7, 7, 8752, 0, 0, 0),
(441, 1, 42, 7, 1, 1, 3, 3, 3, 3, 3, 3, 8746, 0, 0, 0),
(442, 1, 22, 12, 1, 1, 8, 8, 8, 8, 8, 8, 7484, 0, 0, 0),
(443, 1, 22, 10, 3, 9, 2, 2, 2, 2, 2, 2, 8759, 0, 0, 0),
(444, 1, 36, 10, 4, 13, 1, 1, 1, 1, 1, 1, 8760, 0, 0, 0),
(445, 2, 44, 1, 47, 208, 28, 29, 79, 84, 79, 84, 8754, 20, 111, 71),
(446, 2, 45, 1, 6, 24, 8, 8, 13, 13, 13, 13, 8755, 0, 1, 8),
(447, 2, 46, 1, 15, 90, 6, 6, 48, 50, 50, 50, 8738, 3, 40, 18),
(448, 2, 47, 1, 173, 492, 43, 43, 261, 268, 261, 268, 8753, 24, 127, 93),
(449, 2, 48, 1, 8, 18, 0, 0, 4, 4, 4, 4, 8757, 0, 4, 4),
(450, 2, 49, 1, 12, 25, 2, 2, 20, 22, 22, 22, 8730, 8, 19, 9),
(451, 2, 50, 1, 51, 133, 7, 7, 57, 60, 58, 60, 8749, 6, 33, 41),
(452, 2, 51, 1, 1, 2, 0, 0, 0, 0, 0, 0, 8760, 0, 0, 0),
(453, 2, 44, 2, 19, 78, 4, 4, 29, 31, 29, 31, 8754, 14, 70, 68),
(454, 2, 45, 2, 2, 10, 2, 2, 4, 4, 4, 4, 8727, 1, 6, 1),
(455, 2, 46, 2, 8, 24, 3, 3, 11, 11, 11, 11, 8751, 0, 19, 9),
(456, 2, 47, 2, 58, 132, 8, 8, 32, 33, 32, 33, 8756, 29, 95, 37),
(457, 2, 48, 2, 2, 6, 0, 0, 3, 3, 3, 3, 8750, 0, 0, 2),
(458, 2, 49, 2, 3, 8, 0, 0, 4, 4, 4, 4, 8743, 2, 9, 2),
(459, 2, 50, 2, 17, 46, 0, 0, 14, 16, 14, 16, 8749, 9, 34, 12),
(460, 2, 44, 3, 11, 36, 2, 2, 6, 6, 6, 6, 8758, 7, 8, 10),
(461, 2, 45, 3, 1, 4, 0, 0, 1, 1, 1, 1, 8753, 1, 1, 2),
(462, 2, 46, 3, 4, 13, 2, 2, 3, 3, 3, 3, 8756, 0, 4, 6),
(463, 2, 47, 3, 11, 38, 1, 1, 4, 5, 4, 5, 8756, 2, 5, 3),
(464, 2, 48, 3, 4, 5, 0, 0, 0, 0, 0, 0, 8760, 10, 0, 0),
(465, 2, 49, 3, 1, 1, 0, 0, 1, 1, 1, 1, 8756, 0, 0, 0),
(466, 2, 50, 3, 8, 19, 0, 0, 1, 1, 1, 1, 8760, 7, 8, 6),
(467, 2, 51, 3, 1, 1, 0, 0, 1, 1, 1, 1, 8755, 0, 0, 0),
(468, 2, 44, 4, 1, 18, 0, 0, 0, 0, 0, 0, 8760, 0, 0, 0),
(469, 2, 47, 4, 6, 27, 0, 0, 0, 0, 0, 0, 8760, 2, 0, 0),
(470, 2, 48, 4, 1, 1, 0, 0, 0, 0, 0, 0, 8760, 0, 0, 0),
(471, 2, 50, 4, 4, 5, 0, 0, 1, 1, 1, 1, 8759, 1, 0, 0),
(472, 2, 44, 5, 3, 48, 0, 0, 0, 0, 0, 0, 8760, 1, 4, 4),
(473, 2, 45, 5, 1, 2, 0, 0, 0, 0, 0, 0, 8760, 0, 0, 0),
(474, 2, 46, 5, 1, 8, 0, 0, 0, 0, 0, 0, 8760, 0, 0, 0),
(475, 2, 47, 5, 14, 82, 0, 0, 1, 1, 1, 1, 8759, 3, 10, 14),
(476, 2, 50, 5, 1, 15, 0, 0, 0, 0, 0, 0, 8760, 0, 0, 0),
(477, 2, 44, 9, 2, 15, 1, 1, 1, 1, 1, 1, 8758, 3, 3, 1),
(478, 2, 45, 9, 1, 5, 1, 1, 1, 1, 1, 1, 8760, 0, 0, 1),
(479, 2, 46, 9, 2, 4, 0, 0, 0, 0, 0, 0, 8760, 0, 2, 0),
(480, 2, 47, 9, 13, 61, 7, 7, 8, 8, 8, 8, 8748, 9, 10, 18),
(481, 2, 48, 9, 1, 2, 0, 0, 0, 0, 0, 0, 8760, 0, 0, 0),
(482, 2, 49, 9, 1, 1, 0, 0, 0, 0, 0, 0, 8760, 3, 0, 2),
(483, 2, 50, 9, 2, 9, 0, 0, 0, 0, 0, 0, 8760, 1, 1, 3),
(484, 2, 47, 8, 1, 10, 3, 3, 3, 3, 3, 3, 8759, 0, 0, 0),
(485, 2, 47, 7, 1, 131, 2, 2, 2, 2, 2, 2, 8757, 0, 16, 0),
(486, 2, 50, 7, 2, 26, 3, 3, 3, 3, 3, 3, 8750, 0, 3, 0),
(487, 2, 44, 12, 2, 2, 2, 2, 5, 5, 5, 5, 8759, 3, 0, 0),
(488, 2, 47, 12, 2, 2, 0, 0, 0, 0, 0, 0, 8760, 2, 0, 0),
(489, 2, 47, 10, 2, 12, 0, 0, 0, 0, 0, 0, 8760, 2, 25, 0);

-- --------------------------------------------------------

--
-- Table structure for table `tbl_map_report_marketing`
--

CREATE TABLE `tbl_map_report_marketing` (
  `Report_Id` int(6) NOT NULL,
  `Country_Id` int(6) NOT NULL,
  `City_Id` int(6) NOT NULL,
  `Device_Id` int(6) NOT NULL,
  `Microsite_Visitors` int(6) NOT NULL,
  `Locator_Actions` int(6) NOT NULL,
  `Qualified_Leads` int(6) NOT NULL
) ENGINE=InnoDB DEFAULT CHARSET=latin1;

--
-- Dumping data for table `tbl_map_report_marketing`
--

INSERT INTO `tbl_map_report_marketing` (`Report_Id`, `Country_Id`, `City_Id`, `Device_Id`, `Microsite_Visitors`, `Locator_Actions`, `Qualified_Leads`) VALUES
(1, 6, 0, 2, 4700, 49, 2),
(2, 6, 0, 3, 15500, 520, 10),
(3, 6, 0, 5, 15100, 120, 2),
(4, 6, 0, 9, 42100, 350, 16),
(5, 6, 0, 8, 8100, 57, 0),
(6, 6, 0, 7, 13900, 1450, 147),
(7, 5, 0, 2, 11600, 219, 0),
(8, 5, 0, 3, 26700, 420, 1),
(9, 5, 0, 5, 21100, 135, 2),
(10, 5, 0, 9, 31900, 415, 30),
(11, 5, 0, 8, 16100, 618, 1),
(12, 5, 0, 7, 49000, 5200, 211),
(13, 2, 0, 2, 19400, 420, 17),
(14, 2, 0, 3, 56100, 490, 7),
(15, 2, 0, 5, 53900, 238, 9),
(16, 2, 0, 9, 86950, 1250, 79),
(17, 2, 0, 8, 74900, 179, 5),
(18, 2, 0, 7, 40600, 6950, 455),
(19, 1, 0, 2, 70600, 702, 20),
(20, 1, 0, 3, 495550, 3720, 57),
(21, 1, 0, 5, 310000, 1420, 26),
(22, 1, 0, 9, 357900, 2310, 234),
(23, 1, 0, 8, 455200, 1920, 7),
(24, 1, 0, 7, 291000, 43350, 1504),
(25, 4, 0, 2, 5600, 66, 3),
(26, 4, 0, 3, 18500, 230, 4),
(27, 4, 0, 5, 24400, 48, 4),
(28, 4, 0, 9, 47800, 462, 44),
(29, 4, 0, 8, 5700, 117, 0),
(30, 4, 0, 7, 23900, 4900, 249),
(31, 3, 0, 2, 14100, 731, 0),
(32, 3, 0, 3, 45100, 420, 5),
(33, 3, 0, 5, 44300, 115, 1),
(34, 3, 0, 9, 55400, 415, 36),
(35, 3, 0, 8, 47000, 192, 4),
(36, 3, 0, 7, 46300, 5150, 186),
(37, 7, 0, 2, 2800, 48, 0),
(38, 7, 0, 3, 23700, 45, 0),
(39, 7, 0, 5, 2000, 2, 0),
(40, 7, 0, 9, 133200, 185, 5),
(41, 7, 0, 8, 2400, 15, 0),
(42, 7, 0, 7, 82600, 589, 20),
(43, 8, 0, 2, 200, 0, 0),
(44, 8, 0, 3, 12150, 0, 0),
(45, 8, 0, 5, 11250, 0, 0),
(46, 8, 0, 9, 50100, 200, 0),
(47, 8, 0, 8, 36000, 219, 0),
(48, 8, 0, 7, 78000, 250, 0);

-- --------------------------------------------------------

--
-- Table structure for table `tbl_service_hubs`
--

CREATE TABLE `tbl_service_hubs` (
  `Service_Hub_Id` int(6) NOT NULL,
  `Country_Id` int(6) NOT NULL,
  `City_Id` int(6) NOT NULL,
  `Service_Hub_Latitude` varchar(20) NOT NULL,
  `Service_Hub_Longitude` varchar(20) NOT NULL,
  `Service_Hub_Marker` varchar(50) NOT NULL,
  `Service_Hub_Name` varchar(250) NOT NULL DEFAULT 'Service Hub'
) ENGINE=InnoDB DEFAULT CHARSET=latin1;

-- --------------------------------------------------------

--
-- Table structure for table `tbl_supplier`
--

CREATE TABLE `tbl_supplier` (
  `Supplier_Id` int(4) NOT NULL,
  `sort_order` int(11) NOT NULL,
  `Supplier_Name` varchar(100) NOT NULL,
  `supplier_logo` varchar(20) NOT NULL,
  `type` enum('all','kuwait','both') NOT NULL
) ENGINE=InnoDB DEFAULT CHARSET=latin1;

--
-- Dumping data for table `tbl_supplier`
--

INSERT INTO `tbl_supplier` (`Supplier_Id`, `sort_order`, `Supplier_Name`, `supplier_logo`, `type`) VALUES
(1, 1, 'Candela', 'candela.png', 'all'),
(2, 2, 'Lutronics', 'lutronic.png', 'both'),
(3, 4, 'Restoration robotics', 'robotics.png', 'both'),
(4, 3, 'Classys', 'classys.png', 'both');

-- --------------------------------------------------------

--
-- Table structure for table `tbl_users`
--

CREATE TABLE `tbl_users` (
  `id` int(11) NOT NULL,
  `name` varchar(100) COLLATE utf8_unicode_ci NOT NULL,
  `email` varchar(100) COLLATE utf8_unicode_ci NOT NULL,
  `password` varchar(255) COLLATE utf8_unicode_ci NOT NULL,
  `gender` enum('Male','Female') COLLATE utf8_unicode_ci NOT NULL,
  `phone` varchar(15) COLLATE utf8_unicode_ci NOT NULL,
  `created` datetime NOT NULL,
  `modified` datetime NOT NULL,
  `status` enum('1','0') COLLATE utf8_unicode_ci NOT NULL
) ENGINE=InnoDB DEFAULT CHARSET=utf8 COLLATE=utf8_unicode_ci;

--
-- Dumping data for table `tbl_users`
--

INSERT INTO `tbl_users` (`id`, `name`, `email`, `password`, `gender`, `phone`, `created`, `modified`, `status`) VALUES
(1, 'Imdadplus Admin', 'admin@admin.com', 'e10adc3949ba59abbe56e057f20f883e', 'Male', '9446187481', '2018-08-02 07:43:13', '2018-08-02 07:43:13', '1');

-- --------------------------------------------------------

--
-- Table structure for table `tbl_version`
--

CREATE TABLE `tbl_version` (
  `Version_Id` int(6) NOT NULL,
  `Version` varchar(20) CHARACTER SET latin1 NOT NULL,
  `Updated_Date` date DEFAULT NULL
) ENGINE=InnoDB DEFAULT CHARSET=utf8;

--
-- Dumping data for table `tbl_version`
--

INSERT INTO `tbl_version` (`Version_Id`, `Version`, `Updated_Date`) VALUES
(1, 'Version 1', '2018-06-10'),
(2, 'Version : 2.1', '2019-03-07');

--
-- Indexes for dumped tables
--

--
-- Indexes for table `tbl_city`
--
ALTER TABLE `tbl_city`
  ADD PRIMARY KEY (`City_Id`),
  ADD KEY `Country_Id` (`Country_Id`);

--
-- Indexes for table `tbl_clinics`
--
ALTER TABLE `tbl_clinics`
  ADD PRIMARY KEY (`Clinic_Id`),
  ADD KEY `Country_Id` (`Country_Id`),
  ADD KEY `City_Id` (`City_Id`);

--
-- Indexes for table `tbl_clinic_device`
--
ALTER TABLE `tbl_clinic_device`
  ADD PRIMARY KEY (`id`),
  ADD KEY `Clinic_Id` (`Clinic_Id`),
  ADD KEY `Device_Id` (`Device_Id`);

--
-- Indexes for table `tbl_country`
--
ALTER TABLE `tbl_country`
  ADD PRIMARY KEY (`Country_Id`);

--
-- Indexes for table `tbl_devices`
--
ALTER TABLE `tbl_devices`
  ADD PRIMARY KEY (`Device_Id`),
  ADD KEY `Supplier_Id` (`Supplier_Id`);

--
-- Indexes for table `tbl_device_install`
--
ALTER TABLE `tbl_device_install`
  ADD PRIMARY KEY (`Install_Id`),
  ADD KEY `Clinic_Id` (`Clinic_Id`),
  ADD KEY `Device_Id` (`Device_Id`);

--
-- Indexes for table `tbl_map_report`
--
ALTER TABLE `tbl_map_report`
  ADD PRIMARY KEY (`Report_Id`),
  ADD KEY `Country_Id` (`Country_Id`),
  ADD KEY `City_Id` (`City_Id`),
  ADD KEY `Device_Id` (`Device_Id`);

--
-- Indexes for table `tbl_map_report_marketing`
--
ALTER TABLE `tbl_map_report_marketing`
  ADD PRIMARY KEY (`Report_Id`),
  ADD KEY `Country_Id` (`Country_Id`),
  ADD KEY `Device_Id` (`Device_Id`),
  ADD KEY `City_Id` (`City_Id`);

--
-- Indexes for table `tbl_service_hubs`
--
ALTER TABLE `tbl_service_hubs`
  ADD PRIMARY KEY (`Service_Hub_Id`),
  ADD KEY `Country_Id` (`Country_Id`),
  ADD KEY `City_Id` (`City_Id`);

--
-- Indexes for table `tbl_supplier`
--
ALTER TABLE `tbl_supplier`
  ADD PRIMARY KEY (`Supplier_Id`);

--
-- Indexes for table `tbl_users`
--
ALTER TABLE `tbl_users`
  ADD PRIMARY KEY (`id`);

--
-- Indexes for table `tbl_version`
--
ALTER TABLE `tbl_version`
  ADD PRIMARY KEY (`Version_Id`);

--
-- AUTO_INCREMENT for dumped tables
--

--
-- AUTO_INCREMENT for table `tbl_city`
--
ALTER TABLE `tbl_city`
  MODIFY `City_Id` int(6) NOT NULL AUTO_INCREMENT, AUTO_INCREMENT=108;

--
-- AUTO_INCREMENT for table `tbl_clinics`
--
ALTER TABLE `tbl_clinics`
  MODIFY `Clinic_Id` int(6) NOT NULL AUTO_INCREMENT, AUTO_INCREMENT=2251;

--
-- AUTO_INCREMENT for table `tbl_clinic_device`
--
ALTER TABLE `tbl_clinic_device`
  MODIFY `id` int(11) NOT NULL AUTO_INCREMENT, AUTO_INCREMENT=3377;

--
-- AUTO_INCREMENT for table `tbl_country`
--
ALTER TABLE `tbl_country`
  MODIFY `Country_Id` int(6) NOT NULL AUTO_INCREMENT, AUTO_INCREMENT=9;

--
-- AUTO_INCREMENT for table `tbl_devices`
--
ALTER TABLE `tbl_devices`
  MODIFY `Device_Id` int(6) NOT NULL AUTO_INCREMENT, AUTO_INCREMENT=14;

--
-- AUTO_INCREMENT for table `tbl_device_install`
--
ALTER TABLE `tbl_device_install`
  MODIFY `Install_Id` int(6) NOT NULL AUTO_INCREMENT, AUTO_INCREMENT=4250;

--
-- AUTO_INCREMENT for table `tbl_map_report`
--
ALTER TABLE `tbl_map_report`
  MODIFY `Report_Id` int(6) NOT NULL AUTO_INCREMENT, AUTO_INCREMENT=490;

--
-- AUTO_INCREMENT for table `tbl_map_report_marketing`
--
ALTER TABLE `tbl_map_report_marketing`
  MODIFY `Report_Id` int(6) NOT NULL AUTO_INCREMENT, AUTO_INCREMENT=49;

--
-- AUTO_INCREMENT for table `tbl_service_hubs`
--
ALTER TABLE `tbl_service_hubs`
  MODIFY `Service_Hub_Id` int(6) NOT NULL AUTO_INCREMENT;

--
-- AUTO_INCREMENT for table `tbl_supplier`
--
ALTER TABLE `tbl_supplier`
  MODIFY `Supplier_Id` int(4) NOT NULL AUTO_INCREMENT, AUTO_INCREMENT=5;

--
-- AUTO_INCREMENT for table `tbl_users`
--
ALTER TABLE `tbl_users`
  MODIFY `id` int(11) NOT NULL AUTO_INCREMENT, AUTO_INCREMENT=2;

--
-- AUTO_INCREMENT for table `tbl_version`
--
ALTER TABLE `tbl_version`
  MODIFY `Version_Id` int(6) NOT NULL AUTO_INCREMENT, AUTO_INCREMENT=3;
COMMIT;

/*!40101 SET CHARACTER_SET_CLIENT=@OLD_CHARACTER_SET_CLIENT */;
/*!40101 SET CHARACTER_SET_RESULTS=@OLD_CHARACTER_SET_RESULTS */;
/*!40101 SET COLLATION_CONNECTION=@OLD_COLLATION_CONNECTION */;
