-- phpMyAdmin SQL Dump
-- version 4.8.3
-- https://www.phpmyadmin.net/
--
-- Host: localhost:3306
-- Generation Time: Jan 27, 2020 at 12:38 AM
-- Server version: 5.6.46-cll-lve
-- PHP Version: 7.2.7

SET SQL_MODE = "NO_AUTO_VALUE_ON_ZERO";
SET AUTOCOMMIT = 0;
START TRANSACTION;
SET time_zone = "+00:00";


/*!40101 SET @OLD_CHARACTER_SET_CLIENT=@@CHARACTER_SET_CLIENT */;
/*!40101 SET @OLD_CHARACTER_SET_RESULTS=@@CHARACTER_SET_RESULTS */;
/*!40101 SET @OLD_COLLATION_CONNECTION=@@COLLATION_CONNECTION */;
/*!40101 SET NAMES utf8mb4 */;

--
-- Database: `imdadplusdb`
--

-- --------------------------------------------------------

--
-- Table structure for table `tbl_city`
--

CREATE TABLE `tbl_city` (
  `City_Id` int(6) NOT NULL,
  `Country_Id` int(6) NOT NULL,
  `Nearest_city_id` int(11) DEFAULT NULL,
  `City_Name` varchar(100) NOT NULL,
  `City_Latitude` varchar(20) NOT NULL,
  `City_Longitude` varchar(20) NOT NULL,
  `City_Zoom` tinyint(2) NOT NULL DEFAULT '9',
  `city_centre_lat` varchar(20) NOT NULL,
  `city_centre_long` varchar(20) NOT NULL,
  `density_point_1_lat` varchar(50) NOT NULL,
  `density_point_1_lng` varchar(50) NOT NULL,
  `density_point_2_lat` varchar(50) NOT NULL,
  `density_point_2_lng` varchar(50) NOT NULL,
  `density_point_3_lat` varchar(50) NOT NULL,
  `density_point_3_lng` varchar(50) NOT NULL,
  `sitecore_lat` varchar(40) NOT NULL,
  `sitecore_lng` varchar(40) NOT NULL,
  `sitecore_zoom` smallint(2) NOT NULL,
  `marker_type` enum('nothing','office','service_hub','both') NOT NULL,
  `set_high_density` enum('YES','NO') NOT NULL,
  `set_medium_density` enum('YES','NO') NOT NULL,
  `set_low_density` enum('YES','NO') NOT NULL
) ENGINE=InnoDB DEFAULT CHARSET=latin1;

--
-- Dumping data for table `tbl_city`
--

INSERT INTO `tbl_city` (`City_Id`, `Country_Id`, `Nearest_city_id`, `City_Name`, `City_Latitude`, `City_Longitude`, `City_Zoom`, `city_centre_lat`, `city_centre_long`, `density_point_1_lat`, `density_point_1_lng`, `density_point_2_lat`, `density_point_2_lng`, `density_point_3_lat`, `density_point_3_lng`, `sitecore_lat`, `sitecore_lng`, `sitecore_zoom`, `marker_type`, `set_high_density`, `set_medium_density`, `set_low_density`) VALUES
(1, 1, 31, 'Al-Baha', '20.021741', '41.471273', 11, '20.021741', '41.471273', '20.034854651516433', '41.4482338248996', '19.861874911836445', '41.575740250408444', '19.992272765948524', '41.660884293377194', '20.021741', '41.471273', 11, 'nothing', 'YES', 'YES', 'YES'),
(2, 1, 36, 'Abha', '18.246468', '42.511724', 11, '18.246468', '42.511724', '18.225598910981923', '42.49661779882808', '18.24712011866975', '42.57832861425777', '18.261466110169305', '42.62433386328121', '18.246468', '42.511724', 11, 'nothing', 'YES', 'YES', 'YES'),
(3, 1, 36, 'Afif', '23.90522', '42.912495', 11, '23.90522', '42.912495', '23.905220000000007', '42.901508671875035', '23.8876420005314', '42.92760120117191', '24.669403602339603', '42.90768848144535', '23.90522', '42.912495', 11, 'nothing', 'YES', 'YES', 'YES'),
(5, 1, 36, 'Al-Kharj', '24.145537', '47.311945', 11, '24.145537', '47.311945', '24.151176009669058', '47.3043918994141', '24.161826793402778', '47.35039714843754', '24.16057380611376', '47.267313041992224', '24.145537', '47.311945', 11, 'nothing', 'YES', 'YES', 'YES'),
(6, 1, 36, 'Al-Khobar', '26.217191', '50.197138', 11, '26.270771298947576', '50.205377746093745', '26.30032226351414', '50.19507806347656', '26.36186257841262', '50.194391417968745', '26.23197423920997', '50.20057122753906', '26.270771298947576', '50.205377746093745', 11, 'both', 'YES', 'YES', 'YES'),
(7, 1, 36, 'Al-Nairiyah', '27.47117', '48.497438', 11, '27.43095405034317', '48.49881129101561', '27.485181202723744', '48.46859888867186', '27.53633740627979', '48.41916041210936', '27.282760026130298', '48.42877344921874', '27.43095405034317', '48.49881129101561', 11, 'nothing', 'YES', 'YES', 'YES'),
(8, 1, 36, 'Al-Namas', '19.113429', '42.167148', 11, '19.113429', '42.167148', '19.10629213127452', '42.12732256054687', '19.19580505869535', '42.12114275097656', '19.193211164959536', '42.084063893554685', '19.113429', '42.167148', 11, 'nothing', 'YES', 'NO', 'YES'),
(9, 1, 36, 'Al-Qatif', '26.576492', '49.998236', 11, '26.576492', '49.998236', '26.554996725773606', '49.994116126953145', '26.484955610813575', '50.03462821191408', '26.48434102608586', '50.03462821191408', '26.576492', '49.998236', 11, 'nothing', 'YES', 'NO', 'YES'),
(10, 1, 36, 'Al-Quwayiyah', '24.067056', '45.280618', 13, '24.067056', '45.280618', '24.067056', '45.280618000000004', '24.084609527346217', '45.316323566406254', '24.052164964319218', '45.25933198925782', '24.067056', '45.280618', 13, 'nothing', 'YES', 'YES', 'YES'),
(11, 1, 36, 'Arar', '30.959945', '41.059564', 12, '30.959945', '41.059564', '30.981434408083388', '41.00978220068362', '30.97878529044053', '41.060250645507836', '30.97584174014685', '41.049264317382836', '30.959945', '41.059564', 12, 'nothing', 'YES', 'NO', 'YES'),
(12, 1, 36, 'Ar-Rass', '25.851747', '43.522231', 12, '25.851747', '43.522231', '25.861015581902063', '43.49201859765628', ' 25.894994163224457', '43.51124467187503', '25.894994163224457', '43.51124467187503', '25.851747', '43.522231', 12, 'nothing', 'YES', 'YES', 'YES'),
(13, 1, 36, 'Asir', '19.096906', '42.863787', 11, '18.59848984463145', '42.105730359375', '18.545116979889055', '42.039812390625', ' 18.694128573812275', '42.100923840820315', '18.689575570937244', '42.100923840820315', '18.59848984463145', '42.105730359375', 11, 'nothing', 'YES', 'NO', 'YES'),
(14, 1, 36, 'Baljurashi', '19.864887', '41.581215', 11, '19.864887', '41.581215', '19.893944784050234', '41.56267557128899', '19.832594327720336', ' 41.70275125488274', '19.835177983236765', '41.700691318359304', '19.864887', '41.581215', 11, 'nothing', 'YES', 'NO', 'YES'),
(15, 1, 36, 'Bisha', '19.989370', '42.601853', 12, '19.989370', '42.601853', '20.015824227611844', '42.60391293652344', ' 19.97694788421269', '42.62588559277344', '19.975657218625127', '42.59841977246094', '19.989370', '42.601853', 12, 'nothing', 'YES', 'NO', 'YES'),
(16, 1, 36, 'Dammam', '26.392667', '49.977714', 12, '26.440632919240294', '50.09684699560546', '26.45661712457733', ' 50.115729747070304', '26.430795382773802', '50.07384437109374', ' 26.390206671682936', ' 50.077277598632804', '26.440632919240294', '50.09684699560546', 12, 'nothing', 'YES', 'YES', 'YES'),
(17, 1, 36, 'Dawadmi', '24.5167', '44.418179', 13, '24.5167', '44.418179', '24.529194134505204', ' 44.411312544921884', '24.50357982130351', ' 44.381100142578134', '24.54605924399376', '44.43534513769532', '24.5167', '44.418179', 13, 'nothing', 'YES', 'NO', 'YES'),
(19, 1, 36, 'Hafar Al-Batin', '28.359521', '45.942012', 12, '28.396373075264645', '45.971537756835914', '28.417209971950992', '45.9653579472656', '28.40060118281215', ' 45.92621915332029', '28.45132531004628', '45.9598647832031', '28.396373075264645', '45.971537756835914', 12, 'nothing', 'YES', 'NO', 'YES'),
(20, 1, 36, 'Hail', '27.51141', '41.720824', 12, '27.51141', '41.720824', '27.51932670018756', '41.68340181982421', '27.48613364510745', '41.69198488867187', '27.56924967080269', '41.681341883300774', '27.51141', '41.720824', 12, 'nothing', 'YES', 'YES', 'YES'),
(21, 1, 36, 'Hofuf', '25.314156', '49.629908', 12, '25.387377821518253', '49.596605692871094', '25.37435006301778', '49.57257310009766', '25.42707279473985', '49.55781022167969', '25.330293429014173', '49.592829142578125', '25.387377821518253', '49.596605692871094', 12, 'nothing', 'YES', 'YES', 'YES'),
(22, 1, 36, 'Jeddah', '21.285407', '39.237551', 11, '21.606875418931267', '39.18261935937494', '21.553878810880253', '39.153093602539', '21.608152206317786', '39.2025320791015', '21.46763815146309', '39.26158359277338', '21.606875418931267', '39.18261935937494', 11, 'both', 'YES', 'YES', 'YES'),
(23, 1, 36, 'Jizan', '16.889359', '42.570567', 11, '16.889359', '42.570567', '16.92811971553733', '42.549280989257795', '16.894615157266795', '42.57537351855467', '16.970812960523144', '42.82462583789061', '16.889359', '42.570567', 11, 'nothing', 'YES', 'NO', 'YES'),
(24, 1, 36, 'Jubail', '26.959771', '49.568742', 11, '27.05704080420083', '49.60719414843743', '27.145061494392014', '49.559128962890554', '27.03380158863117', '49.51175042285149', '27.006887013364747', '49.64770623339837', '27.05704080420083', '49.60719414843743', 11, 'nothing', 'YES', 'NO', 'YES'),
(25, 1, 36, 'Khamis Mushayt', '18.309339', '42.766233', 12, '18.28554361481934', '42.74151376171881', '18.303797900848345', '42.7082114545899', '18.258484620324808', '42.75867989941412', '18.182827491921277', '42.828717741210994', '18.28554361481934', '42.74151376171881', 12, 'both', 'YES', 'YES', 'YES'),
(26, 1, 36, 'Madinah', '24.524654', '39.569184', 12, '24.472480869706054', '39.62068241308589', '24.498101519214956', '39.58120029638667', '24.447167546630585', '39.64505832861323', '24.519031590025843', '39.684883768066356', '24.472480869706054', '39.62068241308589', 12, 'both', 'YES', 'YES', 'YES'),
(27, 1, 36, 'Majmaah', '25.865231', '45.415683', 12, '25.902296735544454', '45.3583481000976', '25.912796578086528', '45.35388490429682', '25.920207668856598', '45.39577028027338', ' 25.920207668856598', '45.39577028027338', '25.902296735544454', '45.3583481000976', 12, 'nothing', 'YES', 'NO', 'YES'),
(28, 1, 36, 'Makkah', '21.389082', '39.857912', 11, '21.445334238592846', '39.831132825195255', '21.39483606403296', '39.78581422167963', '21.408900600700825', '39.85447877246088', '21.463867159655386', '39.94168275195307', '21.445334238592846', '39.831132825195255', 11, 'nothing', 'YES', 'YES', 'YES'),
(29, 1, 36, 'Najran', '17.565604', '44.228944', 12, '17.535488580108176', '44.227227386230425', '17.561021541713277', '44.22551077246089', '17.529268467727178', '44.204224761718706', '17.480154833661707', '44.11564749121089', '17.535488580108176', '44.227227386230425', 12, 'nothing', 'YES', 'YES', 'YES'),
(30, 1, 36, 'Qassim', '26.127489', '43.863787', 12, '26.36333498887345', '43.98937949218748', '26.36548827978318', '43.94200095214842', '26.39901291892647', '43.92620810546873', '26.338107737742188', '43.976333227539044', '26.36333498887345', '43.98937949218748', 12, 'both', 'YES', 'YES', 'YES'),
(31, 1, 36, 'Al Qunfudhah', '19.1411065', '41.0444063', 13, '19.14094432902997', '41.09212816279296', '19.129429783018303', '41.078051929882804', '19.13202468036584', '41.078051929882804', '19.119049786037372', '41.096248035839835', '19.14094432902997', '41.09212816279296', 13, 'nothing', 'YES', 'NO', 'YES'),
(32, 1, 36, 'Qurayyat', '31.329635', '37.361353', 13, '31.330074893269824', '37.35362823803712', '31.339605409260365', '37.330453952148446', '31.314384095790388', '37.35036667187501', '31.313064189870044', '37.34607513745118', '31.330074893269824', '37.35362823803712', 13, 'nothing', 'YES', 'NO', 'YES'),
(33, 1, 36, 'Rafha', '29.638789', '43.512611', 12, '29.638789', '43.512611', '29.63819219319281', '43.51123770898437', ' 29.62088325738417', '43.55518302148437', '29.634014446509887', '43.55312308496093', '29.638789', '43.512611', 12, 'nothing', 'YES', 'NO', 'YES'),
(34, 1, 36, 'Ranyah', '21.262738', '42.85404', 12, '21.262738', '42.85404', '21.256658789623145', '42.84133705810541', ' 21.266577371976165', '42.91171822265619', '21.274255815518167', '42.89180550292963', '21.262738', '42.85404', 12, 'nothing', 'YES', 'NO', 'YES'),
(35, 1, 36, 'Rastanurah', '26.773008', '49.998236', 12, '26.73131391540663', '50.0411513442383', '26.71720804405974', '50.05591422265627', '26.692058459874406', '50.05316764062502', '26.709234386930348', '50.084753333984395', '26.73131391540663', '50.0411513442383', 12, 'nothing', 'YES', 'NO', 'YES'),
(36, 1, 36, 'Riyadh', '24.713552', '46.675296', 11, '24.670505456406243', '46.681475809570316', '24.71273229694534', '46.671241491042906', '24.761376009583657', '46.770118444167906', '24.59759557945829', '46.76256534358197', '24.670505456406243', '46.681475809570316', 11, 'both', 'YES', 'YES', 'YES'),
(37, 1, 36, 'Sabya', '17.154798', '42.626897', 13, '17.144300141915785', '42.654362820312485', '17.156438236702886', '42.64577975146483', '17.12461505888869', '42.67839541308592', '17.118052901324273', '42.66431918017577', '17.144300141915785', '42.654362820312485', 13, 'nothing', 'YES', 'NO', 'YES'),
(38, 1, 36, 'Sakaka', '29.878003', '40.104306', 11, '29.931572990517424', '40.210049408203076', '29.95656245772244', '40.192883270507764', '29.910743639568867', '40.20798947167964', '29.981545644909772', '40.2114226992187', '29.931572990517424', '40.210049408203076', 11, 'nothing', 'YES', 'NO', 'YES'),
(39, 1, 36, 'Shaqraa', '25.247647', '45.252479', 12, '25.222802377289145', '45.24458257666015', '25.23708865577162', '45.25076238623046', '25.217832843543263', '45.25385229101562', '25.24982066287325', '45.227759761718744', '25.222802377289145', '45.24458257666015', 12, 'nothing', 'YES', 'NO', 'YES'),
(40, 1, 36, 'Tabuk', '28.383508', '36.566191', 12, '28.408575215731048', '36.55760793115235', '28.40887719422841', '36.56653432275391', '28.38290389755909', '36.58129720117188', '28.44027825642654', '36.53735188867188', '28.408575215731048', '36.55760793115235', 12, 'nothing', 'YES', 'YES', 'YES'),
(41, 1, 36, 'Taif', '21.437273', '40.512714', 11, '21.362474222943543', '40.49005469824215', '21.282518779769347', '40.40559730078121', '21.462836446602097', '40.49348792578121', '21.357997869819368', '40.28818091894527', '21.362474222943543', '40.49005469824215', 11, 'nothing', 'YES', 'YES', 'YES'),
(42, 1, 36, 'Wadi Al-Dawaser', '20.147193', '44.850549', 13, '20.45872022113004', '44.81312681982422', '20.453090938179454', '44.852952259277345', '20.47496356642994', '44.77845122167969', '20.47528519947618', '44.777764576171876', '20.45872022113004', '44.81312681982422', 13, 'nothing', 'YES', 'NO', 'YES'),
(43, 1, 36, 'Yanbu', '24.023176', '38.189978', 11, '24.064562477738384', '38.096594210937496', '24.021921656152916', '38.18791806347656', '24.09339970718264', '38.057455416992184', '24.106562372321225', '38.014196749999996', '24.064562477738384', '38.096594210937496', 11, 'nothing', 'YES', 'NO', 'YES'),
(44, 2, 47, 'Abu Dhabi', '24.53961182', '54.38614808', 11, '24.43138019819528', '54.42540918554687', '24.47950843495362', '54.344385015624994', '24.423252838226677', '54.56067835058593', '24.493255981437674', '54.41442285742187', '24.43138019819528', '54.42540918554687', 11, 'both', 'YES', 'YES', 'YES'),
(45, 2, 47, 'Ajman', '25.45234585', '55.47793773', 12, '25.41048896134827', '55.49201366650391', '25.395912976766372', ' 55.440171930664064', '25.407697951690075', '55.45733806835938', '25.424132967641142', '55.48926708447266', '25.41048896134827', '55.49201366650391', 12, 'nothing', 'YES', 'NO', 'YES'),
(46, 2, 47, 'Al-Ain', '24.2093234', '55.80340859', 12, '24.20940810936769', '55.78308592578128', '24.23069906649808', '55.748753650390654', ' 24.288604968966688', ' 55.78308592578128', '24.26231582824028', '55.789952380859404', '24.20940810936769', '55.78308592578128', 12, 'nothing', 'YES', 'NO', 'YES'),
(47, 2, 47, 'Dubai', '25.28442175', '55.28977357', 11, '25.178131429954227', '55.24331717968744', '25.16880996896434', '55.208298258789', '25.233424096047443', '55.418411784179625', '25.12094858783935', '55.12864737988275', '25.178131429954227', '55.24331717968744', 11, 'both', 'YES', 'YES', 'YES'),
(48, 2, 47, 'Fujairah', '25.411076', '56.248228', 12, '25.118602329002567', '56.339895175292895', '25.136008973083484', '56.32581894238274', '25.128549286470275', '56.371137545898364', ' 25.054549417371028', '56.35053818066399', '25.118602329002567', '56.339895175292895', 12, 'nothing', 'YES', 'NO', 'YES'),
(49, 2, 47, 'Ras Al-Khaimah', '25.87418597', '56.00401589', 12, '25.788876232557307', '55.958787666503895', '25.789803615704148', '55.94471143359374', '25.78671231034283', '56.02436231249999', ' 25.82256649656119', '56.00513623828124', '25.788876232557307', '55.958787666503895', 12, 'nothing', 'YES', 'NO', 'YES'),
(50, 2, 47, 'Sharjah', '25.41845414', '55.43534241', 12, '25.34687554552992', '55.3993026665039', '25.32701650979117', '55.369433586914056', '25.336946435051853', '55.427111809570306', '25.328878432830383', '55.47723693164062', '25.34687554552992', '55.3993026665039', 12, 'nothing', 'YES', 'YES', 'YES'),
(51, 2, 47, 'Umm Al-Quwain', '25.53721139491831', '55.57262867089844', 10, '25.53597226048874', '55.595974618164064', '25.49879227615835', '55.54035633203125', ' 25.515524694283055', '55.570568734375', '25.558894174458278', ' 55.554775887695314', '25.53721139491831', '55.57262867089844', 12, 'nothing', 'YES', 'NO', 'YES'),
(52, 3, 102, 'Al-Jahraa', '29.336573', '47.675529', 11, '29.336573', '47.675529', '29.355127533745243', '47.665229317382796', '29.32220587995526', '47.711921211914046', ' 29.32220587995526', '47.711921211914046', '29.336573', '47.675529', 11, 'nothing', 'YES', 'NO', 'YES'),
(53, 3, 102, 'Al-Shaab', '29.349965', '48.028283', 11, '29.349965', '48.028283', '29.35535144025464', ' 48.02553641796874', '29.331409526301226', '48.027596354492175', '29.31464684080124', '48.0399559736328', '29.349965', '48.028283', 11, 'nothing', 'YES', 'NO', 'YES'),
(54, 3, 102, 'Ahmadi', '28.574513', '48.102474', 11, '28.574513', '48.102474', '29.098417781168983', ' 48.12376001074222', '29.079816690425226', '48.13268640234378', '29.120614684028414', '48.101100708984404', '28.574513', '48.102474', 11, 'nothing', 'YES', 'NO', 'YES'),
(55, 3, 102, 'Bayan', '29.297989', '48.051087', 11, '29.297989', '48.051087', '29.335108731664697', '48.029800989257865', '29.313556983197874', '48.03666744433599', '29.305773288390828', '48.03117428027349', '29.297989', '48.051087', 11, 'nothing', 'YES', 'NO', 'YES'),
(57, 3, 102, 'Fahaheel', '29.083128', '48.133464', 11, '29.083128', '48.133464', '29.089128526031438', '48.120417735351566', '29.04951859570031', ' 48.14582361914063 ', '29.187487238449826', '48.09707178808594', '29.083128', '48.133464', 11, 'nothing', 'YES', 'NO', 'YES'),
(58, 3, 102, 'Farwaniya', '29.281596', '47.960252', 11, '29.281596', '47.960252', '29.291178116296052', '47.951325608398406', '29.253443336741775', '47.978791428710906', '29.27920033049803', '47.879227830078094', '29.281596', '47.960252', 11, 'nothing', 'YES', 'NO', 'YES'),
(60, 3, 102, 'Hawally', '29.333298', '48.015893', 11, '29.333298', '48.015893', '29.331502163008786', '48.00627996289063', '29.33210077885351', '48.06876470410157', '29.300369297490708', '47.985680597656255', '29.333298', '48.015893', 11, 'nothing', 'YES', 'YES', 'YES'),
(61, 3, 102, 'Jabriya', '29.318057', '48.025805', 11, '29.318057', '48.025805', '29.328832968111477', ' 48.010698798828116', '29.31566218582755', '48.03404474609374', '29.310273648429344', '47.98391962402343', '29.318057', '48.025805', 11, 'nothing', 'YES', 'NO', 'YES'),
(63, 3, 102, 'Mahboula', '29.149656', '48.119199', 11, '29.149656', '48.119199', '29.168596182851324', '48.11180651953123', '29.358484163869903', ' 47.9895836191406', '29.088822212198973', '48.124852784179666', '29.149656', '48.119199', 11, 'nothing', 'YES', 'NO', 'YES'),
(64, 3, 102, 'Safat', '29.371264', '47.973479', 11, '29.371264', '47.973479', '29.337184802175145', '48.04572793066404', ' 29.139460897925133', ' 48.12537880957029', '29.270720309749372', '48.05671425878904', '29.371264', '47.973479', 11, 'nothing', 'YES', 'NO', 'YES'),
(65, 3, 102, 'Salmiya', '29.335294', '48.071561', 11, '29.335294', '48.071561', '29.346128769048622', '48.077162471679685', '29.325776659155757', '48.02566405859375', '29.37186238227266', '47.98583861914062', '29.335294', '48.071561', 11, 'nothing', 'YES', 'YES', 'YES'),
(66, 3, 102, 'Surra', '29.313775', '48.00846', 11, '29.313775', '48.00846', '29.340681215716952', '48.013882777343724', '29.345469612894977', '48.038602015624974', '29.259843103676367', '48.0509616347656', '29.313775', '48.00846', 11, 'nothing', 'YES', 'NO', 'YES'),
(67, 4, 67, 'Doha', '25.33386461', '51.53515967', 12, '25.292586665293467', '51.51593379882809', '25.2652674130166', '51.49430446533199', '25.349378581457923', '51.46443538574215', '25.282342666598794', '51.41431026367184', '25.292586665293467', '51.51593379882809', 12, 'both', 'YES', 'YES', 'YES'),
(68, 5, 69, 'Al-Buraimi', '24.167141', '56.114225', 12, '24.257946010533285', '55.779828637695346', '24.264832024174407', '55.79150161132816', '24.239164077946448', '55.793561547851596', '24.241042395992537', '55.76128920898441', '24.257946010533285', '55.779828637695346', 12, 'nothing', 'YES', 'NO', 'YES'),
(69, 5, 69, 'Muscat', '23.34402304', '58.42789536', 11, '23.61168810832467', '58.39699660839847', '23.600991947548366', '58.368844142578155', '23.622383396309328', '58.489693751953155', '23.629932485706632', '58.220528712890655', '23.61168810832467', '58.39699660839847', 11, 'both', 'YES', 'YES', 'YES'),
(71, 5, 69, 'Sohar', '24.14575128', '56.76244574', 11, '24.36110911212807', '56.69652767187495', '24.349223878527592', '56.73085994726557', '24.34281164438773', '56.759012413085884', '24.50036447501488', '56.60932369238276', '24.36110911212807', '56.69652767187495', 11, 'nothing', 'YES', 'NO', 'YES'),
(72, 6, 74, 'Adliya', '26.214488', '50.584754', 13, '26.21371797026272', '50.58956051855466', '26.205555341804164', '50.596770296386694', '26.21572003698102', '50.61427975683591', '26.229425568480856', '50.56484128027341', '26.21371797026272', '50.58956051855466', 13, 'nothing', 'YES', 'NO', 'YES'),
(73, 6, 74, 'Jannusan', '26.228265', '50.495392', 12, '26.211983057344032', '50.55759041845704', '26.223727959369487', '50.50475979833982', ' 26.21572003698102', ' 50.61427975683591', '26.162422524840334', '50.46150113134763', '26.211983057344032', '50.55759041845704', 12, 'nothing', 'YES', 'NO', 'YES'),
(74, 6, 74, 'Manama', '26.236048', '50.586164', 12, '26.211884229325896', '50.575063671875', '26.21721923713902', '50.57647316992188', '26.19534892360779', '50.48171608984376', '26.146665037125032', '50.56789010107423', '26.211884229325896', '50.575063671875', 12, 'nothing', 'YES', 'NO', 'YES'),
(75, 6, 74, 'Muharraq', '26.269898', '50.622255', 12, '26.23305039291071', '50.62404361376957', '26.265159097910335', '50.608365979003906', ' 26.150264380419227', ' 50.56339069824219', ' 26.175532459046753', '50.5475978515625', '26.257376823420064', '50.62232700000004', 12, 'nothing', 'YES', 'NO', 'YES'),
(76, 6, 74, 'Riffa', '26.130454', '50.534376', 11, '26.122606', '50.534262', '26.144323614446392', '50.546795994140666', '26.24844745949742', '50.61408725390629', '26.268152727770673', ' 50.66077914843754', '26.130454', '50.534376', 11, 'nothing', 'YES', 'NO', 'YES'),
(77, 7, 77, 'Amman', '31.80678437', '35.93386476', 12, '31.965175137919818', '35.89678630664059', '31.96401007158953', '35.85558757617184', '32.0047785950936', '35.84185466601559', '31.943036350015177', '35.93523845507809', '31.965175137919818', '35.89678630664059', 12, 'both', 'YES', 'YES', 'YES'),
(78, 7, 77, 'Irbid', '32.43881433', '35.86988206', 12, '32.54364390280143', '35.850312259277416', '32.52975091414716', '35.85546210058601', '32.50717022455069', '35.87468817480476', '32.56737278578573', '35.85820868261726', '32.54364390280143', '35.850312259277416', 12, 'nothing', 'YES', 'NO', 'YES'),
(79, 7, 77, 'Iskan Alia', '31.888408', '35.8555393', 12, '31.891031534605116', '35.85725591376956', '31.888408', ' 35.8547754550782', '31.87266522289137', '35.87064550117191', '31.87266522289137', '35.87064550117191', '31.891031534605116', '35.85725591376956', 12, 'nothing', 'YES', 'YES', 'YES'),
(80, 1, 36, 'Khafji', '28.4276721', '48.4235792', 12, '28.430993217062674', '48.50563333818354', '28.46208589170302', '48.48881052324214', '28.418010076032488', '48.499110205859324', '28.42163343835815', '48.46752451249995', '28.430993217062674', '48.50563333818354', 12, 'nothing', 'YES', 'NO', 'YES'),
(81, 1, 36, 'Seihat', '26.4841646', '49.9924325', 12, '28.42227137833442', '48.49829187499995', '28.46570774462859', '48.47851084062495', '28.418010076032488', '48.499110205859324', '28.42163343835815', '48.46752451249995', '26.4841646', '49.9924325', 11, 'nothing', 'YES', 'YES', 'YES'),
(82, 8, 82, 'Beirut', '33.8892846', '35.4692627', 10, '33.87218301153792', '35.70684204570307', '33.89127956204149', '35.53003082744135', '33.88643457328832', '35.69379578105463', '33.973175175032395', '35.640065770068304', '33.87218301153792', '35.70684204570307', 10, 'nothing', 'YES', 'NO', 'YES'),
(83, 8, 82, 'Byblos', '34.1230191', '35.6431734', 12, '34.11648191149407', '35.68849200351565', '34.11971504071149', '35.6526791487488', '34.090612428499796', '35.67063922031252', '34.143764220063', '35.64283007724612', '34.11648191149407', '35.68849200351565', 12, 'nothing', 'YES', 'NO', 'YES'),
(84, 4, 67, 'Wakrah', '25.1632213', '51.5649311', 12, '25.170368144744618', '51.56527442275387', '25.186835365900897', '51.561497872460905', '25.16011384555937', '51.597203438867155', '25.16011384555937', '51.597203438867155', '25.170368144744618', '51.56527442275387', 12, 'nothing', 'YES', 'NO', 'YES'),
(85, 1, 36, 'Al-Aflaj', '24.582570', '46.534620', 12, '22.281002255913137', '46.72962732421877', '22.291803255401355', '46.713491154785174', '22.310544185189105', ' 46.70216150390627', '22.328012278417948', '46.72138757812502', '22.281002255913137', '46.72962732421877', 12, 'nothing', 'YES', 'NO', 'YES'),
(86, 1, 36, 'Dhahran', '26.302500', '50.145969', 11, '26.302500', '50.145969', '26.31542593635089', ' 50.123996343750036', ' 26.30311555347058', '50.19952734960941', '26.2723338767108', '50.200213995117224', '26.302500', '50.145969', 11, 'nothing', 'YES', 'NO', 'YES'),
(87, 5, 69, 'Nizwa', '22.917450', '57.632500', 10, '22.62114294342294', '57.816520996093686', '22.503201817662884', '58.04036743164056', '22.41817107223547', '57.602287597656186', '22.722516819838077', '57.989555664062436', '22.62114294342294', '57.816520996093686', 10, 'nothing', 'YES', 'NO', 'YES'),
(88, 2, 47, 'Al-Gharbia', '23.6414741', '53.6527612', 11, '23.6414741', '53.6527612', '0', '0', '0', '0', '0', '0', '23.6414741', '53.6527612', 11, 'nothing', 'YES', 'YES', 'YES'),
(94, 1, 36, 'Al-Zilfi', '26.301831', '44.814781', 13, '26.301831', '44.814781', '26.301831', ' 44.81478100000004', ' 26.280900116660398', '44.8127210634766', '26.301831', '44.81478100000004', '26.301831', '44.814781', 13, 'nothing', 'YES', 'YES', 'YES'),
(95, 7, 77, 'Aqaba', '29.542403', '34.996417', 11, '29.542403', '34.996417', '29.542403', ' 34.996417000000065', '29.572267358280172', '35.03555579394538', '29.572267358280172', '35.03555579394538', '29.542403', '34.996417', 11, 'nothing', 'YES', 'YES', 'YES'),
(96, 6, 74, 'Awali', '26.089622', '50.547226', 11, '26.089622', '50.547226', '26.180855208525763', '50.534179735351586', '26.093938689516754', '50.5458527089844', '26.055082752175664', '50.5788116933594', '26.089622', '50.547226', 11, 'nothing', 'YES', 'YES', 'YES'),
(98, 5, 69, 'Sur', '22.565921', '59.506762', 12, '22.565286923555583', '59.48375937548826', '22.565921', ' 59.50676199999998', ' 22.555775427007195', ' 59.49577567187498', ' 22.555775427007195', ' 59.49577567187498', '22.565286923555583', '59.48375937548826', 12, 'nothing', 'YES', 'YES', 'YES'),
(99, 5, 69, 'Salalah', '17.0563199', '53.972339', 12, '17.048770633259128', '54.11653455664066', '17.014631012009712', '54.08357557226566', '17.04975533752721', '54.16116651464847', '17.015287601936972', '54.16562971044925', '17.048770633259128', '54.11653455664066', 12, 'nothing', 'YES', 'YES', 'YES'),
(100, 3, 62, 'Dasman', '29.388454', '29.388454', 11, '47.997964', '47.997964', '29.386850535752647', ' 47.99976644445803', '29.383709452199522', ' 48.0006247513428', '47.997964', '47.997964000000024', '29.388454', '29.388454', 11, 'nothing', 'YES', 'YES', 'YES'),
(101, 3, 62, 'Fintas', '29.171192', '29.171192', 11, '48.118512', '48.118512', '29.16935245727117', '48.118855322753916', '29.175947483724805', '48.1181686772461', '29.175947483724805', '48.1181686772461', '29.171192', '29.171192', 11, 'nothing', 'YES', 'YES', 'YES'),
(102, 3, 102, 'Kuwait', '29.375795', '47.977282', 11, '29.37040964097293', '47.99170155566412', '29.34347857314338', '48.02191395800787', '29.281210654502644', '48.07066578906256', '29.31534296928199', '47.896944475586', '29.375795', '47.977282', 11, 'both', 'YES', 'YES', 'YES'),
(103, 3, 102, 'Khaldia', '29.324582', '29.324582', 11, '47.964263', '47.964263', '29.326323932614862', '47.96512130688484', '29.29743507726035', '47.99653533886726', '29.268088805289306', '47.948470153320386', '29.324582', '29.324582', 11, 'nothing', 'YES', 'YES', 'YES'),
(104, 3, 102, 'Shuwaikh', '29.354742', '29.354742', 11, '47.909722', '47.909722', '29.25861643662549', '47.94817414843749', '29.255621167759504', '47.93856111132811', '29.245436597545623', '47.88568940722655', '29.354742', '29.354742', 11, 'nothing', 'YES', 'NO', 'YES'),
(105, 3, 102, 'Khaitan', '29.280134', '47.976274', 11, '29.280134', '47.976274', '29.280134', '47.97627399999999', '29.27055084791539', '47.97833393652343', '29.291512825873983', '47.93507526953124', '29.280134', '47.976274', 11, 'nothing', 'YES', 'NO', 'YES'),
(106, 1, 36, 'Sajir', '25.186023', '44.601896', 13, '25.186023', '44.601896', '25.20046891988743', '44.60241098413087', '25.169244943336487', '44.6121956826172', '25.166759108904756', '44.609277439208995', '25.186023', '44.601896', 13, 'nothing', 'YES', 'NO', 'YES');

-- --------------------------------------------------------

--
-- Table structure for table `tbl_clinics`
--

CREATE TABLE `tbl_clinics` (
  `Clinic_Id` int(6) NOT NULL,
  `Country_Id` int(6) NOT NULL,
  `City_Id` int(6) NOT NULL,
  `Clinic_Code` varchar(255) NOT NULL,
  `Clinic_Name` varchar(200) NOT NULL,
  `Clinic_Latitude` varchar(20) NOT NULL,
  `Clinic_Longitude` varchar(20) CHARACTER SET utf16 NOT NULL
) ENGINE=InnoDB DEFAULT CHARSET=utf8;

--
-- Dumping data for table `tbl_clinics`
--

INSERT INTO `tbl_clinics` (`Clinic_Id`, `Country_Id`, `City_Id`, `Clinic_Code`, `Clinic_Name`, `Clinic_Latitude`, `Clinic_Longitude`) VALUES
(1, 5, 71, 'O-1502', 'Fakhriya Polyclinic - Al-Tafwoq Al-Aali For Trading', '24.320103', '56.754913'),
(2, 1, 25, '32693', 'Tadawy Specialized Polyclinic', '18.324671', '42.756279'),
(3, 1, 25, '32695', 'Elite General Medical Polyclinic', '18.273349', '42.7369'),
(4, 4, 67, 'Q-1502', 'Shine Technology Company', '25.272997', '51.513512'),
(5, 4, 67, 'Q-1504', 'Al-Shami Medical Center', '25.21867', '51.478665'),
(6, 4, 67, 'Q-1505', 'Rayhan Medical Complex', '25.334627', '51.476663'),
(7, 1, 36, '32796', 'BL - Jaddat Al-Bunduqia Derma & Dental Polyclinic', '24.815804', '46.892732'),
(8, 1, 36, '32711', 'Masan Medical Center', '24.563313', '46.645441'),
(9, 2, 50, 'U-2469', 'Derma Dent Medical Centre', '25.351856', '55.413734'),
(10, 1, 22, '32723', 'Medical Reference Center', '21.611768', '39.119973'),
(11, 1, 22, '32704', 'Dr Softah’s Medical Center', '21.617119', '39.149226'),
(12, 1, 15, '32699', 'Medical Care Polyclinic', '20.014613', '42.62134'),
(13, 1, 15, '32700', 'Al- Shaier Medical Center', '20.012122', '42.62035'),
(14, 1, 41, '32707', 'Atlas Medical Center', '21.467423', '40.495402'),
(15, 1, 30, '32701', 'Adeem Al-Haya Medical Company', '26.3707', '43.944873'),
(16, 7, 77, 'J-1542', 'Donia Techniques Company for Projects Management', '31.954724', '35.899102'),
(17, 3, 102, 'K-4385', 'Dr. Fahad Sulaiman Ibrahim Bohaimed', '29.384226', '47.991338'),
(18, 1, 29, '32705', 'Basmat Al-Fayrouz Dental Center', '17.550584', '44.291902'),
(19, 1, 23, '32712', 'Al-Waseet Medical Center', '16.929074', '42.559442'),
(20, 3, 65, 'K-4386', 'Beverly Hills Medical Center – Kuwait', '29.346203', '48.084652'),
(21, 1, 36, '32719', 'Rand Al-Sham Dental Clinic Complex', '24.747509', '46.773882'),
(22, 1, 6, '32721', 'Al-Kaf International Medical Center Company', '26.31506', '50.222377'),
(23, 5, 69, 'O-1505', 'Altabeeb Medical Commercial Services L.L.C', '23.599818', '58.446284'),
(24, 1, 24, '32752', 'Wadi Ram Dental Clinics', '27.134774', '49.565119'),
(25, 3, 102, 'K-4388', 'Dr. Mariam Jaser Abdul Mohsen Alshammari Clinic', '29.386037', '47.98403'),
(26, 1, 36, '32725', 'BL - Premiere Clinic', '24.69258', '46.6718'),
(27, 3, 102, 'K-4390', 'Samah Mansour', '29.367434', '48.009002'),
(28, 1, 34, '32689', 'Health Care Medical General Polyclinic', '21.25021', '42.847982'),
(29, 1, 36, '32726', 'Ok Clinic', '24.788399', '46.658444'),
(30, 1, 38, '32727', 'Zahraa Al-Jouf Polyclinic', '29.952006', '40.189577'),
(31, 1, 41, '32731', 'Your Doctor Consultations Polyclinics', '21.243214', '40.451618'),
(32, 1, 41, '32736', 'Alsitteen Doctors General Medical Company', '21.44253', '40.483096'),
(33, 3, 65, 'K-4397', 'Carolez Clinic', '29.332759', '48.086345'),
(34, 1, 9, '32739', 'Dr. Zaki Dental and Dermal Clinic', '26.55222', '49.998468'),
(35, 1, 12, '32740', 'Lamst Jamal Medical Complex', '25.855638', '43.501997'),
(36, 3, 58, 'K-4399', 'Crystal clinic', '29.276321', '47.967036'),
(37, 1, 28, '32745', 'Albishri Medical Company', '21.368251', '39.837448'),
(38, 2, 47, 'U-2494', 'Derma Zone Laser and Cosmetic Center LLC', '25.181143', '55.224364'),
(39, 1, 6, '32749', 'Pearl Company for Medical Services', '26.211765', '50.212818'),
(40, 1, 43, '32751', 'Ram Yanbu Medical Company', '24.002754', '38.181089'),
(41, 1, 22, '32753', 'Ram Dental Complex', '21.622893', '39.199625'),
(42, 1, 22, '32762', 'Al-Hanan Al-Mutamaiz Medical Center', '21.58051', '39.208289'),
(43, 4, 84, 'Q-1508', 'Silk Road for Laser Treatment', '25.180187', '51.568398'),
(44, 2, 44, 'U-2506', 'Derma Medical Center L.L.C', '24.457425', '54.373153'),
(45, 3, 57, 'K-4403', 'Sazdel Clinic', '29.184791', '48.117518'),
(46, 2, 47, 'U-2509', 'Rona Mahmoud Rabah Beauty Clinic', '25.185344', '55.264991'),
(47, 1, 20, '32770', 'Al-Manar Medical Complex', '27.510932', '41.686206'),
(48, 1, 2, '32811', 'Dr. Hamza Medical Complex', '18.224017', '42.55615'),
(49, 1, 33, '32771', 'Mazaya Lamar Medical Complex', '29.63031', '43.521208'),
(50, 1, 38, '32776', 'Mazaya Lamar Medical Complex - Skaka', '29.93323', '40.189513'),
(51, 1, 43, '32779', 'Dr. Sari Al-Qahtani General Medical Co.', '24.093734', '38.056023'),
(52, 5, 69, 'O-1513', 'Al-Amani Specialized Medical Center', '23.601919', '58.385671'),
(53, 1, 36, '32780', 'Aqsati Trading Est.', '24.804167', '46.673525'),
(54, 1, 36, '32784', 'Wahag Derma and Dental Medical Clinics', '24.809521', '46.778402'),
(55, 1, 28, '32786', 'Aspect of Medical Care Company', '21.380609', '39.776831'),
(56, 2, 47, 'U-2529', 'M & A Beauty Center', '25.225007', '55.41838'),
(57, 3, 102, 'K-4405', 'Illumina Clinic', '29.370383', '47.992406'),
(58, 3, 53, 'K-4406', 'Al-Rawasy M.C. - Bellissima Clinic', '29.34805', '48.0325'),
(59, 3, 52, 'K-4408', 'Dr. Anwar Al-Anzy Private Polyclinic', '29.353684', '47.665492'),
(60, 1, 36, '32795', 'Dr. Saed Saad Al-Harthi Medical Group', '24.802605', '46.630941'),
(61, 1, 2, '32797', 'The Medical Garden Polyclinic', '18.237294', '42.580185'),
(62, 1, 36, '32850', 'Al-Ghad Specialisted Medical Company', '24.653321', '46.579455'),
(63, 1, 20, '32799', 'National Hail Company For Healthcare', '27.582017', '41.709118'),
(64, 2, 47, 'U-2538', 'Gardynia Laser Cosmetic Center L.L.C', '25.125018', '55.202399'),
(65, 2, 47, 'U-2539', 'Oxygen Plus Medical Centre L.L.C', '25.229351', '55.286443'),
(66, 2, 47, 'U-2541', 'Novomed Specialized Surgical Hospital L.L.C', '25.075109', '55.139992'),
(67, 4, 67, 'Q-1512', 'Beauty Medical Center', '25.248941', '51.482995'),
(68, 4, 67, 'Q-1513', 'Middle East Health Care', '25.244444', '51.510241'),
(69, 1, 36, '32818', 'Al-Sumo Dental Company', '24.821088', '46.729902'),
(70, 1, 36, '32820', 'Key Dent Company', '24.76276', '46.671575'),
(71, 2, 47, 'U-2556', 'Dubai London Clinic - Festival City Branch', '25.222714', '55.35623'),
(72, 2, 50, 'U-2558', 'Transworld Properties International L.L.C', '25.326751', '55.378584'),
(73, 3, 52, 'K-4414', 'Bandar Clinic', '29.353332', '47.668288'),
(74, 4, 67, 'Q-1514', 'Al-Malakya Clinics', '25.240818', '51.459352'),
(75, 1, 13, '32830', 'Hayat Abha Polyclinic', '18.500429', '42.062978'),
(76, 2, 50, 'U-2561', 'Akbar Ali Laser & Skin Medical Centre L.L.C', '25.311061', '55.459351'),
(77, 1, 36, '32835', 'Dr. Marzooq Hussain Al - Qanas Dental Clinics Complex Co.', '24.783096', '46.631888'),
(78, 2, 50, 'U-2563', 'Dr. Zainab Salim Al-Azzawi Clinic', '25.323585', '55.382705'),
(79, 1, 15, '32847', 'Rannom Medical Polyclinic', '20.015336', '42.621943'),
(80, 1, 6, '32836', 'Crystal Al-Khobar Dental Polyclinic', '26.303295', '50.207202'),
(81, 1, 16, '32838', 'Cham-2 Dental Cinics Complex', '26.459222', '50.095752'),
(82, 2, 47, 'U-2568', 'Engineering Office Of HH Sheikh Mohammed Bin Rashid Al Maktoum', '25.217212', '55.275392'),
(83, 2, 47, 'U-2569', 'Aesthetic Dermal Medical Centre L.L.C. (ZO Skin Center)', '25.168667', '55.215455'),
(84, 1, 30, '32840', 'Selva Medical Complex', '26.369328', '43.932936'),
(85, 2, 47, 'U-2546', 'S S Lootah International Investment Group L.L.C', '25.274093', '55.344862'),
(86, 3, 65, 'K-4411', 'Al-Ghadeer Polyclinic', '29.33591', '48.080345'),
(87, 1, 3, '32815', 'Saudi Elite Medical Complex', '23.89875', '42.907668'),
(88, 1, 29, '32844', 'Narsis Polyclinic', '17.533888', '44.212655'),
(89, 1, 36, '32846', 'Elite Treatment Medical Centre', '24.79981', '46.783413'),
(90, 2, 47, 'U-2572', 'Nova Plastic Surgery Clinic', '25.142979', '55.207185'),
(91, 4, 67, 'Q-1515', 'Planet Medical Center', '25.261269', '51.456018'),
(92, 1, 40, '32849', 'Ain Al-Hayah Medical Center', '28.439649', '36.549559'),
(93, 1, 36, '32855', 'Smiles Dental and Dermatology Polyclinics', '24.801952', '46.742941'),
(94, 2, 47, 'U-2574', 'Kings Medical Center L.L.C', '25.265253', '55.321131'),
(95, 2, 50, 'U-2577', 'Lio Medical Center', '25.422771', '55.493082'),
(96, 5, 68, 'O-1522', 'Skin Care Dermatology and Laser Centre', '24.255384', '55.798903'),
(97, 5, 69, 'O-1525', 'Promise Advanced Projects', '23.638359', '58.130564'),
(98, 5, 69, 'O-1527', 'YADT SAD LTFY ALTKHSSY LLC', '23.605219', '58.451489'),
(99, 2, 44, 'U-2588', 'Cseh Elixir Medical Center L.L.C.', '24.473359', '54.317828'),
(100, 2, 44, 'U-2590', 'Adam And Eve Cosmetic Medical Center', '24.493252', '54.372473'),
(101, 1, 22, '32859', 'Rama Specialized Company', '21.525317', '39.16886'),
(102, 1, 22, '32860', 'BL - Peacock Medical Care Complex', '21.757976', '39.119783'),
(103, 3, 102, 'K-4417', 'Talal Ahmad Khalifa Al-Khader', '29.367402', '48.00886'),
(104, 2, 47, 'U-2602', 'Balsam for Health Promotion FZ-LLC', '25.144486', '55.208429'),
(105, 1, 15, '32871', 'Al-Reyada Al-Hadetha Polyclinic', '20.00563', '42.617596'),
(106, 7, 77, 'J-1546', 'Hiba Shaker Hamza Zaitoun', '31.996237', '35.837086'),
(107, 2, 50, 'U-2604', 'Dr. Fawzia Al-Jeziri Medical Center - Al-Falaj', '25.356182', '55.439993'),
(108, 1, 22, '32872', 'Rehab Beauty Medical Center', '21.625742', '39.13584'),
(109, 1, 36, '32873', 'Elajcom Medical Company', '24.777121', '46.822689'),
(110, 2, 45, 'U-2610', 'Huda Al-Alousi Specialized Medical Center', '25.41917', '55.488932'),
(111, 5, 69, 'O-1538', 'VLCC International L.L.C', '23.603708', '58.44908'),
(112, 1, 15, '32878', 'BL - Beauty Medical Gulf Care Complex', '19.556008', '41.955957'),
(113, 1, 39, '32882', 'Al-Amal & Kher Medical Company', '25.232668', '45.259881'),
(114, 5, 69, 'O-1543', 'Khimji’s Health Care L.L.C', '23.609628', '58.552183'),
(115, 2, 47, 'U-2637', 'ABOUT YOU POLY CLINIC', '25.240679', '55.272497'),
(116, 3, 53, 'K-4426', 'M. Samia Al-Ghanem Clinic', '29.348368', '48.03263'),
(117, 4, 67, 'Q-1518', 'Al-Danah Medical Company', '25.252024', '51.475016'),
(118, 3, 65, 'K-4427', 'Orlandoo Clinic', '29.335337', '48.053819'),
(119, 1, 29, '32901', 'Al-Shifaa Medical Hospital', '17.550447', '44.291671'),
(120, 1, 36, '32902', 'Awan Medical Complex', '24.598932', '46.69284'),
(121, 1, 22, '32905', 'Andalusia Hai Al Jamea Hospital', '21.509698', '39.175672'),
(122, 2, 47, 'U-2648', 'Mashrabia Interiors Decoration L.L.C', '25.103562', '55.176397'),
(123, 1, 22, '32907', 'Khaled Edrees Specialized Medical Center', '21.573926', '39.142743'),
(124, 1, 22, '32909', 'Health Horizon Company Ltd', '21.546956', '39.137024'),
(125, 1, 22, '32911', 'Al Alameya Polyclinic', '21.626602', '39.135394'),
(126, 1, 22, '32912', 'Divine Beauty Polyclinic', '21.547882', '39.13421'),
(127, 4, 67, 'Q-1520', 'Q-Land medical Center', '25.338141', '51.473322'),
(128, 1, 19, '32917', 'Nokhbet Al-Mogtama Medical Services Company Ltd', '28.412199', '45.981189'),
(129, 2, 47, 'U-2661', 'Oud Al-Muteena Medical Center', '25.261367', '55.441117'),
(130, 1, 85, '32924', 'Qara Medical Complex', '22.286814', '46.727717'),
(131, 4, 67, 'Q-1522', 'Vital Health Technologies Trading', '25.290822', '51.504078'),
(132, 2, 44, 'U-2665', 'Your Dental & Medical Center L.L.C', '24.407394', '54.571579'),
(133, 1, 30, '32926', 'Kawader Medical Dental complex', '26.383941', '43.928287'),
(134, 1, 22, '32930', 'Healthy Beauty Medical Complex', '21.611935', '39.119825'),
(135, 3, 65, 'K-4436', 'Dr. Abdullah Mohamed Al-Zoabi', '29.347024', '48.085505'),
(136, 1, 36, '32931', 'Technology Care Limited Company', '24.783168', '46.683889'),
(137, 2, 44, 'U-2670', 'Burjeel Day Surgery Center L.L.C, Al Reem', '24.495061', '54.408701'),
(138, 6, 74, 'B-1475', 'Dr. Khaled Yousef Clinic Cosmetics Laser And Dermatology S.P.C', '26.215713', '50.568302'),
(139, 1, 25, '32934', 'Abdullah Mohamad Al-Qahtani Medical Center', '18.315977', '42.692947'),
(140, 2, 50, 'U-2672', 'Ishaq Bin Omran Medical Center LLC', '25.300381', '55.538938'),
(141, 5, 71, 'O-1550', 'Bright Smile Dental and Beauty Center', '24.141184', '56.870018'),
(142, 1, 23, '32937', 'Ayar Alsabea Dental Center', '16.929481', '42.553396'),
(143, 2, 47, 'U-2673', 'NMC Trading LLC', '25.289436', '55.353986'),
(144, 2, 47, 'U-2674', 'Royal Model Medical Center', '25.234104', '55.270289'),
(145, 1, 2, '32941', 'Alaa Moshreqa Medical Center', '18.786547', '42.249742'),
(146, 1, 22, '32943', 'Ahmed Salmin Balghason General Medical Complex', '21.498281', '39.212704'),
(147, 1, 16, '32945', 'Siba Smile for Dental Clinics', '26.459196', '50.090863'),
(148, 1, 23, '32948', 'Mohamad Abdo Hakami Private Medical Complex Branch', '16.912696', '42.559975'),
(149, 1, 41, '32949', 'Planet Complex of General Medical Healing', '21.285326', '40.432155'),
(150, 1, 16, '32950', 'Ibn Sina Dental Center ltd Company', '26.452475', '50.123507'),
(151, 1, 22, '32951', 'My Health Specialized Medical Complex', '21.566883', '39.224495'),
(152, 3, 102, 'K-4442', 'Medusa Medical Spa', '29.333118', '48.082831'),
(153, 1, 28, '32954', 'Kafaat General Medical Polyclinic', '21.393213', '39.788824'),
(154, 1, 36, '32973', 'Rafa Polyclinics', '24.81145', '46.765863'),
(155, 1, 36, '32975', 'Inlimited Medical Care Company', '24.47126', '46.274385'),
(156, 1, 17, '32977', 'Abdullah Saad Abu Zeed Medical Complex – Fouz Medical Co. Branch', '24.502662', '44.385996'),
(157, 1, 19, '32985', 'Tulip Medical Complex', '28.402983', '45.989907'),
(158, 1, 22, '33003', 'Zahia Omar Bahussein Specialized Medical Complex', '21.551716', '39.157121'),
(159, 3, 65, 'K-4483', 'Mr. Ahmed Mohammad Al-Sayed Salamh Ahmed', '29.342238', '48.095334'),
(160, 2, 50, 'U-2692', 'Basmat Al Hayat Medical Center', '25.335364', '55.375582'),
(161, 4, 67, 'Q-1529', 'Occumed Polyclinic WLL', '25.207868', '51.452293'),
(162, 2, 88, 'U-2698', 'Al Dhafra Hospitals – Seha', '23.651003', '53.675967'),
(163, 4, 67, 'Q-1530', 'The Wellness Lab', '25.255478', '51.530659'),
(164, 5, 69, 'O-1561', 'Jannat International Trading', '23.601856', '58.364126'),
(165, 2, 46, 'U-2709', 'Derma Zone Laser and Cosmetic Center', '24.223516', '55.724845'),
(166, 4, 67, 'Q-1531', 'Cleveland Medical Center', '25.336581', '51.467833'),
(167, 6, 74, 'B-1480', 'Rawnaq Dental And Derma Clinics', '26.219864', '50.573917'),
(168, 2, 50, 'U-2728', 'SANA HABIB MEDICAL CENTRE LLC', '25.34478', '55.387467'),
(169, 1, 22, '33107', 'Maya Medical Complex', '21.547969', '39.148179'),
(170, 2, 47, 'U-2703', 'Blue Angel Polyclinic L.L.C', '25.23612', '55.271296'),
(171, 5, 69, 'O-1556', 'ALRHMT Medical Center LLC', '23.614473', '58.223146'),
(172, 3, 102, 'K-4508', 'Alia Mohamed Naser Al-Azmy- Al-Qima Polyclinic 1st Floor', '29.09211', '48.131604'),
(173, 3, 102, 'K-4518', 'Dr. Mohammad Abdulkareem & Dr.Hasan Aziz Clinic', '29.367232', '48.009074'),
(174, 5, 87, 'O-1576', 'Goharat Al-Sharqiya Specialized Medical Complex', '22.50269', '58.034411'),
(175, 5, 87, 'O-1578', 'MRKZ ALHYAH Al ALMY ALTBY LLC', '22.874304', '57.531217'),
(176, 2, 47, 'U-2718', 'GC Leasing Middle East FZCO', '25.091489', '55.159186'),
(177, 1, 41, '33112', 'Taj Al-Hikmah General Complex', '21.278023', '40.437568'),
(178, 2, 88, 'U-2733', 'Dr. Suad Lutfi Specialist Clinic LLC - Branch 1', '23.623579', '53.715736'),
(179, 1, 22, '33124', 'Al-Shakreen Specialized Center', '21.471958', '39.237522'),
(180, 3, 102, 'K-4566', 'Global Speed Trading Group', '29.342246', '48.095339'),
(181, 1, 36, '33142', 'BL - Antakya Medical Complex', '24.784919', '46.776038'),
(182, 1, 22, '33149', 'United Medical Care Complex', '21.594674', '39.160256'),
(183, 1, 36, '33170', 'Ora Medical Company', '24.807976', '46.757165'),
(184, 4, 67, 'Q-1545', 'Marble Medical Center', '25.351422', '51.495619'),
(185, 2, 47, 'U-2737', 'Dr. Rosan Humydani Dermatology & Beauty Clinic L.L.C', '25.091489', '55.159186'),
(186, 1, 22, '33184', 'Hoda ElSaid Ahmed Shemis', '21.594674', '39.160256'),
(187, 1, 36, '33188', 'Viola Medical Complex', '23.503623', '46.89249'),
(188, 1, 22, '33189', 'Stars Smile Specialized Medical Complex', '21.791667', '39.130121'),
(189, 2, 44, 'U-2738', 'Dr. Mazen One Day Care Surgery L.L.C', '24.4783', '54.3546'),
(190, 3, 61, 'K-4580', 'Mandarin National for General Trading and Contracting', '29.323037', '48.015021'),
(191, 2, 47, 'U-2741', 'Fakih Medical Center L.L.C', '25.145253', '55.208358'),
(192, 4, 67, 'Q-1565', 'The Skinart Medical Center', '25.342413', '51.44942'),
(193, 4, 67, 'Q-1566', 'Platinum Dental Center', '25.246776', '51.463604'),
(194, 1, 29, '33213', 'Dawaa Al Salama Medical Clinic', '17.554803', '44.240792'),
(195, 4, 67, 'Q-1593', 'Al-Dimashqui Medical Center', '25.334328', '51.486925'),
(196, 1, 6, '33221', 'Sehat Al-Sharq Medical Company Ltd.', '26.310869', '50.21303'),
(197, 1, 40, '33225', 'Clinics 37', '28.381942', '36.588226'),
(198, 2, 49, 'U-2749', 'Arabian Healthcare Group L.L.C', '25.768591', '55.976372'),
(199, 1, 28, '33231', 'Al-Majid Specialized Dental Complex', '21.558582', '39.77483'),
(200, 2, 47, 'U-2750', 'Estelaza Clinic L.L.C', '25.126722', '55.396948'),
(201, 1, 36, '33240', 'Pretty Smile Dental Center', '24.783953', '46.683594'),
(202, 2, 47, 'U-2753', 'Glamour Care Clinics', '25.144816', '55.194811'),
(203, 1, 36, '33255', 'Al-Tabeeb Medical Company', '24.707882', '46.738924'),
(204, 1, 41, '33288', 'Al Watan Shehar General Medical Complex', '21.2569', '40.40841'),
(205, 1, 42, '33289', 'Nayef Farhan Mohamed Al Dossary Medical Polyclinic', '20.449703', '44.852248'),
(206, 2, 47, 'U-2761', 'Mr. Valdimir Zunic', '25.161178', '55.220153'),
(207, 1, 36, '33305', 'Primary Care Medical Co. LTD', '24.595049', '46.594229'),
(208, 2, 47, 'U-2768', 'Shahira Shoukat Joz', '25.198355', '55.442344'),
(209, 1, 6, '33324', 'Mouwasat Medical Services - Al-Khobar', '26.346596', '50.189787'),
(210, 1, 13, '33333', 'BL - Ibraheem Soliman Ahmad Medical Center', '18.577157', '42.032388'),
(211, 1, 36, '33334', 'Rakaiz Alluluah Medical Company', '24.803416', '46.605283'),
(212, 7, 77, 'J-1553', 'Radiance Medical and Beuty Complex', '31.997171', '35.844492'),
(213, 3, 53, 'K-4615', 'Abdullah Khaled Abdullah Al-Dahash', '29.34836', '48.032633'),
(214, 1, 37, '33385', 'Kobaraa Morayaa Polyclinic', '17.151543', '42.647238'),
(215, 1, 36, '33409', 'Dr. Mohammad Rashid Alfagih & Partners Co', '24.77975', '46.791129'),
(216, 1, 41, '33415', 'Al-Khurma Family General Medical Complex', '21.910985', '42.032361'),
(217, 1, 16, '33417', 'Touch of Gold Medical Services Co.', '26.283202', '50.198414'),
(218, 1, 6, '33433', 'Bright Medical Center', '26.30808', '50.177176'),
(219, 1, 36, '33456', 'White Medical Company', '24.811387', '46.647087'),
(220, 1, 26, '33458', 'Beauty Oasis Medical Company', '24.433596', '39.654926'),
(221, 1, 22, '33460', 'Eternal Beauty Clinic', '21.563346', '39.142986'),
(222, 1, 19, '33466', 'Durar Al Mass Medical Complex', '28.408547', '45.964641'),
(223, 1, 20, '33488', 'Jamaly Hail Specialized Medical Center', '27.483956', '41.674727'),
(224, 1, 20, '33489', 'Al Wesam First Medical Center', '27.469957', '41.661245'),
(225, 1, 26, '33491', 'The Golden Clinic', '24.510922', '39.564353'),
(226, 1, 25, '33496', 'Al-Andalus Modern Medical Center', '18.301861', '42.723384'),
(227, 1, 36, '33497', 'Oscar Medical Complex', '24.77031', '46.715344'),
(228, 1, 28, '33502', 'Al-Bader Complex Dental and Dermatology', '21.387224', '39.796382'),
(229, 1, 106, '33505', 'Bait Aba Al Khail Medical Complex', '25.199074', '44.601762'),
(230, 1, 36, '33525', 'Ebrahim M. Almana & Bros Co.', '24.680996', '46.692095'),
(231, 1, 22, '33528', 'Almanar Almomayaz Medical Complex', '21.610068', '39.231202'),
(232, 2, 44, 'U-2784', 'Aura Aesthetics Dermatology And Venerology Clinic LLC', '24.4216', '54.5766'),
(233, 1, 29, '33531', 'Dawaa Al Salama Medical Clinic - Al-Hadan', '17.457029', '44.112189'),
(234, 1, 5, '33550', 'Bella Diva Dental Clinic', '24.16012', '47.310024'),
(235, 2, 50, 'U-2786', 'LAMSAT FAKHAMAH MEDICAL CENTRE L L C', '25.348079', '55.398324'),
(236, 1, 3, '33555', 'Dariyah Care Medical Complex', '24.70677', '42.930831'),
(237, 1, 40, '33560', 'Care Secret Polyclinic', '28.415483', '36.567333'),
(238, 1, 19, '33561', 'White Beauty Center', '28.374048', '45.961505'),
(239, 1, 36, '33562', 'Median Medical Services Company', '24.824758', '46.640261'),
(240, 1, 41, '33571', 'Al Badr Smile Medical Complex', '21.274374', '40.427981'),
(241, 1, 36, '33572', 'Eram Najd Medical Company', '24.824268', '46.641315'),
(242, 1, 41, '33576', 'Razan Smile Specialized Medical Complex', '21.266665', '40.410345'),
(243, 1, 33, '33580', 'Mgadel Al Rayan General Medical Complex', '30.367067', '42.232432'),
(244, 3, 63, 'K-4618', 'Lebanon United Company For Managing Specialized Medical Centers', '29.149709', '48.119197'),
(245, 1, 22, '33583', 'Care Al Nahdi limited company one person company', '21.618884', '39.202446'),
(246, 6, 74, 'B-1505', 'Smart Care Medical Center', '26.209362', '50.567055'),
(247, 1, 36, '33592', 'Rasayel Alsharq Medical Center', '24.803498', '46.870828'),
(248, 1, 36, '33593', 'Healthy International Medical Company', '24.867031', '46.64059'),
(249, 1, 36, '33594', 'Gulf Medical Complex (1)', '24.55407', '46.857828'),
(250, 1, 40, '33598', 'Zaid Al Arjan Medical Complex', '28.415807', '36.571614'),
(251, 1, 6, '33601', 'Mohammad Dossary Hospital', '26.280183', '50.204455'),
(252, 1, 36, '33613', 'Bahia Abdullah Suliman Al-Nosian Clinic', '24.7197', '46.792192'),
(253, 1, 2, '33653', 'AlMahallah Pulse Medical Center', '18.293357', '42.593295'),
(254, 1, 22, '33686', 'Charm Medical Services company', '21.569871', '39.134458'),
(255, 1, 36, '33763', 'Sultan Alshifa Medical Company', '24.791054', '46.625208'),
(256, 1, 36, '33789', 'Meras Arabian Medical Holding Company', '24.813922', '46.631991'),
(257, 1, 36, '33793', 'Wagan Medical Company', '24.694742', '46.752178'),
(258, 1, 36, '33800', 'Bait Aba Al Khail Medical Complex | Riyadh', '24.833361', '46.812317'),
(259, 1, 13, '33804', 'Perfect Care Specialized Medical Complex', '18.951845', '42.17921'),
(260, 1, 36, '33832', 'Dr.Abdulhameed Alrajhi Medical Center', '24.746034', '46.705734'),
(261, 1, 30, '33865', 'Skin Soft Clinic', '26.083373', '43.978364'),
(262, 8, 82, 'L-1513', 'Huda Amir Mohamed Rahmani', '', ''),
(263, 8, 82, 'L-1518', 'Dermacure Clinic', '33.896937', '35.485785'),
(264, 3, 102, 'K-4619', 'BL- Integrated Medical Clinics', '29.264365', '48.078529'),
(265, 4, 67, 'Q-1602', 'Al Shamal Medical Center W.L.L', '25.379058', '51.46882'),
(266, 7, 77, 'J-1557', 'Dr. Lina Ali Moh’d Khader', '31.946748', '35.878638'),
(267, 7, 77, 'J-1558', 'Dr.Ibtehal Omar Hasan Al-Jundi', '31.970987', '35.876052'),
(268, 7, 78, 'J-1560', 'Dr. Mawaddah Yahya Ateih Ababnih', '32.52466', '35.877868'),
(269, 7, 77, 'J-1561', 'Dr. Enas Abdel Karim Hussein Alawin', '31.954961', '35.856196'),
(270, 2, 46, 'U-2812', 'Sama Surge Medical Center – Sole proprietorship L.L.C', '24.239443', '55.71856'),
(271, 2, 47, 'U-2813', 'Gargash Hospital L.L.C', '25.127429', '55.1967'),
(272, 4, 67, 'Q-1603', 'Dr. Ashish Bhola Clinic', '25.265094', '51.47533'),
(273, 5, 69, 'O-1641', 'Hebat Al Amal Trading Co. LLC', '23.590953', '58.383661'),
(274, 2, 46, 'U-2817', 'Integral Health Care Medical equipment', '24.211412', '55.745841'),
(275, 5, 69, 'O-1645', 'Arak Medical Clinics', '23.591312', '58.38373'),
(276, 3, 102, 'K-4626', 'Cephidor for Perfumes and Cosmetics', '29.348358', '48.032628'),
(277, 2, 50, 'U-2834', 'NEWYORK MEDICAL CENTRE', '25.340231', '55.385879'),
(278, 3, 65, 'K-4628', 'Ahmad Darweesh Ali Almansouri', '29.340055', '48.052397'),
(279, 3, 102, 'K-4629', 'Dr. Misfer Ali Hamad Al-Ajmi - Polyclinic', '29.264654', '48.085003'),
(280, 3, 102, 'K-4630', 'Haneen A A Alraqum', '29.370354', '47.992417'),
(281, 5, 87, 'O-1657', 'Promise Advanced Projects - City Skin Center - Ibri', '23.259962', '56.522744'),
(282, 2, 45, 'U-2848', 'Amina Medical Center – L.L.C', '25.415865', '55.504325'),
(283, 3, 65, 'K-4633', 'Dr. Kholoud Waleed Marshad', '29.329118', '48.088634'),
(284, 5, 87, 'O-1665', 'Al-Basma Medical Services & Trading', '22.86577', '57.536644'),
(285, 3, 102, 'K-4635', 'F.I.T General Trading Co.', '29.382828', '47.989263'),
(286, 5, 98, 'O-1672', 'Al Mansoor Universal Projects Limited Partnership', '22.447782', '58.806414'),
(287, 3, 102, 'K-4638', 'Dr. Mohammad Abdullah Faleh Aldufaileej', '29.263709', '48.081724'),
(288, 3, 65, 'K-4643', 'Reema Michal Souma', '29.336111', '48.053192'),
(289, 3, 102, 'K-4648', 'Smart Care Medical Services', '29.328984', '48.088904'),
(290, 2, 47, 'U-2890', 'Queens Medical Center L.L.C', '25.237122', '55.27423'),
(291, 3, 102, 'K-4649', 'ProSkin Clinic', '29.367232', '48.009074'),
(292, 3, 102, 'K-4651', 'JOINT Medical Company', '29.355738', '48.025057'),
(293, 3, 102, 'K-4653', 'Kholoud Waleed Khaled Alzahar', '29.367136', '48.009351'),
(294, 3, 102, 'K-4670', 'Hayssam Mahmoud Abdel Karim Mroue', '29.338492', '48.054773'),
(295, 2, 47, 'U-2918', 'My Smile Dental Clinic', '25.093298', '55.186281'),
(296, 5, 69, 'O-1695', 'Al Jahdami & Partner Projects L.L.C', '23.601273', '58.445874'),
(297, 2, 47, 'U-2929', 'ELLEMOOR CLINIC L.L.C', '25.160387', '55.220103'),
(298, 2, 51, 'U-2932', 'Global Trading - One Person Company L.L.C', '25.503004', '55.583549'),
(299, 2, 44, 'U-2938', 'Sazdel Clinic Medical Center', '24.4539', '54.3525'),
(300, 2, 46, 'U-2953', 'Munich Medical & Rehabilition Center L.L.C', '24.199408', '55.729226'),
(301, 2, 49, 'U-2960', 'Skinova Laser Clinic LLC', '25.766479', '55.93328'),
(302, 4, 67, 'Q-1617', 'German Dental Centre', '25.331432', '51.476244'),
(303, 4, 67, 'Q-1619', 'Dr. Khalid Haji Medical Center', '25.334162', '51.490501'),
(304, 2, 47, 'U-2971', 'Wellness Mena Investment L.L.C', '25.085736', '55.148103'),
(305, 2, 47, 'U-2990', 'Los Angeles Aesthetic Medical Center LLC', '25.143086', '55.200493'),
(306, 2, 47, 'U-3003', 'Velvet Touch Clinic', '25.186131', '55.270742'),
(307, 2, 47, 'U-3062', 'Dr. Samiha Abdalla Lutfi Clinic', '25.221414', '55.440546'),
(308, 1, 25, '33976', 'Dr. Mohamed Saed Thakafan Medical Center', '18.291316', '42.747105'),
(309, 1, 23, '33978', 'Branch of Alharamain Medical Polyclinic', '16.923703', '42.562366'),
(310, 1, 36, '33996', 'General Security Aviation Command', '24.699321', '46.690683'),
(311, 2, 47, 'U-3097', 'De Nova Laser Cosmetic Center', '25.077809', '55.15138'),
(312, 1, 33, '34051', 'Balsam Alrayan Polyclinic', '29.635902', '43.543869'),
(313, 1, 6, '32428', 'Ram Dental Care', '26.284297', '50.197875'),
(314, 1, 5, '32431', 'Tabebak Medical Company Ltd.', '24.148261', '47.321913'),
(315, 1, 36, '20009', 'Riyadh Medical Complex Company', '24.720032', '46.691001'),
(316, 1, 36, '20031', 'Al-Dukair Medical Center', '24.695079', '46.793366'),
(317, 1, 36, '20074', 'Consulting Clinics', '24.676945', '46.683279'),
(318, 1, 36, '20077', 'Al-Ekhlass Medical Clinic', '24.787339', '46.769098'),
(319, 1, 36, '20078', 'Zahrat Al-Amal Medical Clinic', '24.584663', '46.597489'),
(320, 1, 36, '20086', 'Al-Osrah Medical Company', '24.591428', '46.647894'),
(321, 1, 36, '20094', 'Al-Thowaini Clinic', '24.741608', '46.815467'),
(322, 1, 36, '20101', 'Obeid Hospital', '24.666975', '46.722752'),
(323, 1, 36, '20108', 'Al-Amin Medical Clinic', '24.49799', '46.629539'),
(324, 1, 36, '20109', 'Al-Oroba Medical Clinic', '24.573952', '46.695452'),
(325, 1, 36, '20110', 'Abdulla Medical Center Owner Abdeaziz Suliman Ad-dhwihi', '24.555308', '46.702089'),
(326, 1, 36, '20112', 'Al-Shamael Medical Polyclinic', '24.575544', '46.662534'),
(327, 1, 36, '20113', 'Dar Al-Elaj Dispensary', '24.585114', '46.655515'),
(328, 1, 36, '20118', 'Riyadh National Hospital', '24.680022', '46.726988'),
(329, 1, 36, '20120', 'Al-Malaz Modern Clinic', '24.67714', '46.739682'),
(330, 1, 36, '20142', 'Shoaa Medical Center', '24.732319', '46.675618'),
(331, 1, 36, '20147', 'Al-Jazeera Medical Polyclinic', '24.723936', '46.839862'),
(332, 1, 36, '20151', 'Al-Faiha Medical Center', '24.726006', '46.816165'),
(333, 1, 36, '20159', 'Al-Mawed Medical Center', '24.727615', '46.688874'),
(334, 1, 36, '20160', 'Al-Thomairy Medical Group', '24.739902', '46.779525'),
(335, 1, 36, '20176', 'Al-Azizzia National Medical Clinic', '24.591416', '46.776772'),
(336, 1, 36, '20185', 'Dr. Sulaiman Al-Habib Medical Services Group Company', '24.704002', '46.677528'),
(337, 1, 36, '20207', 'Noorana Medical Polyclinic', '24.669551', '46.750608'),
(338, 1, 36, '20215', 'Plastic Surgery and Dermatology Hospital', '24.677682', '46.685041'),
(339, 1, 36, '20223', 'Al Haramain Medical Complex', '24.747725', '46.772709'),
(340, 1, 36, '20224', 'Family Smile Polyclinic', '24.761503', '46.663325'),
(341, 1, 36, '20228', 'Al-Hammadi Hospital', '24.602022', '46.702916'),
(342, 1, 36, '20229', 'Dallah Hospital', '24.74664', '46.651656'),
(343, 1, 22, '20232', 'Saudi German Hospital - Jeddah', '21.597299', '39.133518'),
(344, 1, 22, '20234', 'United Doctors Hospital', '21.50555', '39.166319'),
(345, 1, 22, '20235', 'Andalusia Hai Aljamea Hospital', '21.48132', '39.243624'),
(346, 1, 6, '20239', 'GAMA Hospital', '26.370582', '50.174565'),
(347, 1, 16, '20240', 'Al-Mouwasat Hospital', '26.411367', '50.047375'),
(348, 1, 6, '20249', 'Gulf Medical Center (Khobar)', '26.314671', '50.209947'),
(349, 1, 6, '20252', 'Al Jazira Clinic', '26.28139', '50.197232'),
(350, 1, 36, '20254', 'LInstitute Specialized Clinic', '24.681949', '46.697609'),
(351, 1, 16, '20258', 'Ibrahim Al-Senaid Clinics', '26.466112', '50.122141'),
(352, 1, 22, '20323', 'Al Mostaqbal General Medical Co.', '21.482095', '39.229655'),
(353, 1, 22, '20327', 'Sulaiman Fakeeh Hospital', '21.525406', '39.16811'),
(354, 1, 22, '20332', 'King Fahd General Hospital', '21.54348', '39.166051'),
(355, 1, 22, '20345', 'Al-Jedaani Hospital', '21.584381', '39.20842'),
(356, 1, 22, '20346', 'Al-Hamra Hospital', '21.538907', '39.166298'),
(357, 1, 36, '20355', 'King Saud Medical City', '24.62791', '46.690609'),
(358, 1, 36, '20364', 'Prince Sultan Military Medical City', '24.691361', '46.710933'),
(359, 1, 86, '20365', 'King Fahd Military Medical Complex', '26.32198', '50.020033'),
(360, 1, 36, '20369', 'King Fahd National Guard Hospital', '24.752429', '46.857657'),
(361, 1, 36, '20371', 'Security Forces Hospital', '24.679185', '46.724282'),
(362, 1, 36, '20374', 'King Khalid University Hospital', '24.71311', '46.621884'),
(363, 1, 36, '20378', 'King Faisal Specialist Hospital & RC', '24.670379', '46.677078'),
(364, 1, 86, '20380', 'Saudi Arabian Oil Company', '26.326429', '50.108953'),
(365, 1, 23, '20394', 'King Fahd Hospital', '16.922336', '42.735837'),
(366, 1, 25, '20395', 'Al-Ahli Hospital', '18.306689', '42.724068'),
(367, 1, 86, '20402', 'King Abdulaziz Air Base', '26.2464', '50.151818'),
(368, 1, 30, '20403', 'Buraydah Central Hospital', '26.327002', '43.980293'),
(369, 1, 36, '20404', 'Riyadh Consultative Clinics', '24.586306', '46.620855'),
(370, 1, 36, '20405', 'Derma Clinics Company', '24.696161', '46.702649'),
(371, 1, 22, '20413', 'King Fahd Armed Forces Hospital', '21.542267', '39.129008'),
(372, 1, 6, '20414', 'King Fahd University Hospital', '26.299632', '50.189745'),
(373, 1, 24, '20428', 'Royal Commission for Jubail and Yanbu', '27.142071', '49.564279'),
(374, 1, 28, '20437', 'King Abdulaziz Hospital', '21.441957', '39.807878'),
(375, 1, 36, '20458', 'Skin and Allergy Medical Center', '24.72567', '46.644776'),
(376, 1, 2, '20459', 'Abha Private Hospital', '18.216024', '42.49776'),
(377, 1, 20, '20473', 'AlAhli General Medical Complex', '27.497313', '41.703626'),
(378, 1, 21, '20482', 'Al-Moosa Hospital', '25.436997', '49.572262'),
(379, 1, 21, '20483', 'Menbar Al-Huda Dispensary', '25.374316', '49.564512'),
(380, 1, 9, '20484', 'Al-Madlouh Medical Complex', '26.474809', '50.044346'),
(381, 1, 41, '20489', 'Al-Hada Military Hospital', '21.353501', '40.286132'),
(382, 1, 30, '20510', 'Al-Salam General Complex Company', '26.100068', '43.992689'),
(383, 1, 36, '20513', 'Fahd Dental Clinic', '24.701259', '46.665217'),
(384, 1, 22, '20535', 'Advanced Clinic', '21.598313', '39.136727'),
(385, 1, 22, '20574', 'Palestine Polyclinic', '21.620631', '39.185937'),
(386, 1, 22, '20584', 'Al-Quds Polyclinic', '21.572489', '39.190507'),
(387, 1, 22, '20585', 'Dr. Ghassan Pharaon General Hospital', '21.594687', '39.143796'),
(388, 1, 22, '20586', 'Saudi Hospital', '21.54125', '39.209165'),
(389, 1, 36, '20590', 'Al-Osrah International Hospital', '24.584654', '46.592886'),
(390, 1, 20, '20594', 'Salamat General Medical Complex', '27.553387', '41.679257'),
(391, 1, 21, '20611', 'Obied Specialized Hospital', '25.432007', '49.57201'),
(392, 1, 36, '20640', 'Medical Consultants', '24.690944', '46.700637'),
(393, 1, 19, '20675', 'Al-Salman Clinic', '28.431343', '45.956513'),
(394, 1, 28, '20676', 'Alawi Tunsi & Bros. Hospital', '21.400617', '39.864831'),
(395, 1, 16, '20678', 'Al-Ahmadi Medical Center', '26.403097', '50.052625'),
(396, 1, 21, '20701', 'Al-Naim Polyclinic', '25.36814', '49.587962'),
(397, 1, 36, '20720', 'Al-Raya Medical Clinic', '24.761831', '46.78085'),
(398, 1, 20, '20722', 'Semah Polyclinic', '27.498183', '41.700033'),
(399, 1, 16, '20726', 'Al-Rai Dispensary', '26.397956', '50.041749'),
(400, 1, 20, '20728', 'Zamzam General Medical Complex', '27.524356', '41.688567'),
(401, 1, 36, '20738', 'Specialized Medical Center Hospital', '24.680585', '46.687218'),
(402, 1, 20, '20747', 'Al-Rashid Hospital', '27.523841', '41.681456'),
(403, 1, 41, '20748', 'Al-Nahda Hospital', '21.438829', '40.500216'),
(404, 1, 36, '20749', 'Dr. Abdulazeem Al-Bassam Med. Center Company', '24.714335', '46.661118'),
(405, 1, 28, '20765', 'Consultative Center for Dermatology & Venereology', '21.384032', '39.864795'),
(406, 1, 36, '20769', 'Bin Rushid Medical Center', '24.685446', '46.684936'),
(407, 1, 20, '20804', 'Alkhaleej Medical Complex', '27.512332', '41.682944'),
(408, 1, 20, '20805', 'Al-Safa Clinic', '27.548512', '41.700577'),
(409, 1, 36, '20810', 'Al-Modawat Palace Medical Center', '24.699321', '46.690683'),
(410, 1, 2, '20821', 'Al-Nomais Polyclinic', '18.235242', '42.588644'),
(411, 1, 25, '20825', 'Salamah Medical Center', '18.308639', '42.736854'),
(412, 1, 25, '20828', 'Al-Omais Polyclinic', '18.17925', '42.826292'),
(413, 1, 21, '20832', 'Hager Poly Clinics', '25.355171', '49.592033'),
(414, 1, 36, '20834', 'Dr. Omar Al - Ajaji Dental & Dermatology Complex', '24.691057', '46.689739'),
(415, 1, 16, '20838', 'Al-Sadiq Hospital (Seihat)', '26.489247', '50.040069'),
(416, 1, 41, '20842', 'Al-Adwani General Hospital', '21.294044', '40.425625'),
(417, 1, 6, '20851', 'Khobar Cooperative Clinic', '26.29765', '50.195163'),
(418, 1, 6, '20854', 'Mohammad Dossary Hospital | Al-Khobar', '26.280008', '50.204648'),
(419, 1, 16, '20861', 'Al-Salam Dispensary', '26.440976', '50.082786'),
(420, 1, 16, '20862', 'Al-Rawdha General Hospital', '26.435473', '50.118384'),
(421, 1, 16, '20865', 'Al-Faraby Dispensary', '26.413973', '50.078347'),
(422, 1, 16, '20868', 'Tadawi General Hospital', '26.448063', '50.12297'),
(423, 1, 6, '20869', 'Al-Faraby Medical Polyclinic', '26.329866', '50.162137'),
(424, 1, 16, '20873', 'Dammam National Medical Complex', '26.434173', '50.082408'),
(425, 1, 9, '20876', 'Al-Zahra General Hospital', '26.553395', '49.998365'),
(426, 1, 30, '20918', 'Attadawe Medical Complex', '26.142359', '43.656947'),
(427, 1, 40, '20922', 'Mabasem Medical Complex', '28.407817', '36.577341'),
(428, 1, 36, '20931', 'Ministry of Health (Purchasing Dept.)', '24.657031', '46.71352'),
(429, 1, 29, '20938', 'King Khalid Hospital', '17.544597', '44.233066'),
(430, 1, 21, '20971', 'Al-Nisaee Clinic', '25.407888', '49.593476'),
(431, 1, 21, '20972', 'Al-Shawi Clinic', '25.364394', '49.573186'),
(432, 1, 21, '20973', 'Al-Mashafi Medical Clinic', '25.407204', '49.57617'),
(433, 1, 21, '20980', 'Al-Mulhim Medical Complex Company', '25.351442', '49.604483'),
(434, 1, 21, '20990', 'Faisal Dispensary', '25.417043', '49.552429'),
(435, 1, 36, '21010', 'Banan Medical Co. ltd', '24.677752', '46.67803'),
(436, 1, 1, '21016', 'Ghodran General Hospital', '19.856129', '41.584646'),
(437, 1, 5, '21092', 'Al-Taawin Medical Clinics Co. LTD', '24.147201', '47.300812'),
(438, 1, 36, '21094', 'Al-Kharj National Clinic', '24.150285', '47.320379'),
(439, 1, 36, '21121', 'Adwa Al-Tib Al-Alami PolyClinic', '24.594018', '46.774049'),
(440, 1, 36, '21153', 'Rathawia Medical Specialized Center', '24.711248', '46.670968'),
(441, 1, 22, '21169', 'Osama Al-Wasiah Clinic', '21.607031', '39.122505'),
(442, 1, 16, '21174', 'Ghassana Sadik Polyclinic', '26.432215', '50.118214'),
(443, 1, 36, '21182', 'Saudi Oger Ltd.', '24.762749', '46.58208'),
(444, 1, 28, '21209', 'Hera General Hospital', '21.487019', '39.789072'),
(445, 1, 30, '21214', 'Al-Faiha Medical Clinic (Buraydah)', '26.367152', '43.967942'),
(446, 1, 36, '21236', 'Abas Medical Center', '24.690673', '46.700208'),
(447, 1, 36, '21237', 'Kingdom Hospital', '24.801656', '46.654973'),
(448, 1, 36, '21255', 'Adama Hospital & Clinics', '24.685334', '46.70567'),
(449, 1, 36, '21269', 'BL - Al-Sarh Medical limited Co. One Person Company', '24.696327', '46.751414'),
(450, 1, 36, '21291', 'Al-Badri Medical Center', '24.757475', '46.68537'),
(451, 1, 22, '21292', 'King Faisal Specialist Hospital & Research Center', '21.555877', '39.150843'),
(452, 1, 25, '21306', 'Middle East Healthcare Company', '18.282303', '42.668077'),
(453, 1, 36, '21315', 'Abobakr Yousif Medical Center', '24.681893', '46.67746'),
(454, 1, 30, '21350', 'Qassem Medical Clinics', '26.365409', '43.96059'),
(455, 1, 43, '21401', 'Al-Ansari Specialized Hospital', '24.017865', '38.197825'),
(456, 1, 43, '21403', 'Al-Amal Medical Polyclinic', '24.019881', '38.213695'),
(457, 1, 30, '21407', 'Medicare Polyclinic', '26.104793', '43.99799'),
(458, 1, 22, '21453', 'Mothmir Corporation', '21.517845', '39.162637'),
(459, 1, 3, '21519', 'Al Saher Care Medical Clinic', '23.895057', '42.909212'),
(460, 1, 22, '30181', 'Samir Abbas Medical Center', '21.508526', '39.17218'),
(461, 1, 36, '30190', 'Al-Mumtaz Polyclinic', '24.672938', '46.744007'),
(462, 1, 36, '30193', 'Al-Falah Hospital', '24.619384', '46.729362'),
(463, 1, 36, '30195', 'Saudi German Hospital', '24.800817', '46.628291'),
(464, 1, 22, '30199', 'Mazin Fitiany Clinic', '21.559792', '39.132816'),
(465, 1, 22, '30204', 'Mona Nasr Medical Center', '21.572162', '39.138915'),
(466, 1, 36, '30208', 'JUVA Medical Center', '24.688804', '46.673063'),
(467, 1, 36, '30211', 'Al-Subhi Specialized Center', '24.749135', '46.778288'),
(468, 1, 41, '30229', 'King Abdulaziz Hospital | Taif', '21.268296', '40.373362'),
(469, 1, 36, '30247', 'BL - Consulting Center 1 (Olaya Branch)', '24.69456', '46.698387'),
(470, 1, 6, '30251', 'Dr. Layla Dawood Al-Onaizi Polyclinic', '26.338167', '50.199762'),
(471, 1, 36, '30270', 'Light Clinic', '24.69621', '46.772366'),
(472, 1, 22, '30280', 'Skin Care Clinic', '21.377174', '39.788118'),
(473, 1, 21, '30282', 'Al-Ahsa Medical Services Company', '25.385908', '49.572392'),
(474, 1, 26, '30293', 'Al-Madina Clinic', '24.497771', '39.618584'),
(475, 1, 40, '30298', 'Dorat Okaz National Polyclinic', '28.401242', '36.572205'),
(476, 1, 36, '30303', 'Specialized Liposuction Int. Medical Center Slim', '24.683877', '46.70213'),
(477, 1, 36, '30311', 'Al-Inma Medical Services Co.', '24.693873', '46.77293'),
(478, 1, 36, '30322', 'Princess Moneerah Al-Thunayan', '24.657111', '46.712283'),
(479, 1, 26, '30334', 'Wafaa Orthodontic Dental & Beauty Clinic', '24.490088', '39.588538'),
(480, 1, 22, '30336', 'Effat Daghistani Clinics', '21.527375', '39.173341'),
(481, 1, 26, '30337', 'Directorate of Health', '24.491416', '39.555672'),
(482, 1, 36, '30338', 'Future Medical Center', '24.744673', '46.704922'),
(483, 1, 28, '30340', 'Ali Al-Saedi Medical Center', '21.443767', '39.812622'),
(484, 1, 41, '30341', 'Directorate of Health | Taif', '21.276644', '40.392235'),
(485, 1, 36, '30344', 'Rawdat Al Aqsa Medical Complex - 2', '24.752899', '46.720083'),
(486, 1, 36, '30348', 'King Fahd Medical City', '24.686928', '46.705379'),
(487, 1, 36, '30351', 'Shaza Medical Center Company', '24.69775', '46.798498'),
(488, 1, 40, '30355', 'Ali Ali Al-Affary Polyclinic', '28.400012', '36.576904'),
(489, 1, 36, '30369', 'Ayma Consulting Center', '24.729516', '46.669058'),
(490, 1, 30, '30370', 'Al-Hayat Hospital', '26.089511', '43.939996'),
(491, 1, 37, '30377', 'Al-Omaes National Hospital', '17.151601', '42.650111'),
(492, 1, 36, '30392', 'Dr. Musad Azallal Medical Center', '24.73925', '46.690329'),
(493, 1, 26, '30400', 'Ehsan Bakhsh Medical Clinics', '24.519383', '39.698875'),
(494, 1, 86, '30401', 'Med Art Polyclinic', '26.283965', '50.199319'),
(495, 1, 15, '30406', 'General Medical Care Polyclinic', '20.016114', '42.622411'),
(496, 1, 28, '30407', 'Al-Bader Polyclinic', '21.448621', '39.864072'),
(497, 1, 36, '30408', 'King Fahad Security College', '24.784606', '46.852309'),
(498, 1, 36, '30421', 'Mayiez Clinic', '24.702622', '46.67811'),
(499, 1, 36, '30422', 'Rukn Al-Kessaey Medical Complex Company', '24.707768', '46.780077'),
(500, 1, 21, '30427', 'Al-Maghlouth Medical Dispensary', '25.421555', '49.577202'),
(501, 1, 2, '30430', 'Al-Thamal Medical Center', '18.219191', '42.488291'),
(502, 1, 22, '30438', 'Professional Doctors Medical Establishment', '21.530584', '39.178557'),
(503, 1, 22, '30441', 'Al-Salam International Hospital', '21.610244', '39.141135'),
(504, 1, 36, '30443', 'Kadoon Polyclinic', '24.709442', '46.676295'),
(505, 1, 22, '30446', 'Kafi Polyclinic', '21.584454', '39.171327'),
(506, 1, 23, '30448', 'Jrrash Medical Dispensary', '16.97023', '42.839841'),
(507, 1, 40, '30451', 'Directorate of Health | Tabuk', '28.397084', '36.548567'),
(508, 1, 22, '30455', 'Ebla Clinic', '21.559406', '39.124712'),
(509, 1, 36, '30456', 'Aram Medical Complex', '24.712842', '46.793914'),
(510, 1, 36, '30461', 'Al-Jafel International Hospital', '24.578617', '46.604714'),
(511, 1, 22, '30464', 'Al-Higrah Medical Center', '21.45035', '39.288491'),
(512, 1, 21, '30482', 'Tabra Medical Center', '25.364394', '49.573186'),
(513, 1, 43, '30502', 'Al-Shefaa AL Kamel General Medical Clinics', '24.086781', '38.0474'),
(514, 1, 43, '30503', 'Al-Amal (Please use id 21405)', '24.087948', '38.059432'),
(515, 1, 23, '30511', 'Awad Mashbab Abdullah Amees Branch (Private Hospital)', '16.890938', '42.569098'),
(516, 1, 36, '30513', 'Qasr Al-Rayed Medical Clinic', '24.739818', '46.670993'),
(517, 1, 22, '30515', 'Suliman Al-Ghalayini Medical Center', '21.586507', '39.143761'),
(518, 1, 22, '30516', 'Comprehensive Health Care', '21.482309', '39.23943'),
(519, 1, 36, '30520', 'Al Hayat Medical Complex Company Fayhaa Branch', '24.68519', '46.797339'),
(520, 1, 36, '30536', 'Al-Mohamadia Medical Center', '24.724896', '46.653852'),
(521, 1, 22, '30537', 'Al-Tababa specialized Center for Limited Medical Services', '21.554082', '39.165121'),
(522, 1, 42, '30544', 'Al-Nowaimah National Medical Clinic', '20.447348', '44.855597'),
(523, 1, 22, '30552', 'Al-Baraka Medical Clinic (Dallah Al Baraka Grp)', '21.534633', '39.195393'),
(524, 1, 19, '30554', 'Noor M. Khan General Hospital', '28.417979', '45.976955'),
(525, 1, 28, '30558', 'Elite Medical Complex', '21.404499', '39.873387'),
(526, 1, 28, '30559', 'Zaher Polyclinic', '21.400579', '39.784321'),
(527, 1, 36, '30560', 'Al-Mashfa Medical Center', '24.733774', '46.752654'),
(528, 1, 22, '30564', 'International Medical Center', '21.513782', '39.174596'),
(529, 1, 22, '30569', 'Saba Medical Company-1 (Al-Bawadi)', '21.612356', '39.167647'),
(530, 1, 29, '30580', 'Al-Qadi Polyclinic', '17.560153', '44.227473'),
(531, 1, 29, '30582', 'Al-Okhdoud Center', '17.569365', '44.336888'),
(532, 1, 29, '30583', 'Al-Watani Polyclinic', '17.532971', '44.212079'),
(533, 1, 22, '30587', 'Al-Sameriyah Clinics', '21.515672', '39.239435'),
(534, 1, 36, '30591', 'Ayan Medical Center', '24.607508', '46.707413'),
(535, 1, 22, '30592', 'GPCS (General Polyclinic-Sari)', '21.582566', '39.192549'),
(536, 1, 20, '30599', 'Ministry of Health', '27.467238', '41.697958'),
(537, 1, 36, '30603', 'Malesa Clinic', '24.701541', '46.666607'),
(538, 1, 36, '30604', 'The Skin Clinic', '24.789243', '46.658291'),
(539, 1, 36, '30605', 'Star Care Medical Center', '24.699321', '46.690683'),
(540, 1, 25, '30612', 'Al-Haramain Polyclinic', '18.290689', '42.745997'),
(541, 1, 15, '30623', 'Al-Amal Polyclinic', '20.003669', '42.602766'),
(542, 1, 36, '30626', 'Swan Medical Center (Regam)', '24.760229', '46.673717'),
(543, 1, 36, '30627', 'Raed Bin Abdullah Al Amr Trading Corp.', '24.699321', '46.690683'),
(544, 1, 36, '30637', 'Medica', '24.675443', '46.681223'),
(545, 1, 22, '30639', 'Khalid Polyclinic (2)', '21.583142', '39.229276'),
(546, 1, 25, '30658', 'Mustasharak Medical Center', '18.284704', '42.731374'),
(547, 1, 15, '30663', 'Mostashary General Medical_x000D_', '19.988743', '42.603355'),
(548, 1, 16, '30665', 'Khalid Al-Zahrani Medical Center', '26.457387', '50.096374'),
(549, 1, 28, '30668', 'Al-Shifa Hospital', '21.415491', '39.806619'),
(550, 1, 2, '30673', 'Daweni Medical Center', '18.217302', '42.525344'),
(551, 1, 22, '30679', 'Eed Clinic', '21.575492', '39.179485'),
(552, 1, 35, '30682', 'Rahima Al-Ahli Dispensary Co. LTD.', '26.712594', '50.064178'),
(553, 1, 36, '30685', 'Majestic Millennium Medical Complex', '24.724204', '46.681'),
(554, 1, 41, '30699', 'Zehar Al-Layali Clinic', '21.266665', '40.410345'),
(555, 1, 15, '30705', 'Bisha General Medical Polyclinic', '20.01', '42.608207'),
(556, 1, 22, '30713', 'Adama Clinics & Hospital', '21.554634', '39.167739'),
(557, 1, 36, '30715', 'Development Medical Center', '24.699321', '46.690683'),
(558, 1, 22, '30733', 'Al-Riyadah Polyclinic', '21.573112', '39.220421'),
(559, 1, 30, '30735', 'Al-Qassem University', '26.348782', '43.766799'),
(560, 1, 16, '30738', 'Fajar Al-Dammam Medical Complex', '26.427537', '50.072991'),
(561, 1, 11, '30741', 'Experience Specialist Center', '30.982079', '41.021517'),
(562, 1, 20, '30765', 'Al Takhsees Medical Group', '27.524352', '41.691809'),
(563, 1, 22, '30766', 'Dr. Hani Abdullah Rakaban and Brothers Polyclinic', '21.618195', '39.133474'),
(564, 1, 21, '30769', 'Saudi Medical Consultant Center', '25.355823', '49.565922'),
(565, 1, 30, '30783', 'Future Care Clinics', '24.744507', '46.704917'),
(566, 1, 22, '30806', 'Royal Clinics', '21.61749', '39.139134'),
(567, 1, 16, '30808', 'General Care Dispensary', '26.42444', '50.08726'),
(568, 1, 11, '30819', 'Ministry of Health Affairs Northern Border', '30.97457', '41.006093'),
(569, 1, 36, '30822', 'Elyzee Medical Center', '24.684033', '46.675505'),
(570, 1, 30, '30828', 'Al-Maali Polyclinic', '26.073001', '43.981293'),
(571, 1, 36, '30837', 'Special Armed Forces Medical Service Dept.', '24.781487', '46.863026'),
(572, 1, 22, '30838', 'Joel Clinics', '21.563193', '39.165146'),
(573, 1, 36, '30839', 'Hanan Clinic', '24.711473', '46.674291'),
(574, 1, 36, '30840', 'Emam Mohammad Bin Saud Islamic University', '24.816101', '46.702951'),
(575, 1, 22, '30842', 'International Medical Group', '21.599966', '39.14039'),
(576, 1, 36, '30844', 'Ferti Clinic', '24.675205', '46.670418'),
(577, 1, 25, '30848', 'Al-Hayat National Hospital', '18.290186', '42.742604'),
(578, 1, 36, '30855', 'Royal Clinic', '24.655776', '46.644248'),
(579, 1, 36, '30857', 'Al-Rawdah National Clinic', '24.748699', '46.767421'),
(580, 1, 22, '30866', 'Sheikh Mohamed Fageeh Clinic', '21.553011', '39.167438'),
(581, 1, 36, '30888', 'King Khalid University Hospital (SHSBC)', '24.712965', '46.622583'),
(582, 1, 36, '30889', 'Al-Watan Medical Group Company - Closed Shareholding', '24.691115', '46.787047'),
(583, 1, 2, '30894', 'Al-Arkan Polyclinic', '18.216689', '42.526446'),
(584, 1, 36, '30905', 'Med Art Clinics', '24.709194', '46.676694'),
(585, 1, 36, '30908', 'Swan Medical Co. Ltd.', '24.760234', '46.673737'),
(586, 1, 16, '30912', 'Saudi Chinese Center for Acupuncture', '26.456817', '50.115758'),
(587, 1, 22, '30913', 'Hala Eisa Bin Ladin Hospital', '21.534931', '39.165302'),
(588, 1, 36, '30915', 'Eed Clinic | Riyadh', '24.708596', '46.676802'),
(589, 1, 36, '30916', 'British Center for Beauty and Smile', '24.70664', '46.673989'),
(590, 1, 36, '30925', 'Riyadh Medicine Co.', '24.699321', '46.690683'),
(591, 1, 36, '30927', 'Kaya Skin Clinics (1)', '24.718997', '46.687288'),
(592, 1, 2, '30936', 'Al-Nomies Polyclinic Center', '18.235245', '42.588646'),
(593, 1, 36, '30942', 'Al-Ebdaa Medical Clinic', '24.753459', '46.817866'),
(594, 1, 36, '30946', 'Ministry of Interior (General Directorate of Investigation)', '24.664937', '46.704846'),
(595, 1, 36, '30954', 'Asaad Dental Medical Clinic', '24.732431', '46.688171'),
(596, 1, 36, '30955', 'Saudi Jwel Company for Medical Care', '24.68358', '46.675326'),
(597, 1, 36, '30956', 'Al-Shomoly Medical Polyclinic', '24.766674', '46.669562'),
(598, 1, 36, '30959', 'Reprogene Fertility Clinic', '24.677199', '46.683236'),
(599, 1, 22, '30966', 'V.I.P Medical Clinic', '21.670189', '39.121452'),
(600, 1, 28, '30971', 'Directorate of Health | Makkah', '21.439728', '39.771376'),
(601, 1, 36, '30975', 'Nohair Clinic', '24.604586', '46.650009'),
(602, 1, 28, '30985', 'W.T.C.M CLINIC', '21.417902', '39.859381'),
(603, 1, 80, '30986', 'Al-Manar Medical Complex | Khafji', '28.45301', '48.489001'),
(604, 1, 6, '30988', 'Central Care Medical Co.', '26.292518', '50.182354'),
(605, 1, 36, '30992', 'Rawdat Al Aqsa Medical Complex - 1', '24.739428', '46.759447'),
(606, 1, 22, '31000', 'Dhiya For Dermatology & Beauty', '21.55277', '39.161032'),
(607, 1, 13, '31003', 'Directorate of Health - Asir Region', '18.202513', '42.523873'),
(608, 1, 2, '31006', 'Specialist Polyclinic - SPL', '18.200583', '42.508282'),
(609, 1, 25, '31011', 'Wasini Medical Center', '18.336282', '42.767122'),
(610, 1, 30, '31019', 'Al-Qassem National Hospital', '26.374634', '43.940395'),
(611, 1, 22, '31020', 'Al-Mawj Polyclinic Complex', '21.607031', '39.122505'),
(612, 1, 36, '31026', 'Fursan Medical Center', '24.737524', '46.70953'),
(613, 1, 22, '31029', 'Al-Nahda Medical Complex', '21.467955', '39.276268'),
(614, 1, 26, '31038', 'Maan Medical Center', '24.486278', '39.591569'),
(615, 1, 80, '31046', 'Mamlaket Al-Tob Complex', '28.419167', '48.477336'),
(616, 1, 41, '31049', 'Al -Taif Medical Polyclinic', '24.691524', '46.671993'),
(617, 1, 36, '31053', 'Diamond Medical Company', '24.697139', '46.668779'),
(618, 1, 22, '31055', 'Mustashark Medical center', '21.58374', '39.213226'),
(619, 1, 21, '31056', 'Ezz-Eddin Abdel Rahman Naiem Co. & Partner', '25.375369', '49.583089'),
(620, 1, 16, '31057', 'Al-Tabeeb Specialist Complex', '26.458128', '50.080849'),
(621, 1, 22, '31059', 'Arab Polyclinic', '21.530187', '39.17859'),
(622, 1, 30, '31060', 'Infinity Care Medical Company Ltd.', '26.398719', '43.933339'),
(623, 1, 22, '31072', 'Al-Jawhara Polyclinic', '21.613784', '39.173781'),
(624, 1, 36, '31075', 'Al-Safeer Medical Center', '24.723605', '46.670936'),
(625, 1, 36, '31076', 'Hokamaa Najed Polyclinic', '24.732312', '46.835519'),
(626, 1, 36, '31078', 'Right Treatment', '24.585981', '46.665298'),
(627, 1, 22, '31080', 'Sharq 2 Polyclinics', '21.54914', '39.185094'),
(628, 1, 26, '31085', 'Al-Fajr Medical Center', '24.487075', '39.586983'),
(629, 1, 36, '31086', 'Specialized Medical Care Center', '24.771825', '46.720866'),
(630, 1, 23, '31089', 'Shoaa Polyclinic for Dental & Dermatology', '16.913405', '42.560833');
INSERT INTO `tbl_clinics` (`Clinic_Id`, `Country_Id`, `City_Id`, `Clinic_Code`, `Clinic_Name`, `Clinic_Latitude`, `Clinic_Longitude`) VALUES
(631, 1, 22, '31097', 'Ideal Care Clinics Branch of Saleh Mohammed Al-Ghamdi Group', '21.598626', '39.137548'),
(632, 1, 28, '31101', 'Al Kholood General Medical Complex', '21.456784', '39.814134'),
(633, 1, 41, '31102', 'Tadawi Surgical General Medical Complex', '21.25476', '40.410415'),
(634, 1, 41, '31103', 'Al-Andalus Medical polyclinics', '21.244379', '40.417242'),
(635, 1, 40, '31108', 'Gulf Health Medical Center', '28.392314', '36.566429'),
(636, 1, 22, '31110', 'Medical Experts Center', '21.550684', '39.170197'),
(637, 1, 30, '31112', 'High Care Medical Complex', '26.346229', '43.979864'),
(638, 1, 22, '31115', 'Hana Ibrahim S. Al-Alameya Est.', '21.524694', '39.181213'),
(639, 1, 22, '31119', 'Al-Amal Medical Services', '21.575719', '39.128218'),
(640, 1, 22, '31121', 'TREVIENNA Est. (Plastic Surgery Medical Center)', '21.513948', '39.160471'),
(641, 1, 36, '31123', 'Rukn Al-Farabi.Co', '24.757313', '46.674102'),
(642, 1, 6, '31125', 'Saudi Swiss Consultant Center Ltd. Co', '26.288548', '50.183294'),
(643, 1, 36, '31128', 'Saudi Chinese Center for Acupunture', '24.737067', '46.687109'),
(644, 1, 36, '31131', 'Naseem Al Azhar Group', '24.699321', '46.690683'),
(645, 1, 19, '31135', 'Al-Manar Medical Complex | Hafar Al-Batin', '28.43331', '45.949971'),
(646, 1, 36, '31139', 'Raseel Medical Center', '24.606409', '46.750759'),
(647, 1, 36, '31140', 'Platinum Consultative Center', '24.730185', '46.785304'),
(648, 1, 29, '31147', 'Directorate Of Health | Najran', '17.557524', '44.232765'),
(649, 1, 36, '31148', 'Avenue Medical Center', '24.747869', '46.662401'),
(650, 1, 36, '31149', 'BL - Consulting Center 2 (King Abdullah Road Branch)', '24.738846', '46.688999'),
(651, 1, 30, '31155', 'Buraidah Al Takhassusi Hospital for Healthcare Company', '26.361504', '43.946498'),
(652, 1, 22, '31157', 'Pedia Care Clinic', '21.600556', '39.120293'),
(653, 1, 36, '31158', 'Rukn Al Mawaeah Consultative Clinic', '24.757569', '46.674182'),
(654, 1, 13, '31159', 'Mahaiel National Hospital - Aseer', '18.540642', '42.062107'),
(655, 1, 17, '31165', 'Al-Zoqaihan Poly Clinic', '24.521875', '44.419397'),
(656, 1, 36, '31166', 'Al-Jazeera Medical Hospital', '24.714301', '46.846768'),
(657, 1, 36, '31168', 'BL - Sehat Alomam Altakhasusi', '24.776592', '46.800199'),
(658, 1, 36, '31171', 'Cidic Specialized Co.', '24.68283', '46.697097'),
(659, 1, 22, '31181', 'Mamdooh Ashy Medical Center', '21.569103', '39.150026'),
(660, 1, 38, '31188', 'Skaka Medical Specialized Center', '29.976868', '40.227513'),
(661, 1, 2, '31196', 'LASERAN Center', '18.226462', '42.559516'),
(662, 1, 11, '31198', 'Salamaty Polyclinic', '30.973471', '41.021031'),
(663, 1, 36, '31199', 'Nadarah Polyclinic (Refresh Esthetic Clinic)', '24.682488', '46.686277'),
(664, 1, 22, '31202', 'Al-Sameria Polyclinic -1', '21.515683', '39.239441'),
(665, 1, 6, '31204', 'DANA CLINIC CENTER', '26.300075', '50.179974'),
(666, 1, 22, '31205', 'National Health Services Co.', '21.559775', '39.132825'),
(667, 1, 80, '31207', 'The Specialized Medical Center', '26.4258', '50.114201'),
(668, 1, 36, '31212', 'Rawdat Al Aqsa Medical Company', '24.739447', '46.759457'),
(669, 1, 22, '31213', 'Shifa International Medical Services Co. Ltd', '21.607832', '39.163286'),
(670, 1, 36, '31217', 'Al-Dhawi Polyclinic (2) (Not active)', '24.706392', '46.691248'),
(671, 1, 36, '31219', 'Al-Majd Family Medical Center', '24.571077', '46.637621'),
(672, 1, 22, '31221', 'Ahmed Hassounah Clinic', '21.525962', '39.169956'),
(673, 1, 16, '31222', 'Al Mozher Polyclinic', '26.388374', '50.104564'),
(674, 1, 36, '31223', 'Abdulelah Al Obaikan Polyclinic', '24.73316', '46.648978'),
(675, 1, 36, '31232', 'Wahat Al Tashafi Polyclinic', '24.583031', '46.628158'),
(676, 1, 36, '31237', 'Health and Beauty Rejuvenation Medical Complex', '24.777091', '46.751268'),
(677, 1, 36, '31239', 'National Medical Co. (Ajmal Clinic)', '24.699177', '46.704459'),
(678, 1, 36, '31240', 'BL - Panorama Gulf Company', '24.701363', '46.667258'),
(679, 1, 36, '31242', 'Al-Sehani Medical Group', '24.787628', '46.778148'),
(680, 1, 36, '31252', 'Al Rayan Hospital for Healthcare company', '24.721089', '46.774921'),
(681, 1, 36, '31254', 'Al Gharb Al Takhassusi Hospital for Healthcare Company', '24.719219', '46.657184'),
(682, 1, 36, '31259', 'Border Guards - Medical Affairs', '24.71202', '46.79896'),
(683, 1, 36, '31260', 'Cmai Medical Center', '24.796667', '46.699021'),
(684, 1, 22, '31261', 'New Concept', '21.553616', '39.154674'),
(685, 1, 40, '31267', 'Kawkabat Tabouk Polyclinic', '28.416167', '36.583111'),
(686, 1, 6, '31268', 'Al-Tabeeb Dental Clinic', '26.285467', '50.195068'),
(687, 1, 21, '31270', 'DAHIM MEDICAL DISPENSARY', '25.360143', '49.569347'),
(688, 1, 16, '31272', 'BL- Abdulaziz Al-Wehaibi Polyclinic', '26.462215', '50.081512'),
(689, 1, 21, '31274', 'Kayan Medical Center', '25.334331', '49.615102'),
(690, 1, 16, '31275', 'Dar Al Afia Medical Group', '26.461853', '50.077233'),
(691, 1, 21, '31276', 'Kayan Center', '25.420143', '49.564253'),
(692, 1, 21, '31279', 'Nass Dental Complex', '25.373556', '49.589004'),
(693, 1, 36, '31283', 'khaleej Medical Center', '24.771046', '46.812442'),
(694, 1, 36, '31284', 'Itlalet Panorama Polyclinic', '24.719827', '46.693021'),
(695, 1, 28, '31290', 'Rawdat Al-Aqsa Medical Complex', '21.490166', '39.94119'),
(696, 1, 36, '31292', 'Lamsit Al-Shifa Clinics Company Limited', '24.744142', '46.776309'),
(697, 1, 22, '31925', 'SKY Polyclinic Complex', '21.571627', '39.122992'),
(698, 1, 36, '31928', 'Maroom Al-Riyadh Medical Company', '24.712656', '46.632028'),
(699, 1, 22, '31929', 'Dr. Talal Qutub Medical Center', '21.575528', '39.209825'),
(700, 1, 16, '31931', 'AJYAD POLYCLINIC', '26.436807', '50.124045'),
(701, 1, 20, '31932', 'Royal Medical Complex', '27.540954', '41.696917'),
(702, 1, 16, '31933', 'RUBBAN MEDICAL CENTER', '26.47193', '50.046664'),
(703, 1, 22, '31934', 'Razan Medical Clinic', '21.566049', '39.221667'),
(704, 1, 36, '31936', 'Ayman Al-Alsheikh Clinic', '24.693628', '46.67602'),
(705, 1, 30, '31937', 'Rfal Medical Polyclinic', '26.367017', '43.939809'),
(706, 1, 36, '31938', 'Consultants Polyclinic', '24.761444', '46.746526'),
(707, 1, 30, '31946', 'Gulf Care Polyclinic', '26.354037', '43.95365'),
(708, 1, 36, '31948', 'Lotus Medical Complex', '24.801242', '46.788968'),
(709, 1, 22, '31952', 'Neoderma Center', '21.585291', '39.143502'),
(710, 1, 6, '31955', 'Al-Manafa Trading Co.', '26.314671', '50.209947'),
(711, 1, 28, '31956', 'Nokhbatul Tadawi General Polyclinic', '21.360961', '39.891665'),
(712, 1, 22, '31958', 'Dr. Farid Jamjoom Clinics', '21.623638', '39.141273'),
(713, 1, 28, '31959', 'Superior Medical Complex', '21.404551', '39.801601'),
(714, 1, 41, '31960', 'Zahrat Ebin Sina Polyclinic', '21.264411', '40.413919'),
(715, 1, 22, '31962', 'Al Mada Medical Company', '21.547788', '39.145872'),
(716, 1, 32, '31968', 'Directorate of Health Al Qurayat', '31.327565', '37.362017'),
(717, 1, 16, '31970', 'Al-Hokail Medical Group Specialized Polyclinic', '26.40559', '50.101727'),
(718, 1, 36, '31972', 'Hetteen Medical Complex', '24.771062', '46.620048'),
(719, 1, 20, '31975', 'Panorama Polyclinic', '27.510493', '41.683647'),
(720, 1, 25, '31977', 'Hasan Rashed Abo Hathrah Medical Polyclinic', '18.305406', '42.702441'),
(721, 1, 36, '31980', 'Mood specialized psychiatric clinics', '24.701281', '46.667406'),
(722, 1, 36, '31983', 'Dent Polyclinic Medical Co. Ltd', '24.748919', '46.667199'),
(723, 1, 5, '31984', 'Prince Sattam Bin Abdulaziz University', '24.153389', '47.271723'),
(724, 1, 30, '31993', 'Ahmad Al-Muosa Dental and Dermal Complex Company Onaiza', '26.106843', '43.997011'),
(725, 1, 36, '31994', 'Sanad Healthcare', '24.779064', '46.739599'),
(726, 1, 41, '31995', 'Al-Ausrah Clinic', '21.265208', '40.429154'),
(727, 1, 20, '31997', 'Al-Mamlaka Medical Est', '27.514103', '41.694113'),
(728, 1, 12, '31998', 'High Care Polyclinic', '25.85348', '43.49992'),
(729, 1, 36, '32000', 'Hello Doctor Medical Center', '24.774877', '46.754385'),
(730, 1, 36, '32001', 'BL - Al Sahafa', '24.81802', '46.641237'),
(731, 1, 22, '32002', 'Al-Erfan Company For Medical & Commercial Services', '21.576172', '39.179174'),
(732, 1, 36, '32004', 'Vitamin consulting center (Al-Massif)', '24.756075', '46.682113'),
(733, 1, 21, '32006', 'Marestan Polyclinic', '25.391621', '49.5818'),
(734, 1, 30, '32007', 'Al-Flaiw Poly Clinic', '26.375718', '43.958651'),
(735, 1, 22, '32008', 'Medical 2000 Center', '21.486856', '39.19565'),
(736, 1, 32, '32009', 'Bader Medical Center', '31.338358', '37.331893'),
(737, 1, 36, '32010', 'Medical Care Company', '24.774109', '46.680132'),
(738, 1, 36, '32012', 'Eman S. Al-Abrah Medical Center', '24.759258', '46.739722'),
(739, 1, 22, '32014', 'BMC- Bagedo Medical Clinics', '21.553708', '39.154808'),
(740, 1, 22, '32017', 'Naseem Jeddah Hospital', '21.527537', '39.218087'),
(741, 1, 31, '32019', 'Alzobydi Medical Center', '19.12749', '41.076081'),
(742, 1, 36, '32021', 'Vitamin Consulting Center (Al Shefa)', '24.551248', '46.698064'),
(743, 1, 36, '32022', 'Vitamin Consulting Center (Al Naseem)', '24.736894', '46.830974'),
(744, 1, 36, '32023', 'Vitamin Consulting Center (Al Quds)', '24.766605', '46.759619'),
(745, 1, 22, '32024', 'The Moon Smile Clinics', '21.612839', '39.149363'),
(746, 1, 22, '32026', 'Amna Center For Day Surgery & Laser', '21.376808', '39.792614'),
(747, 1, 21, '32027', 'TAHER AL BAHRANI POLYCLINIC', '25.391372', '49.602477'),
(748, 1, 16, '32030', 'Royal Medical', '26.410398', '50.080184'),
(749, 1, 36, '32033', 'Al Salam Medical Center Company', '24.583303', '46.627936'),
(750, 1, 25, '32035', 'My Care Clinic', '18.297781', '42.708579'),
(751, 1, 36, '32036', 'Opal Medical Company', '24.771728', '46.711639'),
(752, 1, 16, '32037', 'ADWAA AL-HIKMAH DENTAL CENTER', '26.436924', '50.090245'),
(753, 1, 36, '32038', 'AJIL Financial Services Company', '24.686712', '46.747015'),
(754, 1, 36, '32040', 'Ramah Medical Center', '24.677416', '46.677517'),
(755, 1, 22, '32044', 'International Hair Clinic', '21.519999', '39.156662'),
(756, 1, 36, '32046', 'Integral Health Co. LTD', '24.690534', '46.700404'),
(757, 1, 80, '32047', 'Al-Rahmah Medical Complex', '28.464188', '48.485272'),
(758, 1, 22, '32050', 'Kaya Medical Clinics', '21.591251', '39.144904'),
(759, 1, 36, '32053', 'Wahat Attadawy Medical Center', '24.784964', '46.682707'),
(760, 1, 36, '32054', 'The Clinics', '24.693885', '46.676686'),
(761, 1, 23, '32055', 'Purederma Medical Center', '16.960357', '42.81899'),
(762, 1, 22, '32057', 'Dr. Khalil Sendi Clinic For Nose, Ear & Throat', '21.603341', '39.189689'),
(763, 1, 1, '32058', 'Nees ideal co. for pharmaceuticals & Medical equipment’s', '20.055789', '41.447127'),
(764, 1, 1, '32059', 'Bin Dammas Medical Center', '20.003168', '41.458962'),
(765, 1, 1, '32060', 'Najran University Hospital', '17.559022', '44.228171'),
(766, 1, 36, '32062', 'Riyadh Eye Center', '24.736626', '46.694817'),
(767, 1, 2, '32063', 'Family Health Polyclinic', '18.229354', '42.514367'),
(768, 1, 36, '32064', 'Specialized Clinics for Plastic Surgery Co. (Les Cliniques)', '24.704254', '46.655528'),
(769, 1, 36, '32065', 'Genat Medical Center', '24.731255', '46.770886'),
(770, 1, 21, '32066', 'AL DHYIA SPECIALIST MEDICAL CENTER', '25.395168', '49.575027'),
(771, 1, 36, '32068', 'Toleen Medical Center', '24.699321', '46.690683'),
(772, 1, 20, '32069', 'Allewa Medical Complex', '27.905377', '42.40386'),
(773, 1, 6, '32070', 'BEAUTY CARE CLINIC', '26.354306', '50.205447'),
(774, 1, 6, '32077', 'BL - Juman Medical Center', '26.323263', '50.179936'),
(775, 1, 19, '32081', 'Bright Medical Services Company', '28.39508', '45.969989'),
(776, 1, 23, '32084', 'Al-Hayat Hospital | Jizan', '16.909541', '42.549165'),
(777, 1, 23, '32085', 'Consultants Specialist Centre', '16.890733', '42.582429'),
(778, 1, 36, '32087', 'BL - Etlalet Al Seha Foundation For Contracting', '24.699321', '46.690683'),
(779, 1, 6, '32095', 'BL - Note Medical Complex for Dermatalogy and Laser', '26.302098', '50.210607'),
(780, 1, 36, '32097', 'Ahmed Abanomy Medical Center', '24.756441', '46.684566'),
(781, 1, 14, '32098', 'SAF Specialized Medical Center', '19.891039', '41.564293'),
(782, 1, 36, '32100', 'Elaj Al Riyadh Medical Center', '24.818339', '46.752344'),
(783, 1, 28, '32101', 'Umm Al-Qaura Polyclinic', '21.37894', '39.806264'),
(784, 1, 26, '32104', 'BL - Beta Clinics', '24.448362', '39.621866'),
(785, 1, 8, '32105', 'Future Visions Company', '19.098469', '42.129694'),
(786, 1, 22, '32106', 'Al-Sulaimani Modern Polyclinic', '21.581541', '39.197607'),
(787, 1, 30, '32108', 'Al-Maali Polyclinic (Branch of Al-Maali Medical Company)', '26.376756', '43.910906'),
(788, 1, 5, '32111', 'Vitamen Consulting Center (Al Kharj)', '24.160366', '47.346726'),
(789, 1, 36, '32117', 'Rouge Dental & Derma Clinics', '24.795807', '46.778165'),
(790, 1, 36, '32118', 'Lavendar Co. Ltd.', '24.749953', '46.778499'),
(791, 1, 36, '32119', 'Al Safwa Hospital', '24.709523', '46.706117'),
(792, 1, 36, '32122', 'Monaco Consultative Center', '24.734308', '46.680671'),
(793, 1, 36, '32137', 'Al-Nazeem National Clinic', '24.80515', '46.890865'),
(794, 1, 6, '32140', 'Radwaan Assaad Medical Center', '26.303457', '50.223364'),
(795, 1, 6, '32141', 'Elite Specialist clinics', '26.315049', '50.222377'),
(796, 1, 21, '32145', 'Lasik Center Consultation Clinic', '25.44809', '49.56889'),
(797, 1, 16, '32149', 'LAMA MEDICAL COMPLEX', '26.379739', '50.058726'),
(798, 1, 35, '32151', 'SHIFA RAHIMA DISPENSARY', '26.714444', '50.055631'),
(799, 1, 30, '32152', 'Panorama Clinics (Buraydah)', '26.383899', '43.959299'),
(800, 1, 25, '32155', 'Daweni Medical Center- Khamis Mushait', '18.275757', '42.736248'),
(801, 1, 36, '32157', 'Kadina Medical Center Company', '24.768504', '46.666328'),
(802, 1, 6, '32158', 'Al-Shati AlHadith Medical Complex', '26.206556', '50.208876'),
(803, 1, 36, '32161', 'Genome Medical Services ltd.', '24.706914', '46.664337'),
(804, 1, 36, '32165', 'Dawaak Medical Center', '24.68338', '46.797552'),
(805, 1, 27, '32166', 'Elaj Sudair Medical Center', '25.910591', '45.363501'),
(806, 1, 36, '32170', 'Prince Mohammed bin Abdulaziz Hospital', '24.708729', '46.792924'),
(807, 1, 30, '32176', 'Dawna Medical Center', '25.999715', '43.729663'),
(808, 1, 30, '32177', 'Al-Genah Medical Clinic', '25.87179', '43.484538'),
(809, 1, 36, '32179', 'Al-Fareuk M.C.', '24.797928', '46.785147'),
(810, 1, 36, '32181', 'Diamond Shine Clinic', '24.750826', '46.671289'),
(811, 1, 36, '32182', 'Bafaqeeh Medical Group', '24.683521', '46.675532'),
(812, 1, 36, '32185', 'Glamor Medical Company', '24.732844', '46.696928'),
(813, 1, 36, '32188', 'Specialized Medical Group', '24.675669', '46.662709'),
(814, 1, 36, '32189', 'Boulevard Center', '24.690318', '46.673221'),
(815, 1, 36, '32196', 'Dr. health Clinics', '24.735134', '46.679771'),
(816, 1, 36, '32208', 'Barraqah Medical Complex', '24.777949', '46.761725'),
(817, 1, 16, '32212', 'Saja Medical Center', '26.386206', '50.095177'),
(818, 1, 36, '32213', '32 Dents Clinic', '24.73969', '46.69119'),
(819, 1, 22, '32216', 'Art & Science Clinic', '21.602755', '39.120154'),
(820, 1, 36, '32218', 'Milan Medical Center', '24.613724', '46.683216'),
(821, 1, 36, '32219', 'Rome Center Advisory', '24.780687', '46.662502'),
(822, 1, 36, '32220', 'American Beauty and Smile', '24.709868', '46.663464'),
(823, 1, 36, '32223', 'Opal Najd Medical Company', '24.636841', '46.560732'),
(824, 1, 36, '32225', 'Rafale Clinics Complex Medical Advisory', '24.67025', '46.805288'),
(825, 1, 36, '32226', 'Adeem Medical Center Dentistry - Beauty', '24.791028', '46.767365'),
(826, 1, 30, '32227', 'MAC Clinics', '26.364323', '43.943966'),
(827, 1, 37, '32228', 'Meso Clinic', '17.151599', '42.64858'),
(828, 1, 2, '32232', 'Tashafi Medical Center', '18.230587', '42.54845'),
(829, 1, 22, '32233', 'JC Clinic (MEDEX International Group)', '21.55908', '39.124809'),
(830, 1, 22, '32234', 'Professor Hassan S.Jamal Clinic', '21.6024', '39.120431'),
(831, 1, 25, '32235', 'Weqaya Medical Complex', '18.25025', '42.788795'),
(832, 1, 36, '32239', 'Mezdana Medical Center', '24.806394', '46.649695'),
(833, 1, 16, '32240', 'Company 9 Medical Center', '26.46702', '50.060093'),
(834, 1, 29, '32245', 'Zain Medical Center', '17.494031', '44.138052'),
(835, 6, 74, 'B-1019', 'Dr. Sameera Al Matrook Medical Center', '26.208803', '50.566281'),
(836, 6, 74, 'B-1163', 'Dr. Khalil Alarayyadh Center Skin & Laser', '26.21574', '50.57058'),
(837, 6, 74, 'B-1385', 'Dr. Osama Bader Clinic', '26.137929', '50.566519'),
(838, 6, 72, 'B-1389', 'Al-Ghalia Co WLL', '26.202037', '50.595403'),
(839, 6, 74, 'B-1390', 'Skin Health Centre', '26.146488', '50.577678'),
(840, 6, 74, 'B-1406', 'Dermaone Medical', '26.211565', '50.576042'),
(841, 6, 74, 'B-1412', 'Dr Basem Ashoor Medical Center', '26.198929', '50.554001'),
(842, 6, 74, 'B-1421', 'Al-Noor Specialist Hospital', '26.21295', '50.571959'),
(843, 6, 74, 'B-1431', 'Clero Clinic International Co. W.L.L', '26.208272', '50.577187'),
(844, 6, 74, 'B-1432', 'Bahrain Medical Center', '26.260884', '50.618152'),
(845, 6, 74, 'B-1433', 'University Medical Center – King Abdullah Medical City', '26.213179', '50.574536'),
(846, 7, 77, 'J-1419', 'Omar Bataieneh', '31.953557', '35.898885'),
(847, 7, 77, 'J-1424', 'The Specialty Hospital', '31.978764', '35.900405'),
(848, 7, 77, 'J-1437', 'Hussein Kreishan Medical Center', '31.979817', '35.899386'),
(849, 7, 77, 'J-1438', 'Qassem Rushaidat', '31.956943', '35.866578'),
(850, 7, 77, 'J-1455', 'Louai Khalifeh', '31.952206', '35.901985'),
(851, 7, 77, 'J-1465', 'Mokaram Abdul Karim Al Naboulsi', '31.970524', '35.91082'),
(852, 7, 77, 'J-1493', 'Dr. Bassam Mansour Janab', '31.949764', '35.840956'),
(853, 3, 65, 'K-1383', 'Boushahri Clinic', '29.336925', '48.051561'),
(854, 3, 64, 'K-1404', 'Sahar F. Ghannam', '29.333488', '48.052878'),
(855, 3, 64, 'K-1415', 'Al-Shaab Medical Center', '29.354079', '48.025269'),
(856, 3, 102, 'K-1420', 'BL - La Bourjoisie', '29.354655', '48.027871'),
(857, 3, 60, 'K-1427', 'Virginia Clinic', '29.333381', '48.051455'),
(858, 3, 60, 'K-1433', 'Al-Hayat Clinic', '29.331189', '48.037222'),
(859, 3, 60, 'K-1439', 'Dar Al Baraa Medical Center', '29.322744', '48.015099'),
(860, 3, 64, 'K-1440', 'YIACO Medical Center', '29.330583', '48.055069'),
(861, 3, 52, 'K-1443', 'Al-Orff Hospital', '29.343851', '47.673603'),
(862, 3, 66, 'K-1444', 'Family Clinic Health Care', '29.323074', '48.024952'),
(863, 3, 55, 'K-1463', 'Bouhamra Clinic', '29.332422', '48.043758'),
(864, 3, 102, 'K-1473', 'Sultan Al-Ahli Clinic', '29.09248', '48.136269'),
(865, 3, 102, 'K-1474', 'Najada clinic', '29.323228', '48.018562'),
(866, 3, 102, 'K-4175', 'Mona Al Fares Clinic', '29.324912', '48.022978'),
(867, 3, 102, 'K-4179', 'Le Lotus Clinic', '29.33331', '48.049817'),
(868, 3, 60, 'K-4182', 'BL- Dar Al Fouad Clinic', '29.33023', '48.011688'),
(869, 3, 102, 'K-4184', 'Elaj Clinic', '29.33275', '48.045608'),
(870, 3, 102, 'K-4187', 'Health Care Clinic', '29.374261', '48.004126'),
(871, 3, 65, 'K-4188', 'Al-Salmiya Clinic', '29.337171', '48.056664'),
(872, 3, 102, 'K-4191', 'Jabber Al Ahmad Armed Forces Hospital', '29.251871', '48.03914'),
(873, 3, 65, 'K-4193', 'Al Seef Hospital', '29.333189', '48.092216'),
(874, 3, 102, 'K-4195', 'Al-Manar Clinic', '29.324285', '48.086324'),
(875, 3, 102, 'K-4198', 'Specialized German Clinic', '29.092733', '48.136282'),
(876, 3, 65, 'K-4202', 'Taibah AL Monayes Clinic', '29.347728', '48.013001'),
(877, 3, 102, 'K-4211', 'Marouf Clinic', '29.342779', '48.092664'),
(878, 3, 102, 'K-4212', 'Specialized Clinics Center', '29.348345', '48.01428'),
(879, 3, 102, 'K-4213', 'Beverly Hills Secrets Clinic', '29.346012', '48.084677'),
(880, 3, 102, 'K-4214', 'Al-Safat American Medical Center', '29.258039', '48.0871'),
(881, 3, 102, 'K-4219', 'Global Med Clinic', '29.322773', '48.015235'),
(882, 3, 102, 'K-4220', 'Montana Polyclinic', '29.339342', '48.04769'),
(883, 3, 102, 'K-4221', 'Canadian Medical Center', '29.375916', '47.993057'),
(884, 3, 102, 'K-4222', 'Me & Moi Clinic', '29.328468', '48.009054'),
(885, 3, 65, 'K-4223', 'American Clinic', '29.333118', '48.082831'),
(886, 3, 102, 'K-4224', 'Elite Clinic', '29.339', '48.047297'),
(887, 3, 102, 'K-4225', 'New Nour Clinic', '29.1739', '48.097382'),
(888, 3, 102, 'K-4226', 'Long life Clinic', '29.158917', '48.1181'),
(889, 3, 102, 'K-4227', 'Omar Mostafa Mohamed Al Hashash', '29.336723', '48.052675'),
(890, 3, 102, 'K-4229', 'BL- Grand Clinic', '29.092364', '48.127981'),
(891, 3, 65, 'K-4230', 'BL- Al-Ansaria Clinic', '29.335382', '48.053884'),
(892, 3, 102, 'K-4231', 'Premier Clinic', '29.339415', '48.04768'),
(893, 3, 102, 'K-4232', 'Ahmad Shawqi Khair', '29.33279', '48.082609'),
(894, 3, 52, 'K-4233', 'Derma Dent Clinic', '29.348797', '47.672763'),
(895, 3, 102, 'K-4236', 'Malek Hamza Clinic (please use K-4258)', '29.335409', '48.053891'),
(896, 3, 65, 'K-4239', 'Ahmad Abdullah Ahmad Ateyah', '29.335331', '48.053951'),
(897, 3, 65, 'K-4242', 'Derma Belle Clinic', '29.335409', '48.053891'),
(898, 3, 102, 'K-4244', 'Noblesse Dermatology & Cosmetic Clinic', '29.369406', '47.978234'),
(899, 3, 102, 'K-4247', 'BL- Dr. Bassem Shaker Clinic', '29.33681', '48.081881'),
(900, 3, 102, 'K-4251', 'Wafaa Al-Hashash Clinic', '29.338463', '48.054768'),
(901, 3, 102, 'K-4253', 'Derma Clear Clinic', '29.333118', '48.082831'),
(902, 3, 65, 'K-4258', 'Derma Pure Clinic', '29.335409', '48.053891'),
(903, 3, 102, 'K-4261', 'Al-Yassmin Clinic', '29.325072', '48.022978'),
(904, 3, 65, 'K-4262', 'Hisham Yasin Clinic', '29.339638', '48.047751'),
(905, 3, 102, 'K-4263', 'Salhiya Clinic', '29.364238', '47.967124'),
(906, 3, 65, 'K-4264', 'Orchid Clinic', '29.338383', '48.086016'),
(907, 3, 65, 'K-4265', 'Aal Subah Pearl Polyclinic', '29.332674', '48.046334'),
(908, 3, 102, 'K-4266', 'Dr. Nahida Al-Ali Clinic', '29.33275', '48.045608'),
(909, 8, 82, 'L-1158', 'Intermedic S.A.L', '33.882059', '35.524151'),
(910, 8, 82, 'L-1400', 'Nada Kawa', '33.850787', '35.545901'),
(911, 8, 82, 'L-1407', 'The Skin Clinic S.A.L', '33.89779', '35.48783'),
(912, 8, 82, 'L-1410', 'Clemenceau Medical Center', '33.897684', '35.490222'),
(913, 8, 83, 'L-1426', 'Lebanese American University Medical Center – Rizk Hospital SAL', '34.11556', '35.674429'),
(914, 5, 69, 'O-1026', 'Gulf Medical Center LLC', '23.612798', '58.49622'),
(915, 5, 69, 'O-1403', 'Elixir Health Center', '23.611709', '58.494319'),
(916, 5, 69, 'O-1405', 'Elegant Medical Center LLC', '23.6064', '58.453058'),
(917, 5, 69, 'O-1407', 'Modern Skin Center LLC', '23.600234', '58.378603'),
(918, 5, 69, 'O-1421', 'BMS L.L.C ( Better Medical Solutions ) / COSMECLIC', '23.600808', '58.445676'),
(919, 5, 69, 'O-1427', 'CosmeSurge Oman', '23.60225', '58.370632'),
(920, 5, 69, 'O-1428', 'Aesthetica Specialized Skin Care Center', '23.598196', '58.396394'),
(921, 5, 69, 'O-1433', 'Bin Mosa Trading & Contracting Company- Bin Mousa Medical Center', '23.608462', '58.490173'),
(922, 4, 67, 'Q-1040', 'Dr. Hassan Al-Abdulla Medical Center', '25.258064', '51.552238'),
(923, 4, 67, 'Q-1042', 'Doha Clinic Hospital', '25.274138', '51.503176'),
(924, 4, 67, 'Q-1043', 'Tadawi Medical Center - Nawal Al-Alem', '25.307316', '51.488623'),
(925, 4, 67, 'Q-1044', 'Fahad Abdulla Ibrahim', '25.250972', '51.483575'),
(926, 4, 67, 'Q-1046', 'Qatar Medical Center', '25.267654', '51.502247'),
(927, 4, 67, 'Q-1048', 'Habeeb Bakhit Al-Basti', '25.277087', '51.489728'),
(928, 4, 67, 'Q-1060', 'Al-Jazeera Islamic Company', '25.289034', '51.544532'),
(929, 4, 67, 'Q-1186', 'Al-Mansoor Polyclinic W.L.L', '25.309791', '51.488304'),
(930, 4, 67, 'Q-1228', 'Al-Emadi Hospital', '25.255614', '51.53421'),
(931, 4, 67, 'Q-1241', 'Al-Shefa Polyclinic W.L.L', '25.255283', '51.544407'),
(932, 4, 67, 'Q-1258', 'Plastic Surgicenter', '25.259321', '51.537478'),
(933, 4, 67, 'Q-1325', 'Bahij El-Halteh', '25.270335', '51.50053'),
(934, 4, 67, 'Q-1353', 'Doha Scientific Company', '25.289034', '51.544532'),
(935, 4, 67, 'Q-1357', 'Alma Rifae', '25.255399', '51.524763'),
(936, 4, 67, 'Q-1375', 'Aida Al-Saleh', '25.308117', '51.487237'),
(937, 4, 67, 'Q-1376', 'Al-Ahli Hospital | Doha', '25.307981', '51.500991'),
(938, 4, 67, 'Q-1384', 'Dr. Hessa Al-Buainain Medical Center', '25.324849', '51.486833'),
(939, 4, 67, 'Q-1389', 'Al-Hayat Medical Center', '25.265194', '51.466092'),
(940, 4, 67, 'Q-1390', 'Barzan Medical Supplies', '25.309574', '51.496267'),
(941, 4, 67, 'Q-1391', 'Gulf Dental Center', '25.256183', '51.524712'),
(942, 4, 67, 'Q-1400', 'Ahmed Ghazi Clinic', '25.31136', '51.492609'),
(943, 4, 67, 'Q-1405', 'Dr. Hamda Al-Ansari Specialized Medical Center', '25.234437', '51.502363'),
(944, 4, 67, 'Q-1407', 'Dr.Ayad Al-Shakarchi Medical Center', '25.337978', '51.466706'),
(945, 4, 67, 'Q-1408', 'Al Jazeera Medical Center', '25.283843', '51.517425'),
(946, 4, 67, 'Q-1409', 'Soad Lutfi Clinic', '25.336552', '51.469132'),
(947, 4, 67, 'Q-1413', 'Al-Razi Medical Center', '25.265299', '51.478502'),
(948, 4, 67, 'Q-1414', 'Al-Mukhtar Contracting and Trading Co.', '25.353359', '51.465066'),
(949, 4, 67, 'Q-1415', 'Tamima Medical Complex', '25.323735', '51.500059'),
(950, 4, 67, 'Q-1416', 'Al-Salam Medical Polyclinic', '25.277092', '51.42061'),
(951, 4, 67, 'Q-1420', 'Bin Muftah Medical Center', '25.33552', '51.493688'),
(952, 4, 67, 'Q-1421', 'Pearl Dermatology Center', '25.263889', '51.459948'),
(953, 4, 67, 'Q-1422', 'Boston Medical Care', '25.271867', '51.482786'),
(954, 4, 67, 'Q-1436', 'Ocean Medical Center', '25.215444', '51.449115'),
(955, 4, 67, 'Q-1438', 'Dr. Shaikha Al Kubaisi Center', '25.356456', '51.471298'),
(956, 4, 67, 'Q-1439', 'American Hospital', '25.26678', '51.51641'),
(957, 4, 67, 'Q-1443', 'Laila Hamid Medical Center', '25.277411', '51.420049'),
(958, 4, 67, 'Q-1445', 'Al Shaheen Medical Center', '25.353781', '51.465172'),
(959, 4, 67, 'Q-1446', 'Future Medical Center | Doha', '25.257561', '51.447628'),
(960, 4, 67, 'Q-1449', 'Fetomaternal Medical Center', '25.33566', '51.492933'),
(961, 4, 67, 'Q-1450', 'Orchid Medical Center', '25.347582', '51.465163'),
(962, 4, 67, 'Q-1452', 'Badria Al-Mahmoud Clinic', '25.254886', '51.440909'),
(963, 4, 67, 'Q-1454', 'Urbacon', '25.28858', '51.543917'),
(964, 4, 67, 'Q-1455', 'Lolwa Al-Mohannadi Medical Center', '25.67229', '51.514424'),
(965, 2, 47, 'U-1018', 'Mediclinic - Welcare Hospital', '25.246851', '55.340099'),
(966, 2, 44, 'U-1107', 'Mediclinic Al Noor Hospital', '24.490879', '54.360584'),
(967, 2, 50, 'U-1198', 'Al-Zahra Pvt. Hospital Company Limited', '25.360268', '55.394004'),
(968, 2, 44, 'U-1230', 'Zein Obagi Specialized One Day Surgery Center', '24.468092', '54.369401'),
(969, 2, 47, 'U-1240', 'Cosmesurge Jumeirah Medical Center', '25.198025', '55.238239'),
(970, 2, 49, 'U-1323', 'Elite Medical Center', '25.791527', '55.959969'),
(971, 2, 50, 'U-1335', 'Sharjah Ladies Club', '25.378127', '55.396289'),
(972, 2, 47, 'U-1370', 'European Medical Center & Aesthetic Surgery', '25.22383', '55.256873'),
(973, 2, 47, 'U-1426', 'Dr. Suad Lutfi Medical Center', '25.231515', '55.326472'),
(974, 2, 47, 'U-1455', 'Ali Al-Tukmatchy Clinic', '25.19925', '55.265354'),
(975, 2, 47, 'U-1458', 'Aesthetic International Plastic Surgery Clinic', '25.142837', '55.207044'),
(976, 2, 47, 'U-1491', 'International Aesthetic Medical Center', '25.205409', '55.252317'),
(977, 2, 47, 'U-1507', 'Department of Health & Medical Services', '25.091489', '55.159186'),
(978, 2, 50, 'U-1522', 'Minal Medical Center', '25.344436', '55.386373'),
(979, 2, 47, 'U-1541', 'Dubai Police Department Clinic', '25.274326', '55.351271'),
(980, 2, 47, 'U-1558', 'Amina H. Al Amiri', '25.182725', '55.225463'),
(981, 2, 47, 'U-1569', 'The Facial Clinic', '25.168773', '55.215602'),
(982, 2, 50, 'U-1570', 'Al-Huda Clinic', '25.323968', '55.380784'),
(983, 2, 47, 'U-1583', 'SHAMMA Clinic', '25.2282', '55.261679'),
(984, 2, 50, 'U-1584', 'Al-Khajah Medical Center', '25.323685', '55.382089'),
(985, 2, 47, 'U-1608', 'British Lasik & Cosmetic Surgery Center', '25.200076', '55.239668'),
(986, 2, 50, 'U-1615', 'Dr. Mariam Abdullah Rashid Al-Obad Aal Ali', '25.334031', '55.389083'),
(987, 2, 50, 'U-1616', 'Dr. Samiha Abdalla Lutfi Center', '25.334144', '55.389087'),
(988, 2, 47, 'U-1630', 'Dubai Cosmetic Surgery', '25.151354', '55.213776'),
(989, 2, 47, 'U-1637', 'Medical Village', '25.180751', '55.223946'),
(990, 2, 49, 'U-1640', 'Burjeel Clinic', '25.783558', '55.942954'),
(991, 2, 47, 'U-1649', 'Eternel Poly Clinic', '25.194935', '55.235483'),
(992, 2, 47, 'U-1653', 'New Lifestyle Clinic', '25.144159', '55.20807'),
(993, 2, 47, 'U-1654', 'Kaya Middle East FZE', '25.06816', '55.145331'),
(994, 2, 44, 'U-1656', 'Dina Zuhair Sabih', '24.475433', '54.383891'),
(995, 2, 44, 'U-1658', 'Cosmesurge', '24.459526', '54.373466'),
(996, 2, 46, 'U-1659', 'Cosmesurge - Al Ain', '24.258636', '55.740689'),
(997, 2, 50, 'U-1666', 'Health & Aesthetic Medical Center', '25.328513', '55.37705'),
(998, 2, 47, 'U-1667', 'Med Art Clinic Day Surgery Center', '25.161542', '55.209721'),
(999, 2, 44, 'U-1678', 'Dr. Massefa Medical Center', '24.487294', '54.353851'),
(1000, 2, 45, 'U-1682', 'GMC Hospital & Research Center', '25.382087', '55.462353'),
(1001, 2, 44, 'U-1686', 'Dr. Nadia Medical Center', '24.483712', '54.383095'),
(1002, 2, 44, 'U-1688', 'Khalidah Beauty Center', '24.459495', '54.332194'),
(1003, 2, 47, 'U-1694', 'Amwaj Polyclinic L.L.C', '25.074207', '55.131663'),
(1004, 2, 47, 'U-1700', 'Wafi Hospitality LLC-Health & Leisure', '25.22983', '55.320129'),
(1005, 2, 47, 'U-1701', 'American Academy of Cosmetic Surgery Hospital', '25.232775', '55.319632'),
(1006, 2, 50, 'U-1707', 'Emirates International Medical Centre LLC', '25.388155', '55.418307'),
(1007, 2, 44, 'U-1721', 'Office of H.H. Sheikh Tahnoon Bin Zayed Al Nahyan', '24.430051', '54.463541'),
(1008, 2, 47, 'U-1731', 'Canadian Specialist Hospital', '25.277317', '55.348592'),
(1009, 2, 47, 'U-1740', 'MEDCARE Hospital L.L.C.', '25.183297', '55.242661'),
(1010, 2, 44, 'U-1752', 'Ahmed Abu Sharia Medical Center', '24.467719', '54.352577'),
(1011, 2, 50, 'U-1758', 'Al-Buhairah Medical Center', '25.329146', '55.392667'),
(1012, 2, 50, 'U-1778', 'Integration Medical Center', '25.343151', '55.385829'),
(1013, 2, 50, 'U-1780', 'Dr. Fatima Nooh Medical Center', '25.33897', '55.427305'),
(1014, 2, 50, 'U-1782', 'Dr. Kirans Dermatology Clinic(Skin & Laser)', '25.313704', '55.373207'),
(1015, 2, 47, 'U-1787', 'Sultan Al Olama Medical Center LLC', '25.236669', '55.421928'),
(1016, 2, 47, 'U-1789', 'Arya Clinic L.L.C', '25.225974', '55.265913'),
(1017, 2, 44, 'U-1792', 'Well Health Medical Center', '24.475408', '54.383826'),
(1018, 2, 47, 'U-1800', 'Dr. Sulaiman Al Habib Medical Center', '25.231577', '55.32089'),
(1019, 2, 49, 'U-1812', 'Cosmesurge - Ras Al Khaimah', '25.741167', '55.94385'),
(1020, 2, 50, 'U-1813', 'Cosmesurge | Sharjah', '25.392072', '55.419495'),
(1021, 2, 47, 'U-1814', 'Cocoona Aesthetic Transformation Center L.L.C', '25.165241', '55.223769'),
(1022, 2, 47, 'U-1820', 'Blue Tree Clinics', '25.148726', '55.211673'),
(1023, 2, 47, 'U-1826', 'Wellbeing Medical Center L.L.C.', '25.147798', '55.210263'),
(1024, 2, 46, 'U-1827', 'Fine Care Specialized Medical Centre', '24.223395', '55.726766'),
(1025, 2, 47, 'U-1832', 'Rashid Hospital', '25.242552', '55.319145'),
(1026, 2, 50, 'U-1833', 'AL DAR Medical Center', '25.357408', '56.349331'),
(1027, 2, 47, 'U-1835', 'Samsung Medical Center in Collaboration with Index Holding', '25.231584', '55.326632'),
(1028, 2, 50, 'U-1837', 'SHG, Golf & Shooting Club LLC', '25.355839', '55.481965'),
(1029, 2, 47, 'U-1846', 'Rond-Point Personal Care', '25.230215', '55.261491'),
(1030, 2, 44, 'U-1863', 'N.M.C Health Care L.L.C', '24.085946', '52.665596'),
(1031, 2, 47, 'U-1875', 'Cooper Health Clinic 1(Br NMC Royal Womens Hospital LLC)Dubai Br', '25.14484', '55.207726'),
(1032, 2, 47, 'U-1876', 'Somar & Nasir Blinds Trading LLC', '25.091489', '55.159186'),
(1033, 2, 47, 'U-1879', 'Almoosa Day Surgeries Center L.L.C', '25.235402', '55.270582'),
(1034, 2, 47, 'U-1883', 'Drs. Nicolas & ASP Center', '25.224968', '55.257788'),
(1035, 2, 50, 'U-1886', 'Sharjah Corniche Hospital', '25.341197', '55.385787'),
(1036, 2, 44, 'U-1891', 'Al Raha Hospital', '24.489433', '54.3699'),
(1037, 2, 47, 'U-1893', 'Bella Roma Specialty Hospital LLC', '25.157817', '55.218822'),
(1038, 2, 49, 'U-1898', 'Khozam Medical Center LLC', '25.79741', '55.97183'),
(1039, 2, 50, 'U-1900', 'Natal Derma Laser Center', '25.348079', '55.398324'),
(1040, 2, 48, 'U-1902', 'AlSharq Medical Centre - Cosmomed', '25.129792', '56.334307'),
(1041, 2, 48, 'U-1904', 'AL SHARQ HEALTHCARE', '25.151245', '56.351145'),
(1042, 2, 47, 'U-1907', 'Bait Albatterjee Medical CO.L.L.C - Saudi German Hospital', '25.097091', '55.184157'),
(1043, 2, 46, 'U-1908', 'Royal Surge Polyclinic', '24.239074', '55.718439'),
(1044, 2, 47, 'U-1909', 'Dermamed Clinic', '25.2296', '55.31899'),
(1045, 2, 47, 'U-1913', 'Al Fater Chemicals', '25.091489', '55.159186'),
(1046, 2, 47, 'U-1917', 'Iranian Hospital', '25.230246', '55.269401'),
(1047, 2, 47, 'U-1918', 'Health Bay Day Surgery Center L.L.C', '25.147835', '55.210996'),
(1048, 2, 48, 'U-1921', 'Farah Al-Ansari Clinic', '25.122651', '56.322358'),
(1049, 2, 47, 'U-1923', 'Kayle Aesthetic Clinic', '25.145085', '55.207935'),
(1050, 2, 47, 'U-1924', 'Emad Saadalla Medical Laser Center', '25.091489', '55.159186'),
(1051, 2, 50, 'U-1925', 'Mazaya Medical Center', '25.309871', '55.372315'),
(1052, 2, 44, 'U-1933', 'Canadian Medical Center | Abu Dhabi', '24.462101', '54.377183'),
(1053, 2, 44, 'U-1934', 'Harley Street Medical Center', '24.473555', '54.318779'),
(1054, 2, 50, 'U-1935', 'Arab Doctors Specialist Center', '25.3178579', '55.373534'),
(1055, 2, 44, 'U-1939', 'Clarion Medical Center', '24.474257', '54.351029'),
(1056, 2, 47, 'U-1943', 'Prime Health Care Group', '25.270628', '55.322098'),
(1057, 2, 50, 'U-1944', 'Oriana Hospital for One Day Surgery', '25.312761', '55.375718'),
(1058, 2, 47, 'U-1948', 'Advanced Specialists Medical Center', '25.235161', '55.436088'),
(1059, 2, 47, 'U-1949', 'Zana Medical Spa', '25.167725', '55.214426'),
(1060, 2, 47, 'U-1961', 'Al Tadawi Medical Center', '25.256911', '55.333475'),
(1061, 2, 47, 'U-1963', 'M A G Health Clinic L.L.C', '25.107232', '55.181865'),
(1062, 2, 47, 'U-1969', 'Borna Medical Spa Laser Centre LLC (Branch)', '25.224297', '55.265579'),
(1063, 2, 47, 'U-1972', 'I Care Clinics', '25.107203', '55.198377'),
(1064, 2, 47, 'U-1974', 'Healthcare Mena Limited', '25.258287', '55.298149'),
(1065, 2, 47, 'U-1975', 'Malda El Dawoodi', '25.194937', '55.235483'),
(1066, 2, 48, 'U-1980', 'Cosmesurge Clinics L.L.C', '25.122629', '56.322114'),
(1067, 2, 47, 'U-1984', 'United Medical Center', '25.229635', '55.319416'),
(1068, 2, 47, 'U-1985', 'MAF Health', '25.250796', '55.335239'),
(1069, 2, 47, 'U-1989', 'Proderma Aesthetic Center', '25.152744', '55.227191'),
(1070, 2, 47, 'U-1990', 'Dr. Manal Al-Mansoori Polyclinic', '25.189864', '55.284438'),
(1071, 2, 47, 'U-1995', 'Sama Sante Medical Center L.L.C', '25.154167', '55.215159'),
(1072, 2, 47, 'U-1999', 'Life Long Polyclinic', '25.222088', '55.259093'),
(1073, 2, 44, 'U-2001', 'Arzanah Abu Dhabi Medical Center LLC', '24.349726', '54.459483'),
(1074, 2, 47, 'U-2003', 'Al-Massa Polyclinic', '25.152544', '55.213841'),
(1075, 2, 47, 'U-2004', 'Infinity - The Family Clinic', '25.229863', '55.26139'),
(1076, 2, 47, 'U-2006', 'THE ROYAL DOCTORS POLYCLINIC L.L.C', '25.207357', '55.245051'),
(1077, 2, 46, 'U-2017', 'Ain Al-Khaleej Hospital', '24.246005', '55.724115'),
(1078, 2, 47, 'U-2019', 'Premium Cosmetic Laser Center', '25.21382', '55.258813'),
(1079, 2, 50, 'U-2024', 'Al-Zumurud Medical Center LLC', '25.33737', '55.42626'),
(1080, 2, 44, 'U-2025', 'Consultants Medical Center', '24.499436', '54.375656'),
(1081, 2, 47, 'U-2034', 'Zabeel Ladies Club', '25.231224', '55.305893'),
(1082, 2, 44, 'U-2035', 'Advanced Center for Daycare Surgery', '24.470578', '54.369498'),
(1083, 2, 47, 'U-2041', 'Dr. Raja Ismail Haqqi (Mercato Family Clinic)', '25.2172724', '55.253385'),
(1084, 2, 47, 'U-2047', 'The Medical City - Sama TMC Medical Services L.L.C.', '25.239209', '55.269452'),
(1085, 2, 49, 'U-2052', 'Specialist Medical Center', '25.783037', '55.937218'),
(1086, 2, 47, 'U-2055', 'JCI Medical Solutions', '25.257917', '55.332671'),
(1087, 2, 44, 'U-2058', 'Emitac Healthcare Solutions', '24.468889', '54.337714'),
(1088, 2, 50, 'U-2059', 'Baghdad Medical Centre', '24.912649', '55.773611'),
(1089, 6, 74, 'B-1405', 'BL - La Figure Skin & Body Care Center', '26.202073', '50.595416'),
(1090, 2, 47, 'U-2064', 'Sun Face Medical Aesthetic Centre DMCC', '25.080251', '55.152442'),
(1091, 2, 47, 'U-2065', 'Royal Aesthetic And Medical Clinic FZ-LLC', '25.233171', '55.317837'),
(1092, 2, 45, 'U-2067', 'Rosary Medical Center', '25.394238', '55.454371'),
(1093, 2, 46, 'U-2073', 'Rakhaa Al-Kilani Gynaecology Clinc', '24.224422', '55.765887'),
(1094, 2, 47, 'U-2074', 'Sansaya Clinic Dental & Cosmetic L.L.C', '25.161245', '55.221373'),
(1095, 2, 44, 'U-2068', 'Beverly Hills Medical Center', '24.457031', '54.380921'),
(1096, 2, 44, 'U-2069', 'Elyzee Day Surgery Medical Center', '24.457859', '54.336072'),
(1097, 2, 47, 'U-2075', 'Al Khayal Medical Centre', '25.23424', '55.318405'),
(1098, 1, 36, '32250', 'Al-Sham Specialized Clinics', '24.544144', '46.693146'),
(1099, 1, 36, '32255', 'Generations of Medical Clinic', '24.742568', '46.67155'),
(1100, 1, 36, '32256', 'BL - Weqayah Medical Center', '24.799234', '46.597447'),
(1101, 3, 65, 'K-4267', 'Basma Clinic', '29.369154', '48.00572'),
(1102, 3, 102, 'K-4270', 'Dr. Sakina Farman Clinic', '29.09248', '48.136269'),
(1103, 3, 65, 'K-4268', 'The Pearl Dermatology and Laser Center', '29.173766', '48.099354'),
(1104, 1, 26, '32259', 'Petal Medical Specialist Center', '24.446986', '39.656175'),
(1105, 1, 36, '32260', 'Innovative Care Company', '24.725269', '46.6817'),
(1106, 1, 36, '32262', 'Le Sourire Center', '24.722775', '46.673921'),
(1107, 1, 21, '32265', 'ARAC SPECIALIZED CLINIC', '25.43657', '49.583379'),
(1108, 1, 22, '32267', 'Gulf Medical Co.LTD', '21.506435', '39.186662'),
(1109, 1, 40, '32268', 'Durat Al-Qadi Medical Company', '28.383458', '36.578926'),
(1110, 1, 36, '32269', 'Abdelmhsin Bin Khaled Al-Mogrin & Partners Medical Company', '24.713904', '46.672316'),
(1111, 1, 36, '32270', 'Soliman Abdallah Al-Kharashi Medical Center', '24.751426', '46.699957'),
(1112, 2, 51, 'U-2076', 'DR. MUNA KHALFAN MEDICAL CENTER', '25.493777', '55.547361'),
(1113, 2, 44, 'U-2080', 'Everlast Wellness Medical Center L.L.C', '24.463865', '54.354424'),
(1114, 2, 48, 'U-2083', 'Dr. Naziha Khalil Al-Merjani Clinic', '25.1218248', '56.341008'),
(1115, 4, 67, 'Q-1426', 'Alsafwa Medical Center', '25.346569', '51.46469'),
(1116, 3, 65, 'K-4274', 'Dr. Shadya Othman', '29.344006', '48.087266'),
(1117, 3, 102, 'K-4275', 'Ibrahim Al-Onaizy Polyclinic', '29.309437', '47.91718'),
(1118, 3, 102, 'K-4273', 'Medco Gulf General Trading & Contracting Co', '29.341394', '48.038761'),
(1119, 1, 36, '32275', 'Pyramid Care Medical Center', '24.789833', '46.788602'),
(1120, 1, 32, '32276', 'Saud Sultan polyclinic', '31.331282', '37.339533'),
(1121, 1, 36, '32274', 'Taleen Medical Company', '24.786946', '46.789949'),
(1122, 5, 69, 'O-1435', 'Al-Reem Medical Center', '23.604776', '58.49086'),
(1123, 2, 47, 'U-2094', 'Omaya Medical Center', '25.263797', '55.316287'),
(1124, 1, 28, '32279', 'Al-Wafi Complex Medical Clinics', '21.376339', '39.786881'),
(1125, 7, 77, 'J-1517', 'Makka Beauty Clinics', '31.976004', '35.849619'),
(1126, 3, 60, 'K-4277', 'Bella Clinic', '29.324701', '48.017658'),
(1127, 1, 36, '32281', 'Al-Maali Tech Co. Ltd.', '24.786709', '46.724601'),
(1128, 1, 36, '32282', 'Sanad Hospital', '24.779015', '46.739625'),
(1129, 4, 67, 'Q-1461', 'Al-Azizia Medical Complex W.L.L', '25.243592', '51.461215'),
(1130, 1, 36, '32285', 'Celin Medical Center', '24.749208', '46.764028'),
(1131, 7, 77, 'J-1518', 'Arabian Ahlia Trading Company', '31.951122', '35.860625'),
(1132, 1, 36, '32288', 'Pioneers Specialist Medical Center', '24.569092', '46.787744'),
(1133, 1, 36, '32293', 'Dental Care Center', '24.594794', '46.619831'),
(1134, 3, 65, 'K-4279', 'BL- Elegant Clinic 2', '29.340326', '48.037613'),
(1135, 1, 20, '32294', 'Enayti Specialized Medical Complex', '27.501068', '41.680337'),
(1136, 4, 67, 'Q-1433', 'Al-Wehda Medical Center', '25.25869', '51.529938'),
(1137, 1, 6, '32301', 'Royal Medical Complex (Khobar)', '26.284058', '50.203832'),
(1138, 1, 30, '32302', 'Agmal Ebtsama Polyclinic', '26.398277', '43.941128'),
(1139, 1, 36, '32303', 'Dubont Clinic', '24.799603', '46.785207'),
(1140, 1, 16, '32307', 'Ahaleena Medical Clinic', '26.450157', '50.096431'),
(1141, 1, 36, '32308', 'Al-Khayyalh Clinic', '24.701273', '46.667266'),
(1142, 1, 41, '32309', 'Al-Bandr Specialized Medical Center', '21.439292', '40.482325'),
(1143, 3, 65, 'K-4280', 'Derma Reem Clinic', '29.341394', '48.038761'),
(1144, 1, 36, '32310', 'Derma Dent', '24.76637', '46.661033'),
(1145, 2, 44, 'U-2100', 'Ultra Care Medical Center', '24.462174', '54.370651'),
(1146, 7, 77, 'J-1519', 'Ahmed Fahmy Hamdan and Akram Saad Eldin Al-Adhamy', '31.996786', '35.845346'),
(1147, 3, 65, 'K-4284', 'VLCC International Kuwait WLL', '29.337331', '48.053523'),
(1148, 1, 6, '32314', 'Rawnaq Dental and Derma Clinics | Al-Khobar', '26.305355', '50.180574'),
(1149, 1, 16, '32319', 'Orked Al-Shate Medical Center', '26.448187', '50.117933'),
(1150, 1, 2, '32321', 'BL - Saad Medical Center', '18.256648', '42.631665'),
(1151, 1, 36, '32323', 'Doctor Smile Medical Company', '24.792539', '46.868647'),
(1152, 1, 6, '32324', 'Cham Dental Clinic', '26.304754', '50.197175'),
(1153, 1, 22, '32327', 'Doctor Style', '21.61032', '39.14153'),
(1154, 2, 47, 'U-2102', 'Allied Medical Center', '25.232933', '55.281123'),
(1155, 2, 50, 'U-2106', 'Al-Dalil Medical Center', '25.336185', '55.425299'),
(1156, 1, 6, '32331', 'Basamat Dental Clinics', '26.363087', '50.197654'),
(1157, 2, 50, 'U-2109', 'Areej Medical Center', '25.345436', '55.431799'),
(1158, 2, 50, 'U-2110', 'Celebrities Medical Center', '25.355723', '55.43913'),
(1159, 2, 46, 'U-2112', 'Infinity Health Care Medical Center', '24.245864', '55.751209'),
(1160, 3, 102, 'K-4285', 'Al-Hamra Clinic', '29.379045', '47.993238'),
(1161, 1, 13, '32333', 'Experts Medical Center', '18.53917', '42.069356'),
(1162, 1, 36, '32334', 'Al-WSJ Medical Company', '24.57693', '46.770693'),
(1163, 3, 60, 'K-4286', 'Golden Cosmetic Center', '29.341394', '48.038761'),
(1164, 2, 46, 'U-2116', 'Fine Care Plus Specialized Medical Center', '24.223461', '55.726818'),
(1165, 3, 57, 'K-4288', 'Al-Sabah Private Polyclinic', '29.085555', '48.129467'),
(1166, 3, 65, 'K-4289', 'Mal-Allah Poly Clinic', '29.336755', '48.056704'),
(1167, 2, 47, 'U-2117', 'Art of Beauty Center', '25.144486', '55.208429'),
(1168, 1, 22, '32336', 'Dr. Mohamed Saad Al-Qahtani Medical Center (Deryaq Jeddah)', '21.748398', '39.188893'),
(1169, 2, 47, 'U-2121', 'Roya Medical Center', '25.234369', '55.269977'),
(1170, 1, 36, '32337', 'Jomana Medical Company Limited', '24.708119', '46.838965'),
(1171, 1, 36, '32342', 'Hla Rose Medical Clinic', '24.757992', '46.813475'),
(1172, 1, 36, '32344', 'Aroka Medical Company', '24.793142', '46.770204'),
(1173, 3, 65, 'K-4294', 'Infinity Clinic', '29.343716', '48.086532'),
(1174, 1, 31, '32345', 'BL - Al-Azhar Medical Center', '19.139473', '41.075526'),
(1175, 1, 36, '32350', 'Dr. Abdul Aziz Al-Mutairy Clinics', '24.815872', '46.755603'),
(1176, 2, 50, 'U-2125', 'Al-Dimashqi Medical Center', '25.336291', '55.375659'),
(1177, 1, 36, '32352', 'Kanz Clinic', '24.764686', '46.749749'),
(1178, 1, 10, '32353', 'Malak Al-Rahma Medical Company', '24.068589', '45.289044'),
(1179, 5, 69, 'O-1437', 'Kaya Middle East FZE | Muscat', '23.604467', '58.450528'),
(1180, 1, 36, '32355', 'Skin & Beauty Medical Center', '24.777624', '46.688526'),
(1181, 6, 73, 'B-1438', 'Yara Medical Hospitalia', '26.221492', '50.503238'),
(1182, 1, 21, '32360', 'Hayat Family Medical Complex', '25.374921', '49.566375'),
(1183, 3, 60, 'K-4296', 'White Wall Clinic', '29.34805', '48.0325'),
(1184, 2, 47, 'U-2132', 'Charme Polyclinic L.L.C.', '25.14368', '55.207672'),
(1185, 1, 36, '32369', 'Meras Medical Company 3', '24.563554', '46.705889'),
(1186, 1, 36, '32371', 'Adele Medical Center', '24.760987', '46.693391'),
(1187, 1, 36, '32374', 'Unique Dental Care', '24.811395', '46.626148'),
(1188, 2, 44, 'U-2140', 'Al-Hendawy Medical Center', '24.4841809', '54.367488'),
(1189, 2, 46, 'U-2141', 'International Aesthetic Medical Center | Al-Ain', '24.247684', '55.741156'),
(1190, 3, 102, 'K-4299', 'Dr. Reem Kanawati Clinic', '29.369181', '48.008694'),
(1191, 1, 22, '32378', 'Lamera Clinics', '21.562469', '39.161598'),
(1192, 1, 85, '32384', 'Al-Deraa Medical Company', '22.290259', '46.70835'),
(1193, 2, 47, 'U-2154', 'H.H. Shaikh Hamdan Bin Rashid Al-Maktoum Palace', '25.224441', '55.303982'),
(1194, 1, 36, '32385', 'Fal Al-Afia Medical Complex', '24.798279', '46.781987'),
(1195, 2, 44, 'U-2156', 'The British Clinic', '24.49062', '54.370779'),
(1196, 1, 25, '32390', 'Ososs EST.', '18.3006', '42.718069'),
(1197, 1, 41, '32393', 'Al-Mokhtar General Medical Complex', '21.436251', '40.488638'),
(1198, 2, 47, 'U-2167', 'Quality Life Medical Center', '25.084504', '55.144674'),
(1199, 4, 67, 'Q-1468', 'Sidra Hospital- Medical & Research Center', '25.32211', '51.444937'),
(1200, 3, 102, 'K-4301', 'Flex Clinic', '29.352551', '48.026399'),
(1201, 2, 44, 'U-2170', 'Doctor Sherif Mattar Medical Center L.L.C', '24.410353', '54.498317'),
(1202, 2, 44, 'U-2179', 'Al-Amal Medical Centre & Pharmacy', '24.28263', '54.647592'),
(1203, 3, 65, 'K-4302', 'Joury Clinic', '29.342158', '48.076787'),
(1204, 1, 36, '32399', 'Allied Medical Center | Riyadh', '24.735033', '46.686586'),
(1205, 4, 67, 'Q-1424', 'VLCC', '25.260819', '51.537306'),
(1206, 2, 46, 'U-2187', 'Dr.Yamina Dehimi Clinic L.L.C.', '24.216878', '55.759444'),
(1207, 2, 47, 'U-2189', 'Marina Medical Center L.L.C', '25.085066', '55.14203'),
(1208, 2, 47, 'U-2195', 'VLCC International LLC', '25.28677', '55.390693'),
(1209, 2, 46, 'U-2196', 'Real Health Center', '24.221942', '55.750222'),
(1210, 3, 102, 'K-4303', 'Concept Clinic', '29.369163', '48.008927'),
(1211, 1, 36, '32413', 'Nebras Medical Complex', '24.807417', '46.80216'),
(1212, 1, 36, '32415', 'Health & Medicine Medical Company', '24.722154', '46.672199'),
(1213, 2, 44, 'U-2198', 'Dr. Sahar Al-Kadhi Medical Center', '24.462397', '54.370104'),
(1214, 4, 67, 'Q-1428', 'Syrian American Medical Center', '25.319445', '51.456334'),
(1215, 2, 47, 'U-2202', 'Face Design Medical Center', '25.2137843', '55.25859'),
(1216, 1, 19, '32420', 'Derma Care Clinic', '28.422964', '45.957441'),
(1217, 1, 36, '32422', 'Juna Medical Center', '24.763108', '46.800973'),
(1218, 1, 36, '32424', 'BL - Rose Medical Company', '24.74395', '46.754547'),
(1219, 2, 47, 'U-2204', 'Yoland Medical Center', '25.189083', '55.383818'),
(1220, 3, 57, 'K-4304', 'Al-Amal Polyclinic | Fahaheel', '29.078437', '48.128937'),
(1221, 1, 36, '32432', 'Medical Care and Fresh', '24.735755', '46.83179'),
(1222, 2, 47, 'U-2208', 'Irish Medical Clinic', '25.15301', '55.214898'),
(1223, 2, 44, 'U-2209', 'Beauty Trick Medical Center', '24.459113', '54.373076'),
(1224, 1, 36, '32441', 'European Consulting Center', '24.738776', '46.689265'),
(1225, 2, 44, 'U-2212', 'Dr. Fatymah Mamdouh Al-Baridi', '24.292106', '54.635024'),
(1226, 1, 23, '32445', 'Mohammed Ali Yahya Al-Kalidi Al-Maliki Polyclinic', '17.345545', '43.152006'),
(1227, 1, 41, '32447', 'Al-Bahjah Specialized Polyclinics', '21.264179', '40.3988'),
(1228, 1, 25, '32448', 'Al-Teb Al-Shamel Medical Center', '18.248853', '42.762827'),
(1229, 3, 53, 'K-4307', 'Bella Roma Clinic', '29.324749', '48.017769'),
(1230, 2, 47, 'U-2222', 'IMC Medical Center L.L.C', '25.098908', '55.204699'),
(1231, 3, 60, 'K-4308', 'I Care Clinic', '29.346521', '48.011941'),
(1232, 1, 15, '32457', 'Al Mustaqbal Center_x000D_', '20.026147', '42.612609'),
(1233, 2, 45, 'U-2235', 'Oxygen Medical Center', '25.392708', '55.432444'),
(1234, 2, 44, 'U-2241', 'Cosmedics Skin & Laser Clinic', '24.431127', '54.569757'),
(1235, 1, 36, '32458', 'BL - Demas Specialized Clinics', '24.776167', '46.753037'),
(1236, 7, 77, 'J-1525', 'Dr. Amira Clinic', '31.999342', '35.872574'),
(1237, 1, 36, '32461', 'Al-Raed Consultant Medical Center', '24.716886', '46.65913'),
(1238, 3, 63, 'K-4310', 'Chic Clinic', '29.157071', '48.126037'),
(1239, 2, 44, 'U-2256', 'Bodyworx Medical Center L.L.C', '24.48275', '54.38168'),
(1240, 2, 50, 'U-2260', 'Al-Wadi International Medical Center', '25.307788', '55.460738'),
(1241, 1, 28, '32465', 'Elite General Medical Complex', '21.374233', '39.800747'),
(1242, 3, 102, 'K-4311', 'Al-Mansour Clinic(Alsalmyah)', '29.346144', '48.087454'),
(1243, 1, 36, '32468', 'Oralia Clinics', '24.763117', '46.698512'),
(1244, 7, 77, 'J-1526', 'Sara Saudi Group', '31.942553', '35.880943'),
(1245, 7, 77, 'J-1527', 'Dr. Sami Mashal Clinic', '31.960261', '35.878623'),
(1246, 2, 47, 'U-2269', 'Doctor Haitham Salman Salih Plastic Surgery Clinic L.L.C', '25.287584', '55.365123'),
(1247, 3, 53, 'K-4312', 'Butrus Jerjes Yousef Bahsay', '29.349474', '48.032637'),
(1248, 1, 36, '32469', 'Care And Beauty Clinics', '24.739588', '46.68461'),
(1249, 2, 46, 'U-2274', 'I CARE CLINIC L.L.C', '24.223625', '55.781291'),
(1250, 2, 47, 'U-2279', 'Cocoona Day Surgical Center', '25.165678', '55.223871'),
(1251, 5, 69, 'O-1439', 'Sandiane international L.L.C', '23.596545', '58.360222'),
(1252, 2, 47, 'U-2283', 'AIG Medical Clinics L.L.C', '25.182223', '55.225382'),
(1253, 1, 36, '32471', 'Perfect Care Poly Clinic', '24.688827', '46.756922'),
(1254, 1, 36, '32474', 'BL - Nadret Leen Medical Complex', '24.813558', '46.754768'),
(1255, 1, 36, '32475', 'Bright Medical Centre', '24.801791', '46.738883'),
(1256, 1, 36, '32476', 'Meras Medical Center Company', '24.813764', '46.632057'),
(1257, 3, 60, 'K-4314', 'Al-Nahil International Center', '29.328412', '48.009016'),
(1258, 5, 69, 'O-1441', 'Al-Zahra Medical Complex', '23.612764', '58.496201'),
(1259, 1, 26, '32478', 'Lamasat Al-Nour Dental Clinic', '24.457058', '39.655452'),
(1260, 1, 21, '32480', 'Bright White Medical Center', '25.397655', '49.560147'),
(1261, 1, 36, '32482', 'Bella Medical Centre', '24.585472', '46.655315'),
(1262, 1, 22, '32486', 'Makarim Sobhi Batarji Medical Services Company Ltd.', '21.59734', '39.135618'),
(1263, 1, 2, '32487', 'Universe Medical Center', '18.230686', '42.493281'),
(1264, 1, 30, '32491', 'Dov Medical Complex (Dental & Dermatology)', '26.394649', '43.925935'),
(1265, 2, 44, 'U-2291', 'Ambulatory Healthcare Services (AHS)', '24.428053', '54.463159'),
(1266, 3, 52, 'K-4316', 'Dana Clinic', '29.342475', '47.673338'),
(1267, 3, 52, 'K-4321', 'Al-Rayan Clinic', '29.351489', '47.666721'),
(1268, 1, 22, '32493', 'Dr. Saeed Awdah Al-Asiri Complex for General Medicine', '21.514427', '39.224726');
INSERT INTO `tbl_clinics` (`Clinic_Id`, `Country_Id`, `City_Id`, `Clinic_Code`, `Clinic_Name`, `Clinic_Latitude`, `Clinic_Longitude`) VALUES
(1269, 2, 47, 'U-2296', 'TruCare Clinics L.L.C', '25.117422', '55.20471'),
(1270, 3, 60, 'K-4323', 'Quttainah Medical Center', '29.350883', '48.030521'),
(1271, 2, 47, 'U-2304', 'Bizrah Medical Center & Nose Cosmetic Surgery BMC L.L.C', '25.125021', '55.202392'),
(1272, 1, 16, '32499', 'Health & Life Polyclinic', '26.393611', '50.033119'),
(1273, 4, 67, 'Q-1481', 'Dr. Halima Al-Tamimi Obsteitrics & Gynaecology Centre', '25.253354', '51.48707'),
(1274, 1, 36, '32502', 'Dr. Mohamed Al-Zomami Dental & Derma Center', '24.799235', '46.597254'),
(1275, 1, 16, '32510', 'Creative Medical Specialized Complex', '26.408932', '50.055862'),
(1276, 3, 61, 'K-4325', 'Dr. Amani Sultan Clinic', '29.320852', '48.025356'),
(1277, 1, 41, '32513', 'Childhood Crown Medical Complex General', '21.243703', '40.410651'),
(1278, 1, 26, '32514', 'Al Miknan Al Mumayaz Dental Complex', '24.413559', '39.61957'),
(1279, 3, 102, 'K-4329', 'Dr. Salem Al-Ajmy Clinic', '29.329115', '48.090747'),
(1280, 7, 78, 'J-1533', 'Dr. Rasha Clinic', '32.53666', '35.869985'),
(1281, 2, 47, 'U-2318', 'Omnicare Medical Center LLC', '25.150123', '55.211898'),
(1282, 3, 102, 'K-4332', 'BL- La Bourjoise Swiss Clinic', '29.354942', '48.02428'),
(1283, 3, 102, 'K-4334', 'Mallorca Beauty Center', '29.367232', '48.009074'),
(1284, 1, 41, '32518', 'BL - Zahrat Al-Salamah Medical Center', '21.268934', '40.405859'),
(1285, 1, 28, '32528', 'Al-Fares Crystal General Medical Complex', '21.463849', '39.946215'),
(1286, 4, 67, 'Q-1484', 'Al-Jameel Medical Services', '25.258992', '51.450357'),
(1287, 1, 6, '32532', 'Riyadh Mansour Al-Bigmy Clinics', '26.294882', '50.18528'),
(1288, 1, 36, '32533', 'Bahr Darin Medical complex', '24.813758', '46.776362'),
(1289, 1, 41, '32535', 'Al-Salam General Polyclinic', '21.283204', '40.423848'),
(1290, 2, 47, 'U-2330', 'Euro Arabian Medical Center', '25.22383', '55.256873'),
(1291, 2, 44, 'U-2332', 'Mezyad Medical Center', '24.373265', '54.538277'),
(1292, 3, 60, 'K-4337', 'Infinity Derma Clinic 2', '29.34829', '48.014257'),
(1293, 1, 36, '32537', 'Dana Smile Medical Complex', '24.643578', '46.546221'),
(1294, 3, 53, 'K-4338', 'Laross Clinica', '29.34805', '48.0325'),
(1295, 1, 5, '32538', 'Tbeeb Al-Hayah Medical Clinic', '24.143183', '47.367509'),
(1296, 1, 36, '32540', 'Hi Care Polyclinic', '24.734963', '46.831967'),
(1297, 1, 2, '32542', 'Deep Vision Center', '18.230131', '42.509686'),
(1298, 3, 53, 'K-4341', 'Dr. Sahar A S Al Houti', '29.34805', '48.0325'),
(1299, 6, 76, 'B-1447', 'Dr. Rana Aesthetic Health Center', '26.127155', '50.557575'),
(1300, 1, 36, '32553', 'Saudi British Hospital', '24.706722', '46.673916'),
(1301, 1, 36, '32554', 'Trust Clinics', '24.753173', '46.719917'),
(1302, 6, 74, 'B-1454', 'Ram Dental Hospital', '26.20074', '50.558167'),
(1303, 1, 36, '32556', 'BL - Specialized Expert', '24.77893', '46.664363'),
(1304, 2, 46, 'U-2349', 'Cryogenic General Trading', '24.190929', '55.760304'),
(1305, 1, 25, '32557', 'Gulf Smile Center', '18.253368', '42.758929'),
(1306, 1, 16, '32558', 'Era Doctors Clinics', '26.470151', '50.124128'),
(1307, 4, 67, 'Q-1489', 'Diamond Medical Center', '25.393272', '51.431821'),
(1308, 1, 36, '32559', 'Al-Jeel Medical And Trading Company', '24.677503', '46.691248'),
(1309, 3, 58, 'K-4347', 'Elite Medical Centre', '29.289443', '47.967423'),
(1310, 3, 102, 'K-4348', 'Dr. Ahmed Abdullatif Ahmed Al-Haddad Clinic', '29.38619', '47.984006'),
(1311, 1, 36, '32564', 'To Care Polyclinic', '24.796484', '46.638296'),
(1312, 1, 36, '32565', 'Knowledge Source For Consulting & Medical Training', '24.755904', '46.655908'),
(1313, 2, 44, 'U-2352', 'NMC Royal Hospital (Abu Dhabi)', '24.483794', '54.361367'),
(1314, 1, 10, '32566', 'Ibrahim Saud Al-Tayyar and Partner Medical Complex', '24.064829', '45.28736'),
(1315, 1, 36, '32572', 'Victoria Saudi Medical Hospital Company', '24.730152', '46.785305'),
(1316, 2, 46, 'U-2360', 'Al-Andalus Medical Center', '24.228469', '55.761961'),
(1317, 3, 54, 'K-4351', 'Mangaf Private Polyclinic', '29.092238', '48.131186'),
(1318, 4, 67, 'Q-1490', 'Royal Medical Center', '25.260773', '51.524858'),
(1319, 3, 65, 'K-4353', 'Venues Clinic', '29.335344', '48.053879'),
(1320, 2, 45, 'U-2367', 'Derma Art Clinic L.L.C', '25.419313', '55.488531'),
(1321, 2, 47, 'U-2368', 'VIA Medical Center and Plastic surgery', '25.209627', '55.245855'),
(1322, 1, 28, '32576', 'Al-Bader Al-Thamin General Polyclinic', '21.448597', '39.864076'),
(1323, 1, 22, '32577', 'Al Bader IV Specialized Medical Complex', '21.425584', '39.296683'),
(1324, 1, 28, '32579', 'Al-Bader Al-Thani Company L.L.C', '21.382167', '39.794902'),
(1325, 1, 22, '32583', 'Oasis Clinics', '21.559209', '39.124791'),
(1326, 1, 41, '32584', 'Hikmet Al-Byrony Polyclinic', '21.250186', '40.410016'),
(1327, 1, 36, '32585', 'Amaldun Dental And Dermatology Clinics', '24.763687', '46.692963'),
(1328, 3, 60, 'K-4356', 'Dental 8 Clinic - Dental Center', '29.32976', '48.028804'),
(1329, 3, 102, 'K-4357', 'Diva Derma Clinic', '29.367625', '48.008932'),
(1330, 7, 78, 'J-1537', 'Rawan Ali Mohamed Abo Samrah Clinic', '32.543838', '35.858893'),
(1331, 1, 22, '32587', 'Septa Specialized Medical Complex', '21.641725', '39.130137'),
(1332, 1, 36, '32588', 'Al-Farabi Smile Medical Complex', '24.596628', '46.619372'),
(1333, 1, 6, '32589', 'Dar Ram Medical Complex', '26.303777', '50.20337'),
(1334, 5, 69, 'O-1451', 'Gulf Specialized Hospital', '23.607437', '58.5131'),
(1335, 2, 46, 'U-2380', 'Beaulink Medical Center', '24.226653', '55.660928'),
(1336, 1, 26, '32595', 'Rooh Al-Shefaa Medical Polyclinic', '24.420421', '39.624122'),
(1337, 1, 29, '32596', 'Mohamed Hamad Dakheel Clinic', '17.528837', '44.201158'),
(1338, 3, 60, 'K-4364', 'Laila Taishouri', '29.348064', '48.013454'),
(1339, 5, 69, 'O-1458', 'Ali Al Battashi United Projects', '23.610181', '58.243726'),
(1340, 5, 69, 'O-1460', 'Al-Taima International L.L.C', '23.619942', '58.259153'),
(1341, 4, 67, 'Q-1491', 'Dr. Kholoud Al-Mahmoud Specialized Diseases Center', '25.251668', '51.461241'),
(1342, 2, 47, 'U-2387', 'Confident Skin & Dental Care L.L.C', '25.228474', '55.26146'),
(1343, 2, 47, 'U-2388', 'Serenity Medical Clinic', '25.088658', '55.146849'),
(1344, 3, 60, 'K-4362', 'Rosa Clinic', '29.348314', '48.014284'),
(1345, 3, 102, 'K-4363', 'Nael Al-Hazeem Dental Center', '29.370531', '47.992567'),
(1346, 3, 60, 'K-4368', 'Tajmeel Clinics', '29.323228', '48.018562'),
(1347, 1, 29, '32599', 'Beauty Secrets Polyclinic', '17.551249', '44.228666'),
(1348, 1, 28, '32600', 'Atba Al-Asr General Medical Complex', '21.400211', '39.876873'),
(1349, 1, 36, '32601', 'Manaber Al-Teqnia', '24.575426', '46.676202'),
(1350, 1, 36, '32603', 'Al-Hayat Medical Complex', '24.785119', '46.750602'),
(1351, 1, 3, '32605', 'Shmoa Al Seha Medical Group', '23.895064', '42.908027'),
(1352, 1, 6, '32607', 'Eshraqah Al Khobar Medical Copmlex', '26.294941', '50.170201'),
(1353, 1, 7, '32610', 'Al-Nairya Medical Polyclinic', '27.474045', '48.490419'),
(1354, 1, 30, '32612', 'Delta Al-Naseem Medical Complex', '26.131015', '43.648317'),
(1355, 5, 69, 'O-1476', 'Al Khaldiyya Specialized Medical and Commercial Complex L.L.C.', '23.600268', '58.377245'),
(1356, 1, 36, '32614', 'Sehat Al Suwaidi Medical Company', '24.5673', '46.640521'),
(1357, 1, 36, '32615', 'Al-Rahama Medical Center Company', '24.760107', '46.812439'),
(1358, 1, 19, '32616', 'Pulse Care Polyclinic', '28.31522', '46.122925'),
(1359, 1, 24, '32617', 'BL - Majid Polyclinics Medical Complex Company', '27.00874', '49.644177'),
(1360, 1, 36, '32621', 'River of Health Medical Complex Co.', '24.788558', '46.875985'),
(1361, 1, 30, '32622', 'Smart Medical Clinics Company', '26.417076', '43.928919'),
(1362, 3, 53, 'K-4374', 'Mohamed Eid Salamah Eid Mousa', '29.348156', '48.032476'),
(1363, 4, 67, 'Q-1493', 'Beauty Concept Polyclinic', '25.306531', '51.487018'),
(1364, 3, 65, 'K-4375', 'Kuwait Edafah Company', '29.338154', '48.055225'),
(1365, 1, 36, '32624', 'State Security Presidency', '24.664468', '46.705097'),
(1366, 2, 44, 'U-2412', 'Al-Reem Dental & Cosmetic Center - Branch Of Dubai L.L.C', '24.465907', '54.346859'),
(1367, 1, 36, '32627', 'Pearl Zone Medical Center', '24.73382', '46.686304'),
(1368, 1, 30, '32629', 'Ramz Al-Rawad', '26.355263', '43.956476'),
(1369, 1, 28, '32631', 'Life Way General Polyclinic', '21.459758', '39.962094'),
(1370, 7, 77, 'J-1541', 'Al-Khaldi Beauty Clinic (Dr. Majdi Fathi Sadek Al-Khaldi)', '31.957475', '35.855458'),
(1371, 1, 36, '32633', 'Meras 4 Medical Company', '24.57394', '46.608919'),
(1372, 3, 60, 'K-4376', 'Dr. Ahmed Al-Muheisen', '29.346525', '48.011934'),
(1373, 1, 36, '32636', 'Bylsan Al-Riyadh Medical Center', '24.763901', '46.801512'),
(1374, 2, 47, 'U-2425', 'Beauty Concept Clinic FZ-L.L.C', '25.23183', '55.321824'),
(1375, 2, 44, 'U-2426', 'L A Medical Center', '24.371687', '54.540275'),
(1376, 1, 36, '32638', 'BL - Orked Riyadh Polyclinics', '24.748045', '46.798107'),
(1377, 4, 67, 'Q-1496', 'Al-Nawras Medical Center', '25.254784', '51.44982'),
(1378, 5, 71, 'O-1494', 'Royal Excellence Medical Center', '24.384652', '56.699348'),
(1379, 6, 75, 'B-1460', 'Al-Senan Health Center', '26.261411', '50.618055'),
(1380, 1, 36, '32641', 'Sumo Al-Seha Medical Center', '24.804482', '46.693907'),
(1381, 2, 44, 'U-2439', 'Care Well Clinic L.L.C', '24.43469', '54.41256'),
(1382, 2, 44, 'U-2440', 'HOSPACCX Medical Equipment LLC', '24.477443', '54.381495'),
(1383, 1, 22, '32642', 'Ayah Specialised Medical Hospital', '21.660484', '39.122965'),
(1384, 1, 16, '32644', 'Hoor Dental Complex', '26.412483', '50.018475'),
(1385, 1, 23, '32646', 'Asdaf Al Moheet', '16.928853', '42.553981'),
(1386, 6, 74, 'B-1462', 'Al-Salam Specialist Hospital', '26.154265', '50.568624'),
(1387, 1, 22, '32647', 'Renew Cosmetic Clinics', '21.61178', '39.119931'),
(1388, 1, 36, '32649', 'Adwaa Ishbiliya Medical Complex', '24.792096', '46.787439'),
(1389, 1, 16, '32650', 'Jordanian Medical Clinic Company', '26.427566', '50.038496'),
(1390, 3, 102, 'K-4378', 'Rim Ahmad Achrafi', '29.367433', '48.009002'),
(1391, 2, 44, 'U-2453', 'Kings College Hospital Clinics', '24.47301', '54.349623'),
(1392, 1, 36, '32661', 'Al-Enaya Medical Center Dental Co.', '24.64903', '46.555685'),
(1393, 1, 36, '32662', 'Medical Care Origin Clinic', '24.685048', '46.689788'),
(1394, 4, 67, 'Q-1498', 'Dr.Fatina Imran Medical Complex', '25.324382', '51.500978'),
(1395, 1, 42, '32666', 'BL - Shams Al-Tadawai Medical Clinics Complex', '20.476064', '44.776307'),
(1396, 1, 29, '32667', 'Enayti Medical Center', '17.558904', '44.229823'),
(1397, 1, 22, '32671', 'El-Herfay El Maher Organization', '21.572188', '39.138927'),
(1398, 1, 21, '32672', 'Beauty Zone Medical Center', '25.403781', '49.557242'),
(1399, 1, 36, '32673', 'BL - Smile Palace Polyclinic', '24.800787', '46.783066'),
(1400, 2, 47, 'U-2461', 'Scottish Dental Centre', '25.165567', '55.234406'),
(1401, 5, 69, 'O-1496', 'Kinaan Medical Center', '23.623311', '58.213375'),
(1402, 1, 36, '32678', 'Nayel Clinics', '24.746354', '46.620053'),
(1403, 1, 29, '32679', 'Elia Clinic', '17.492743', '44.189095'),
(1404, 1, 36, '32680', 'Al-Bayroni Saudi Medical Company', '24.815061', '46.776987'),
(1405, 1, 16, '32682', 'Murjan Medical Co.', '26.371689', '50.124045'),
(1406, 2, 47, 'U-2463', 'Tazyeen Gynae and Polyclinic LLC', '25.045951', '55.231757'),
(1407, 2, 44, 'U-2465', 'NMC Royal Medical Center', '24.456061', '54.339859'),
(1408, 1, 36, '32685', 'Noor Medical Clinics Complex', '24.714548', '46.677133'),
(1409, 3, 60, 'K-4381', 'My Doctor Clinic', '29.333538', '48.087024'),
(1410, 4, 67, 'Q-1501', 'Value Medical Complex', '25.3445', '51.469465'),
(1411, 1, 16, '32690', 'Cham Dental & Derma Clinics (2)', '26.41241', '50.097154');

-- --------------------------------------------------------

--
-- Table structure for table `tbl_clinic_device`
--

CREATE TABLE `tbl_clinic_device` (
  `id` int(11) NOT NULL,
  `Clinic_Id` int(11) NOT NULL,
  `Device_Id` int(11) NOT NULL,
  `Quantity` int(11) NOT NULL,
  `U_W_AVG_Repair_Time_12_h` int(6) NOT NULL COMMENT '	Under warranty Avergae repair time less than 12 hours	',
  `U_W_AVG_Repair_Time` int(6) NOT NULL COMMENT 'Under Warranty Average repair time',
  `AVG_Repair_Time_12_h` int(6) NOT NULL COMMENT '	Avergae repair time less than 12 hours - All',
  `AVG_Repair_Time_All` int(6) NOT NULL COMMENT '	Average repair time - All',
  `First_Time_Call` int(6) NOT NULL COMMENT 'First time Call',
  `Total_Repair_Calls_All` int(6) NOT NULL COMMENT 'Total repair calls All',
  `Up_Time` int(6) NOT NULL,
  `Doctors_Trained` int(6) NOT NULL,
  `Nurses_Trained` int(6) NOT NULL,
  `E_Learning_Course_Delivered` int(6) NOT NULL
) ENGINE=InnoDB DEFAULT CHARSET=latin1;

--
-- Dumping data for table `tbl_clinic_device`
--

INSERT INTO `tbl_clinic_device` (`id`, `Clinic_Id`, `Device_Id`, `Quantity`, `U_W_AVG_Repair_Time_12_h`, `U_W_AVG_Repair_Time`, `AVG_Repair_Time_12_h`, `AVG_Repair_Time_All`, `First_Time_Call`, `Total_Repair_Calls_All`, `Up_Time`, `Doctors_Trained`, `Nurses_Trained`, `E_Learning_Course_Delivered`) VALUES
(1, 835, 1, 1, 0, 0, 0, 0, 0, 0, 8760, 0, 0, 0),
(2, 1, 1, 1, 1, 1, 1, 1, 1, 1, 8757, 0, 1, 1),
(3, 836, 2, 1, 0, 0, 2, 3, 2, 3, 8591, 0, 0, 0),
(4, 2, 3, 1, 0, 0, 0, 1, 0, 1, 8418, 3, 0, 0),
(5, 836, 7, 1, 0, 0, 1, 1, 1, 1, 8759, 0, 8, 0),
(6, 2, 7, 1, 1, 1, 1, 1, 1, 1, 8759, 0, 0, 0),
(7, 837, 1, 3, 0, 0, 0, 0, 0, 0, 8760, 0, 2, 0),
(8, 2, 9, 1, 0, 0, 0, 0, 0, 0, 8760, 3, 0, 0),
(9, 838, 1, 1, 0, 0, 0, 0, 0, 0, 8760, 0, 0, 0),
(10, 2, 2, 3, 10, 11, 10, 11, 10, 11, 8652, 4, 9, 0),
(11, 839, 1, 1, 0, 1, 0, 1, 0, 1, 8738, 0, 0, 3),
(12, 2, 1, 9, 18, 31, 21, 36, 31, 36, 8483, 5, 10, 0),
(13, 1089, 1, 1, 0, 0, 0, 0, 0, 0, 8760, 0, 0, 0),
(14, 2, 5, 1, 0, 0, 0, 0, 0, 0, 8760, 4, 0, 0),
(15, 840, 2, 1, 0, 0, 1, 2, 2, 2, 8736, 0, 5, 0),
(16, 3, 1, 2, 7, 9, 12, 14, 13, 14, 8557, 0, 3, 1),
(17, 840, 5, 1, 0, 0, 0, 0, 0, 0, 8760, 0, 6, 3),
(18, 4, 3, 1, 0, 0, 0, 0, 0, 0, 8760, 0, 0, 0),
(19, 840, 9, 1, 0, 0, 0, 0, 0, 0, 8760, 0, 3, 0),
(20, 4, 2, 1, 0, 0, 0, 0, 0, 0, 8760, 0, 0, 0),
(21, 841, 1, 2, 0, 0, 1, 3, 1, 3, 8385, 0, 4, 0),
(22, 4, 1, 2, 0, 0, 0, 0, 0, 0, 8760, 0, 0, 0),
(23, 842, 1, 1, 0, 0, 0, 0, 0, 0, 8760, 0, 0, 0),
(24, 5, 1, 1, 0, 0, 1, 1, 1, 1, 8754, 1, 0, 0),
(25, 843, 2, 1, 0, 0, 0, 0, 0, 0, 8760, 1, 4, 0),
(26, 6, 1, 1, 0, 0, 3, 3, 3, 3, 8739, 0, 0, 0),
(27, 843, 3, 1, 0, 0, 0, 2, 0, 2, 8526, 0, 4, 0),
(28, 6, 7, 1, 4, 4, 4, 4, 4, 4, 8753, 1, 11, 0),
(29, 844, 1, 2, 0, 0, 1, 3, 1, 3, 8589, 1, 3, 4),
(30, 6, 2, 1, 0, 0, 1, 1, 1, 1, 8752, 1, 4, 0),
(31, 844, 2, 1, 0, 0, 0, 0, 0, 0, 8760, 1, 0, 2),
(32, 7, 1, 1, 0, 0, 0, 1, 0, 1, 8014, 0, 1, 0),
(33, 844, 3, 1, 0, 0, 0, 0, 0, 0, 8760, 1, 0, 2),
(34, 8, 10, 1, 1, 1, 1, 1, 1, 1, 8754, 2, 0, 0),
(35, 844, 5, 1, 0, 0, 0, 0, 0, 0, 8760, 1, 0, 2),
(36, 8, 2, 1, 0, 0, 0, 1, 0, 1, 8542, 1, 2, 0),
(37, 844, 9, 1, 0, 0, 0, 0, 0, 0, 8760, 0, 0, 0),
(38, 8, 1, 2, 4, 5, 8, 10, 8, 10, 8370, 0, 0, 0),
(39, 844, 10, 1, 0, 0, 0, 0, 0, 0, 8760, 0, 0, 0),
(40, 845, 1, 2, 0, 0, 0, 0, 0, 0, 8760, 0, 10, 1),
(41, 10, 9, 1, 0, 0, 1, 2, 2, 2, 8611, 2, 4, 2),
(42, 845, 2, 1, 0, 0, 0, 0, 0, 0, 8760, 0, 0, 0),
(43, 10, 2, 1, 0, 0, 0, 0, 0, 0, 8760, 1, 9, 0),
(44, 10, 5, 1, 0, 0, 0, 0, 0, 0, 8760, 0, 4, 2),
(45, 1181, 1, 3, 0, 0, 7, 7, 7, 7, 8756, 0, 17, 4),
(46, 10, 1, 1, 0, 0, 0, 0, 0, 0, 8760, 1, 15, 1),
(47, 1181, 2, 1, 0, 0, 1, 2, 1, 2, 8433, 0, 1, 2),
(48, 11, 2, 1, 1, 2, 1, 2, 1, 2, 7898, 1, 0, 1),
(49, 1181, 5, 1, 0, 0, 0, 0, 0, 0, 8760, 0, 0, 0),
(50, 11, 1, 1, 5, 7, 7, 10, 8, 10, 7719, 3, 2, 2),
(51, 1299, 9, 1, 0, 0, 0, 0, 0, 0, 8760, 1, 7, 0),
(52, 12, 1, 1, 0, 0, 0, 0, 0, 0, 8760, 1, 2, 0),
(53, 1302, 1, 2, 1, 1, 1, 1, 1, 1, 8759, 0, 0, 1),
(54, 13, 1, 1, 1, 1, 1, 1, 1, 1, 8758, 0, 0, 0),
(55, 1302, 2, 1, 0, 0, 0, 0, 0, 0, 8760, 0, 0, 0),
(56, 13, 2, 1, 0, 0, 0, 0, 0, 0, 8760, 0, 0, 0),
(57, 1379, 1, 3, 2, 2, 8, 11, 8, 11, 8522, 4, 9, 11),
(58, 14, 2, 1, 0, 1, 0, 1, 0, 1, 8107, 0, 0, 0),
(59, 1379, 2, 1, 0, 0, 0, 0, 0, 0, 8760, 4, 7, 1),
(60, 14, 1, 1, 2, 4, 2, 4, 2, 4, 7423, 1, 4, 0),
(61, 1379, 5, 1, 0, 0, 0, 0, 0, 0, 8760, 1, 0, 2),
(62, 15, 1, 4, 3, 7, 3, 7, 4, 7, 8576, 2, 12, 1),
(63, 1379, 9, 1, 0, 0, 0, 0, 0, 0, 8760, 3, 8, 0),
(64, 15, 7, 1, 0, 0, 0, 0, 0, 0, 8760, 0, 0, 1),
(65, 1379, 8, 1, 0, 0, 0, 0, 0, 0, 8760, 0, 0, 0),
(66, 15, 2, 1, 0, 1, 0, 1, 0, 1, 8255, 3, 8, 1),
(67, 1379, 7, 1, 0, 0, 3, 4, 3, 4, 8393, 0, 0, 0),
(68, 15, 4, 1, 0, 0, 0, 0, 0, 0, 8760, 3, 0, 1),
(69, 1386, 1, 1, 1, 1, 1, 1, 1, 1, 8760, 0, 5, 0),
(70, 16, 3, 1, 0, 0, 0, 0, 0, 0, 8760, 0, 0, 0),
(71, 1386, 2, 1, 0, 0, 0, 0, 0, 0, 8760, 0, 5, 0),
(72, 17, 5, 1, 0, 0, 0, 0, 0, 0, 8760, 0, 0, 0),
(73, 138, 1, 1, 0, 0, 0, 0, 0, 0, 8760, 1, 2, 3),
(74, 18, 2, 1, 0, 0, 0, 2, 1, 2, 8137, 0, 0, 0),
(75, 138, 2, 1, 1, 1, 1, 1, 1, 1, 8759, 1, 2, 3),
(76, 18, 1, 2, 0, 0, 0, 0, 0, 0, 8760, 1, 3, 1),
(77, 138, 5, 1, 0, 0, 0, 0, 0, 0, 8760, 1, 1, 2),
(78, 19, 3, 1, 0, 0, 0, 0, 0, 0, 8760, 0, 0, 0),
(79, 167, 1, 3, 7, 8, 9, 11, 9, 11, 8608, 0, 9, 9),
(80, 19, 5, 1, 0, 0, 0, 0, 0, 0, 8760, 2, 2, 0),
(81, 246, 1, 1, 5, 6, 5, 6, 5, 6, 8389, 2, 4, 0),
(82, 19, 1, 1, 1, 1, 3, 4, 4, 4, 8721, 1, 1, 0),
(83, 846, 1, 3, 0, 0, 2, 2, 2, 2, 8756, 0, 0, 0),
(84, 19, 2, 1, 0, 0, 0, 0, 0, 0, 8760, 1, 1, 0),
(85, 847, 1, 3, 0, 0, 8, 8, 8, 8, 8755, 0, 2, 0),
(86, 20, 6, 1, 0, 0, 0, 0, 0, 0, 8760, 0, 5, 0),
(87, 848, 1, 2, 0, 0, 2, 2, 2, 2, 8756, 0, 0, 0),
(88, 21, 1, 1, 1, 1, 1, 1, 1, 1, 8759, 2, 7, 0),
(89, 848, 4, 1, 0, 0, 0, 0, 0, 0, 8760, 0, 0, 0),
(90, 21, 2, 1, 0, 0, 0, 0, 0, 0, 8760, 2, 8, 0),
(91, 849, 1, 1, 0, 0, 32, 36, 36, 36, 8744, 0, 0, 0),
(92, 22, 1, 1, 1, 1, 1, 1, 1, 1, 8757, 2, 7, 0),
(93, 849, 2, 1, 0, 0, 8, 8, 8, 8, 8753, 0, 0, 0),
(94, 22, 3, 1, 0, 0, 0, 0, 0, 0, 8760, 2, 0, 1),
(95, 850, 1, 1, 0, 0, 0, 0, 0, 0, 8760, 0, 0, 0),
(96, 22, 2, 1, 0, 0, 0, 0, 0, 0, 8760, 1, 9, 0),
(97, 851, 1, 1, 0, 0, 4, 4, 4, 4, 8755, 0, 1, 0),
(98, 23, 2, 2, 0, 0, 0, 0, 0, 0, 8760, 1, 0, 1),
(99, 852, 1, 1, 0, 0, 0, 0, 0, 0, 8760, 0, 0, 0),
(100, 23, 1, 4, 0, 0, 8, 8, 8, 8, 8750, 1, 7, 5),
(101, 852, 2, 1, 0, 0, 0, 0, 0, 0, 8760, 0, 1, 0),
(102, 24, 4, 1, 0, 0, 0, 0, 0, 0, 8760, 2, 0, 0),
(103, 852, 9, 1, 0, 0, 0, 0, 0, 0, 8760, 0, 0, 0),
(104, 24, 1, 3, 1, 4, 3, 8, 6, 8, 8492, 2, 9, 1),
(105, 1125, 2, 1, 0, 0, 8, 8, 8, 8, 8754, 0, 0, 0),
(106, 24, 2, 1, 1, 1, 1, 1, 1, 1, 8755, 2, 2, 3),
(107, 1131, 1, 4, 6, 6, 6, 6, 6, 6, 8747, 0, 0, 0),
(108, 25, 3, 1, 0, 0, 0, 0, 0, 0, 8760, 0, 1, 0),
(109, 1131, 2, 2, 0, 0, 0, 0, 0, 0, 8760, 0, 0, 0),
(110, 26, 9, 1, 0, 0, 0, 0, 0, 0, 8760, 0, 0, 1),
(111, 1146, 1, 4, 2, 2, 12, 12, 12, 12, 8754, 0, 8, 1),
(112, 26, 1, 1, 0, 0, 0, 0, 0, 0, 8760, 0, 0, 0),
(113, 1146, 2, 2, 0, 2, 2, 4, 2, 4, 8736, 0, 2, 0),
(114, 27, 6, 1, 0, 0, 3, 3, 3, 3, 8753, 0, 2, 0),
(115, 1236, 1, 1, 0, 0, 46, 48, 48, 48, 8736, 2, 2, 1),
(116, 28, 2, 1, 0, 0, 0, 0, 0, 0, 8760, 1, 6, 0),
(117, 1236, 2, 1, 0, 0, 6, 6, 6, 6, 8743, 2, 2, 0),
(118, 28, 1, 1, 0, 0, 0, 2, 2, 2, 7462, 2, 6, 0),
(119, 1236, 3, 1, 0, 0, 0, 0, 0, 0, 8760, 2, 0, 0),
(120, 29, 1, 2, 3, 3, 3, 3, 3, 3, 8752, 0, 7, 0),
(121, 1236, 7, 1, 0, 0, 8, 8, 8, 8, 8751, 1, 0, 0),
(122, 30, 1, 2, 0, 0, 3, 5, 4, 5, 8337, 0, 4, 1),
(123, 1244, 1, 6, 20, 22, 32, 34, 34, 34, 8749, 1, 0, 0),
(124, 31, 1, 3, 1, 6, 2, 9, 7, 9, 8612, 1, 0, 0),
(125, 1244, 2, 1, 0, 0, 4, 4, 4, 4, 8752, 1, 0, 0),
(126, 31, 9, 1, 0, 0, 0, 0, 0, 0, 8760, 0, 0, 0),
(127, 1245, 1, 2, 8, 8, 14, 14, 14, 14, 8747, 1, 2, 0),
(128, 32, 3, 1, 0, 0, 0, 0, 0, 0, 8760, 0, 0, 1),
(129, 1280, 1, 1, 0, 0, 6, 6, 6, 6, 8751, 0, 0, 0),
(130, 32, 2, 1, 0, 0, 0, 0, 0, 0, 8760, 1, 2, 1),
(131, 1330, 1, 1, 0, 0, 0, 2, 0, 2, 8736, 0, 0, 0),
(132, 32, 1, 1, 0, 0, 0, 0, 0, 0, 8760, 1, 2, 2),
(133, 1370, 1, 2, 0, 0, 8, 8, 8, 8, 8755, 0, 1, 0),
(134, 33, 6, 3, 1, 1, 20, 20, 20, 20, 8745, 1, 0, 0),
(135, 1370, 5, 1, 0, 0, 0, 0, 0, 0, 8760, 0, 0, 0),
(136, 33, 2, 3, 1, 1, 1, 1, 1, 1, 8758, 1, 0, 0),
(137, 34, 1, 5, 10, 12, 20, 23, 23, 23, 8728, 0, 3, 0),
(138, 106, 1, 5, 28, 30, 28, 30, 30, 30, 8747, 0, 0, 0),
(139, 35, 1, 1, 3, 3, 3, 3, 3, 3, 8749, 2, 3, 2),
(140, 106, 2, 1, 2, 2, 2, 2, 2, 2, 8758, 0, 0, 1),
(141, 35, 2, 1, 1, 1, 1, 1, 1, 1, 8758, 2, 0, 2),
(142, 106, 3, 1, 2, 2, 2, 2, 2, 2, 8757, 0, 0, 2),
(143, 36, 9, 2, 0, 0, 0, 0, 0, 0, 8760, 0, 0, 0),
(144, 106, 9, 1, 0, 0, 0, 0, 0, 0, 8760, 0, 0, 1),
(145, 36, 3, 4, 0, 0, 0, 0, 0, 0, 8760, 0, 1, 0),
(146, 212, 1, 1, 18, 18, 18, 18, 18, 18, 8739, 0, 2, 4),
(147, 36, 4, 1, 0, 0, 0, 0, 0, 0, 8760, 1, 0, 0),
(148, 212, 2, 1, 0, 0, 0, 0, 0, 0, 8760, 0, 0, 0),
(149, 37, 1, 1, 0, 1, 0, 1, 0, 1, 8011, 0, 0, 1),
(150, 266, 3, 1, 0, 0, 0, 0, 0, 0, 8760, 0, 0, 0),
(151, 39, 1, 1, 1, 2, 1, 2, 1, 2, 8651, 1, 5, 3),
(152, 267, 1, 1, 8, 8, 8, 8, 8, 8, 8753, 0, 0, 0),
(153, 40, 1, 2, 1, 2, 2, 3, 2, 3, 8318, 0, 0, 1),
(154, 267, 10, 1, 2, 2, 2, 2, 2, 2, 8758, 0, 0, 0),
(155, 40, 2, 1, 0, 0, 0, 0, 0, 0, 8760, 0, 0, 0),
(156, 268, 1, 1, 6, 6, 6, 6, 6, 6, 8753, 0, 0, 1),
(157, 41, 1, 2, 1, 2, 1, 2, 1, 2, 8660, 0, 0, 0),
(158, 269, 1, 1, 0, 0, 0, 0, 0, 0, 8760, 0, 0, 0),
(159, 41, 2, 1, 0, 0, 1, 4, 2, 4, 8060, 0, 0, 0),
(160, 315, 1, 1, 0, 0, 0, 0, 0, 0, 8760, 0, 2, 0),
(161, 41, 5, 1, 0, 0, 0, 0, 0, 0, 8760, 2, 8, 10),
(162, 315, 5, 1, 0, 0, 0, 0, 0, 0, 8760, 0, 0, 0),
(163, 42, 2, 1, 0, 1, 0, 1, 0, 1, 8664, 0, 0, 0),
(164, 316, 1, 1, 0, 0, 0, 0, 0, 0, 8760, 0, 0, 0),
(165, 42, 7, 1, 1, 1, 1, 1, 1, 1, 8758, 0, 7, 2),
(166, 42, 1, 1, 4, 5, 4, 5, 4, 5, 8606, 0, 0, 2),
(167, 317, 1, 1, 0, 0, 0, 0, 0, 0, 8760, 0, 3, 0),
(168, 42, 4, 1, 0, 0, 0, 0, 0, 0, 8760, 0, 0, 1),
(169, 317, 3, 1, 0, 0, 0, 0, 0, 0, 8760, 0, 0, 0),
(170, 43, 5, 1, 0, 0, 0, 0, 0, 0, 8760, 1, 0, 2),
(171, 317, 4, 1, 0, 0, 0, 0, 0, 0, 8760, 0, 0, 0),
(172, 43, 2, 1, 0, 0, 2, 2, 2, 2, 8748, 2, 0, 3),
(173, 317, 13, 1, 0, 0, 0, 0, 0, 0, 8760, 0, 0, 0),
(174, 43, 1, 2, 4, 4, 8, 8, 8, 8, 8732, 1, 0, 1),
(175, 318, 1, 1, 0, 0, 0, 0, 0, 0, 8760, 0, 0, 0),
(176, 319, 1, 1, 0, 0, 0, 0, 0, 0, 8760, 0, 0, 0),
(177, 320, 1, 1, 0, 0, 0, 0, 0, 0, 8760, 0, 0, 0),
(178, 45, 3, 1, 0, 0, 0, 0, 0, 0, 8760, 1, 3, 0),
(179, 321, 1, 2, 0, 0, 1, 4, 1, 4, 7934, 0, 0, 0),
(180, 45, 10, 1, 0, 0, 0, 0, 0, 0, 8760, 0, 0, 0),
(181, 321, 2, 1, 0, 0, 1, 1, 1, 1, 8757, 1, 0, 1),
(182, 45, 9, 1, 0, 0, 0, 0, 0, 0, 8760, 1, 3, 0),
(183, 321, 3, 1, 0, 0, 0, 1, 0, 1, 8399, 1, 0, 1),
(184, 45, 5, 1, 0, 0, 2, 2, 2, 2, 8756, 1, 8, 0),
(185, 322, 1, 6, 0, 0, 0, 0, 0, 0, 8760, 0, 0, 0),
(186, 323, 1, 1, 0, 0, 0, 0, 0, 0, 8760, 0, 0, 0),
(187, 47, 1, 2, 1, 2, 1, 2, 1, 2, 8585, 0, 3, 0),
(188, 323, 2, 2, 0, 0, 0, 0, 0, 0, 8760, 1, 0, 0),
(189, 48, 1, 4, 14, 15, 24, 31, 28, 31, 8574, 0, 14, 0),
(190, 323, 3, 2, 1, 1, 1, 1, 1, 1, 8758, 4, 2, 0),
(191, 48, 5, 1, 0, 0, 0, 0, 0, 0, 8760, 0, 0, 0),
(192, 324, 1, 1, 0, 0, 0, 0, 0, 0, 8760, 0, 0, 0),
(193, 48, 2, 1, 1, 2, 1, 2, 1, 2, 8557, 0, 0, 0),
(194, 324, 2, 1, 0, 0, 0, 0, 0, 0, 8760, 0, 0, 0),
(195, 49, 1, 1, 0, 0, 0, 0, 0, 0, 8760, 0, 0, 0),
(196, 325, 1, 1, 0, 0, 0, 0, 0, 0, 8760, 1, 0, 0),
(197, 50, 1, 2, 0, 0, 0, 0, 0, 0, 8760, 1, 5, 0),
(198, 325, 2, 1, 0, 0, 0, 0, 0, 0, 8760, 1, 0, 0),
(199, 51, 1, 1, 0, 2, 1, 5, 4, 5, 7916, 1, 0, 1),
(200, 325, 4, 1, 0, 0, 0, 0, 0, 0, 8760, 1, 0, 0),
(201, 52, 1, 1, 2, 2, 3, 3, 3, 3, 8754, 2, 4, 6),
(202, 326, 1, 1, 0, 0, 0, 0, 0, 0, 8760, 0, 0, 0),
(203, 52, 2, 1, 1, 1, 1, 1, 1, 1, 8759, 1, 4, 4),
(204, 327, 1, 1, 0, 0, 0, 0, 0, 0, 8760, 1, 0, 0),
(205, 53, 3, 1, 0, 0, 0, 0, 0, 0, 8760, 0, 0, 0),
(206, 54, 1, 1, 1, 1, 1, 1, 1, 1, 8754, 0, 2, 0),
(207, 328, 9, 1, 0, 0, 0, 0, 0, 0, 8760, 0, 0, 0),
(208, 54, 7, 1, 2, 2, 2, 2, 2, 2, 8751, 1, 7, 0),
(209, 329, 1, 1, 0, 0, 0, 0, 0, 0, 8760, 0, 0, 0),
(210, 55, 1, 2, 1, 1, 1, 1, 1, 1, 8758, 0, 0, 3),
(211, 330, 1, 9, 0, 0, 0, 0, 0, 0, 8760, 1, 24, 2),
(212, 330, 2, 2, 2, 2, 2, 2, 2, 2, 8754, 2, 4, 0),
(213, 330, 3, 1, 0, 0, 0, 0, 0, 0, 8760, 0, 0, 0),
(214, 57, 6, 1, 0, 0, 4, 4, 4, 4, 8752, 2, 5, 0),
(215, 331, 1, 2, 0, 0, 0, 0, 0, 0, 8760, 1, 1, 0),
(216, 58, 9, 1, 0, 0, 0, 0, 0, 0, 8760, 1, 0, 0),
(217, 332, 1, 2, 0, 0, 0, 0, 0, 0, 8760, 0, 0, 0),
(218, 58, 6, 1, 0, 0, 1, 1, 1, 1, 8758, 1, 6, 0),
(219, 333, 1, 1, 0, 0, 0, 0, 0, 0, 8760, 0, 2, 0),
(220, 59, 6, 1, 0, 0, 5, 5, 5, 5, 8753, 1, 2, 0),
(221, 334, 1, 1, 0, 0, 0, 0, 0, 0, 8760, 0, 0, 0),
(222, 60, 1, 1, 1, 1, 1, 1, 1, 1, 8756, 1, 1, 0),
(223, 61, 1, 1, 3, 4, 3, 4, 3, 4, 8417, 1, 6, 0),
(224, 62, 9, 1, 0, 0, 0, 0, 0, 0, 8760, 0, 0, 0),
(225, 62, 4, 1, 0, 0, 0, 0, 0, 0, 8760, 0, 0, 0),
(226, 62, 1, 2, 7, 7, 7, 7, 7, 7, 8746, 0, 6, 0),
(227, 62, 2, 1, 0, 0, 0, 0, 0, 0, 8760, 1, 0, 1),
(228, 335, 1, 1, 0, 0, 0, 0, 0, 0, 8760, 0, 0, 0),
(229, 63, 1, 1, 2, 3, 2, 3, 2, 3, 8482, 1, 2, 3),
(230, 336, 1, 9, 0, 0, 0, 0, 0, 0, 8760, 2, 25, 0),
(231, 336, 2, 2, 1, 1, 1, 1, 1, 1, 8754, 1, 7, 0),
(232, 336, 4, 2, 0, 0, 0, 0, 0, 0, 8760, 2, 0, 0),
(233, 336, 13, 2, 0, 0, 0, 0, 0, 0, 8760, 0, 0, 0),
(234, 67, 3, 1, 0, 0, 0, 0, 0, 0, 8760, 1, 0, 0),
(235, 337, 1, 1, 0, 0, 0, 0, 0, 0, 8760, 0, 0, 0),
(236, 67, 2, 1, 0, 0, 0, 0, 0, 0, 8760, 3, 2, 0),
(237, 338, 1, 2, 0, 0, 1, 1, 1, 1, 8758, 3, 0, 2),
(238, 67, 1, 1, 0, 0, 0, 0, 0, 0, 8760, 1, 0, 0),
(239, 338, 2, 1, 0, 0, 0, 0, 0, 0, 8760, 1, 0, 1),
(240, 68, 2, 1, 0, 0, 0, 0, 0, 0, 8760, 2, 6, 3),
(241, 338, 4, 1, 0, 0, 0, 0, 0, 0, 8760, 1, 0, 0),
(242, 69, 2, 1, 3, 3, 3, 3, 3, 3, 8747, 0, 0, 0),
(243, 69, 1, 1, 5, 5, 5, 5, 5, 5, 8737, 0, 0, 0),
(244, 339, 1, 4, 0, 0, 0, 0, 0, 0, 8760, 0, 17, 4),
(245, 69, 4, 1, 0, 0, 0, 0, 0, 0, 8760, 0, 0, 0),
(246, 339, 2, 1, 0, 0, 0, 0, 0, 0, 8760, 0, 0, 0),
(247, 70, 2, 1, 1, 1, 1, 1, 1, 1, 8758, 2, 2, 0),
(248, 340, 1, 1, 0, 0, 0, 0, 0, 0, 8760, 1, 2, 0),
(249, 341, 1, 2, 0, 0, 0, 0, 0, 0, 8760, 0, 0, 0),
(250, 341, 2, 1, 0, 0, 0, 0, 0, 0, 8760, 1, 0, 0),
(251, 73, 2, 1, 0, 0, 1, 1, 1, 1, 8758, 0, 0, 0),
(252, 341, 4, 1, 0, 0, 0, 0, 0, 0, 8760, 0, 0, 0),
(253, 73, 5, 1, 1, 1, 1, 1, 1, 1, 8758, 0, 0, 0),
(254, 342, 1, 1, 0, 0, 0, 0, 0, 0, 8760, 4, 5, 2),
(255, 74, 2, 1, 3, 3, 3, 3, 3, 3, 8741, 0, 0, 1),
(256, 342, 4, 2, 0, 0, 0, 0, 0, 0, 8760, 6, 0, 2),
(257, 75, 2, 1, 0, 0, 0, 0, 0, 0, 8760, 1, 7, 1),
(258, 342, 13, 1, 0, 0, 1, 1, 1, 1, 8756, 3, 5, 0),
(259, 75, 1, 1, 0, 0, 0, 0, 0, 0, 8760, 1, 3, 2),
(260, 75, 7, 1, 3, 3, 3, 3, 3, 3, 8744, 1, 1, 0),
(261, 343, 1, 1, 1, 1, 1, 1, 1, 1, 8756, 0, 0, 0),
(262, 75, 4, 1, 0, 1, 0, 1, 0, 1, 7868, 1, 1, 0),
(263, 343, 3, 1, 0, 0, 0, 0, 0, 0, 8760, 0, 0, 0),
(264, 344, 1, 2, 0, 0, 0, 2, 0, 2, 8374, 4, 2, 1),
(265, 77, 1, 2, 5, 8, 5, 8, 5, 8, 8615, 1, 2, 0),
(266, 344, 3, 1, 0, 0, 0, 0, 0, 0, 8760, 0, 0, 0),
(267, 344, 5, 1, 0, 0, 0, 0, 0, 0, 8760, 0, 0, 1),
(268, 79, 5, 1, 0, 0, 0, 0, 0, 0, 8760, 1, 0, 0),
(269, 345, 1, 1, 1, 2, 1, 2, 1, 2, 8671, 0, 2, 2),
(270, 79, 1, 1, 1, 1, 1, 1, 1, 1, 8759, 1, 1, 2),
(271, 79, 2, 1, 0, 1, 0, 1, 0, 1, 8622, 1, 1, 2),
(272, 345, 7, 2, 1, 5, 1, 5, 1, 5, 6856, 1, 0, 0),
(273, 79, 3, 1, 0, 0, 0, 0, 0, 0, 8760, 1, 0, 0),
(274, 346, 1, 1, 0, 0, 1, 1, 1, 1, 8756, 0, 0, 0),
(275, 80, 1, 1, 10, 13, 10, 13, 13, 13, 8675, 1, 5, 3),
(276, 346, 9, 1, 0, 0, 0, 0, 0, 0, 8760, 2, 2, 1),
(277, 81, 4, 1, 0, 0, 0, 0, 0, 0, 8760, 0, 0, 0),
(278, 347, 1, 4, 1, 1, 1, 2, 1, 2, 8444, 5, 4, 1),
(279, 348, 1, 1, 0, 0, 0, 0, 0, 0, 8760, 0, 0, 0),
(280, 349, 1, 3, 1, 1, 5, 6, 6, 6, 8736, 2, 4, 3),
(281, 84, 1, 1, 0, 0, 0, 0, 0, 0, 8760, 0, 0, 0),
(282, 349, 3, 1, 0, 0, 0, 0, 0, 0, 8760, 2, 0, 0),
(283, 349, 4, 1, 0, 0, 0, 0, 0, 0, 8760, 0, 0, 0),
(284, 350, 1, 1, 0, 0, 1, 1, 1, 1, 8758, 2, 6, 0),
(285, 86, 2, 1, 0, 0, 0, 0, 0, 0, 8760, 0, 0, 0),
(286, 351, 1, 1, 0, 0, 0, 0, 0, 0, 8760, 0, 0, 0),
(287, 87, 1, 1, 1, 1, 1, 1, 1, 1, 8751, 1, 4, 0),
(288, 352, 1, 1, 0, 0, 0, 0, 0, 0, 8760, 1, 0, 0),
(289, 88, 1, 1, 0, 0, 0, 0, 0, 0, 8760, 0, 0, 0),
(290, 89, 1, 1, 2, 4, 2, 4, 2, 4, 8271, 0, 4, 0),
(291, 353, 1, 3, 0, 0, 0, 0, 0, 0, 8760, 5, 3, 3),
(292, 91, 1, 2, 7, 7, 7, 7, 7, 7, 8748, 0, 0, 0),
(293, 92, 1, 2, 2, 11, 2, 11, 2, 11, 8006, 0, 0, 0),
(294, 93, 1, 1, 2, 3, 5, 6, 5, 6, 8738, 1, 1, 3),
(295, 354, 1, 1, 0, 0, 0, 0, 0, 0, 8760, 0, 0, 0),
(296, 96, 10, 1, 0, 0, 0, 0, 0, 0, 8760, 1, 0, 0),
(297, 355, 1, 1, 0, 0, 1, 3, 2, 3, 8041, 0, 0, 0),
(298, 96, 2, 1, 0, 0, 0, 0, 0, 0, 8760, 2, 5, 7),
(299, 355, 2, 1, 0, 0, 1, 2, 2, 2, 8735, 0, 0, 0),
(300, 97, 10, 1, 0, 0, 0, 0, 0, 0, 8760, 1, 0, 0),
(301, 355, 4, 1, 0, 0, 0, 0, 0, 0, 8760, 0, 0, 0),
(302, 98, 1, 1, 0, 0, 2, 2, 2, 2, 8754, 0, 5, 2),
(303, 356, 1, 1, 0, 0, 0, 0, 0, 0, 8760, 0, 0, 0),
(304, 98, 4, 1, 0, 0, 0, 0, 0, 0, 8760, 0, 0, 1),
(305, 357, 4, 1, 0, 0, 0, 0, 0, 0, 8760, 13, 0, 14),
(306, 98, 2, 1, 0, 0, 1, 1, 1, 1, 8755, 1, 5, 2),
(307, 101, 10, 2, 0, 0, 0, 0, 0, 0, 8760, 0, 0, 0),
(308, 358, 1, 1, 0, 0, 0, 0, 0, 0, 8760, 0, 0, 0),
(309, 101, 1, 7, 2, 3, 2, 3, 2, 3, 7745, 0, 12, 0),
(310, 358, 3, 1, 1, 1, 1, 1, 1, 1, 8758, 0, 0, 0),
(311, 101, 7, 2, 2, 6, 2, 6, 2, 6, 6513, 0, 0, 0),
(312, 359, 1, 1, 0, 0, 0, 0, 0, 0, 8760, 0, 0, 0),
(313, 101, 9, 3, 0, 1, 0, 1, 0, 1, 8634, 0, 0, 0),
(314, 359, 13, 1, 0, 0, 0, 0, 0, 0, 8760, 0, 0, 0),
(315, 102, 1, 1, 0, 1, 0, 1, 1, 1, 8744, 0, 0, 1),
(316, 360, 1, 3, 0, 0, 0, 0, 0, 0, 8760, 0, 0, 0),
(317, 103, 6, 1, 3, 3, 3, 3, 3, 3, 8754, 0, 1, 0),
(318, 360, 13, 1, 0, 0, 0, 0, 0, 0, 8760, 0, 0, 0),
(319, 361, 2, 1, 0, 0, 0, 0, 0, 0, 8760, 0, 0, 0),
(320, 105, 1, 1, 1, 3, 1, 4, 3, 4, 7975, 2, 3, 1),
(321, 361, 4, 2, 1, 2, 1, 2, 1, 2, 8682, 0, 0, 0),
(322, 361, 13, 2, 1, 1, 1, 1, 1, 1, 8752, 0, 10, 0),
(323, 362, 3, 1, 0, 0, 0, 0, 0, 0, 8760, 0, 0, 0),
(324, 362, 4, 1, 0, 0, 0, 0, 0, 0, 8760, 0, 0, 0),
(325, 362, 13, 1, 0, 0, 0, 0, 0, 0, 8760, 0, 0, 0),
(326, 363, 1, 1, 0, 0, 0, 0, 0, 0, 8760, 0, 0, 0),
(327, 108, 1, 1, 0, 1, 0, 2, 1, 2, 7968, 5, 4, 0),
(328, 363, 3, 1, 0, 0, 0, 0, 0, 0, 8760, 0, 0, 0),
(329, 108, 7, 1, 1, 2, 1, 2, 1, 2, 8418, 0, 0, 0),
(330, 363, 13, 1, 2, 2, 2, 2, 2, 2, 8746, 0, 0, 0),
(331, 108, 10, 1, 0, 0, 0, 0, 0, 0, 8760, 0, 0, 0),
(332, 364, 13, 2, 0, 0, 0, 0, 0, 0, 8760, 0, 0, 0),
(333, 109, 1, 1, 1, 2, 1, 2, 1, 2, 8731, 0, 0, 0),
(334, 365, 1, 1, 0, 0, 0, 0, 0, 0, 8760, 0, 0, 0),
(335, 365, 4, 1, 0, 0, 0, 0, 0, 0, 8760, 0, 0, 0),
(336, 111, 9, 1, 1, 1, 1, 1, 1, 1, 8750, 1, 0, 1),
(337, 365, 13, 1, 0, 0, 0, 0, 0, 0, 8760, 0, 0, 0),
(338, 112, 5, 1, 0, 0, 0, 0, 0, 0, 8760, 0, 0, 0),
(339, 366, 1, 1, 0, 0, 0, 0, 0, 0, 8760, 0, 0, 0),
(340, 112, 1, 1, 4, 5, 4, 5, 5, 5, 8640, 0, 0, 0),
(341, 367, 1, 1, 0, 0, 0, 0, 0, 0, 8760, 0, 0, 0),
(342, 113, 2, 1, 1, 1, 1, 1, 1, 1, 8754, 3, 8, 0),
(343, 367, 13, 1, 0, 0, 0, 0, 0, 0, 8760, 0, 0, 0),
(344, 113, 4, 1, 0, 0, 0, 0, 0, 0, 8760, 1, 0, 1),
(345, 368, 4, 1, 0, 0, 0, 0, 0, 0, 8760, 0, 0, 0),
(346, 113, 1, 1, 2, 2, 2, 2, 2, 2, 8748, 2, 4, 0),
(347, 369, 1, 2, 0, 0, 0, 0, 0, 0, 8760, 0, 0, 1),
(348, 114, 1, 2, 0, 0, 5, 5, 5, 5, 8755, 0, 0, 0),
(349, 370, 1, 8, 0, 0, 4, 6, 4, 6, 8572, 1, 20, 1),
(350, 370, 3, 1, 0, 0, 0, 0, 0, 0, 8760, 1, 9, 1),
(351, 116, 2, 1, 0, 0, 0, 0, 0, 0, 8760, 0, 0, 0),
(352, 370, 4, 2, 2, 2, 2, 2, 2, 2, 8756, 1, 9, 1),
(353, 116, 3, 1, 0, 0, 0, 0, 0, 0, 8760, 0, 0, 0),
(354, 370, 13, 4, 1, 2, 12, 16, 12, 16, 8013, 1, 8, 0),
(355, 116, 6, 1, 0, 0, 1, 1, 1, 1, 8757, 0, 0, 0),
(356, 370, 12, 1, 2, 2, 2, 2, 2, 2, 8752, 0, 0, 0),
(357, 117, 3, 1, 0, 0, 0, 0, 0, 0, 8760, 0, 0, 0),
(358, 117, 2, 1, 0, 0, 0, 0, 0, 0, 8760, 0, 0, 0),
(359, 371, 1, 1, 0, 0, 0, 0, 0, 0, 8760, 0, 0, 0),
(360, 117, 1, 1, 0, 0, 0, 0, 0, 0, 8760, 0, 0, 0),
(361, 371, 4, 1, 0, 0, 0, 0, 0, 0, 8760, 0, 0, 0),
(362, 118, 2, 1, 0, 0, 1, 1, 1, 1, 8758, 0, 2, 0),
(363, 371, 5, 1, 0, 0, 0, 0, 0, 0, 8760, 0, 0, 0),
(364, 118, 6, 1, 0, 0, 4, 4, 4, 4, 8754, 0, 0, 0),
(365, 371, 13, 1, 0, 1, 0, 1, 0, 1, 6072, 0, 0, 0),
(366, 119, 2, 1, 1, 1, 1, 1, 1, 1, 8754, 0, 0, 0),
(367, 372, 13, 1, 0, 0, 0, 0, 0, 0, 8760, 0, 0, 0),
(368, 119, 1, 1, 1, 2, 1, 2, 1, 2, 8563, 0, 1, 0),
(369, 373, 1, 1, 0, 0, 0, 0, 0, 0, 8760, 0, 0, 0),
(370, 120, 2, 1, 2, 2, 2, 2, 2, 2, 8753, 1, 4, 0),
(371, 120, 7, 1, 3, 4, 3, 4, 3, 4, 8676, 2, 0, 0),
(372, 374, 1, 1, 0, 0, 1, 1, 1, 1, 8758, 0, 0, 0),
(373, 120, 9, 1, 0, 0, 0, 0, 0, 0, 8760, 1, 0, 0),
(374, 120, 1, 2, 11, 12, 11, 12, 12, 12, 8368, 2, 4, 0),
(375, 374, 4, 1, 0, 0, 0, 0, 0, 0, 8760, 0, 0, 0),
(376, 120, 4, 1, 1, 2, 1, 2, 1, 2, 8679, 1, 0, 0),
(377, 121, 1, 2, 0, 0, 0, 0, 0, 0, 8760, 1, 4, 0),
(378, 375, 1, 3, 0, 0, 0, 0, 0, 0, 8760, 2, 7, 1),
(379, 121, 4, 1, 0, 0, 0, 0, 0, 0, 8760, 0, 0, 0),
(380, 375, 4, 1, 0, 0, 0, 0, 0, 0, 8760, 1, 0, 1),
(381, 121, 2, 1, 0, 0, 0, 0, 0, 0, 8760, 0, 0, 0),
(382, 376, 1, 1, 0, 0, 0, 0, 0, 0, 8760, 0, 0, 0),
(383, 376, 2, 1, 0, 0, 0, 0, 0, 0, 8760, 0, 0, 0),
(384, 123, 1, 1, 0, 0, 0, 0, 0, 0, 8760, 0, 3, 0),
(385, 377, 1, 8, 0, 2, 3, 7, 3, 7, 7982, 11, 14, 0),
(386, 123, 2, 1, 1, 1, 1, 1, 1, 1, 8757, 0, 0, 0),
(387, 377, 2, 1, 0, 0, 0, 0, 0, 0, 8760, 2, 0, 0),
(388, 124, 1, 5, 8, 14, 8, 14, 10, 14, 8315, 0, 3, 7),
(389, 377, 3, 1, 0, 0, 0, 0, 0, 0, 8760, 0, 0, 0),
(390, 124, 2, 1, 4, 5, 4, 5, 4, 5, 8628, 0, 7, 0),
(391, 377, 4, 1, 0, 0, 0, 0, 0, 0, 8760, 4, 0, 0),
(392, 124, 9, 1, 0, 0, 0, 0, 0, 0, 8760, 3, 0, 0),
(393, 377, 10, 1, 0, 0, 0, 0, 0, 0, 8760, 0, 0, 0),
(394, 124, 12, 1, 5, 6, 5, 6, 6, 6, 8726, 0, 0, 0),
(395, 378, 1, 1, 0, 0, 4, 5, 5, 5, 8719, 0, 0, 0),
(396, 124, 7, 1, 1, 1, 1, 1, 1, 1, 8759, 0, 1, 0),
(397, 379, 1, 1, 0, 0, 0, 0, 0, 0, 8760, 0, 0, 0),
(398, 124, 5, 1, 0, 0, 0, 0, 0, 0, 8760, 3, 1, 2),
(399, 380, 1, 4, 3, 3, 3, 3, 3, 3, 8744, 1, 0, 2),
(400, 125, 1, 1, 2, 4, 2, 4, 4, 4, 8716, 0, 3, 3),
(401, 380, 2, 1, 0, 0, 0, 0, 0, 0, 8760, 0, 0, 0),
(402, 126, 7, 1, 5, 6, 5, 6, 5, 6, 8576, 0, 0, 0),
(403, 381, 1, 1, 0, 0, 0, 0, 0, 0, 8760, 0, 0, 0),
(404, 126, 9, 1, 2, 7, 2, 7, 2, 7, 7711, 3, 0, 0),
(405, 381, 2, 1, 0, 0, 0, 0, 0, 0, 8760, 0, 0, 0),
(406, 126, 10, 1, 4, 5, 4, 5, 5, 5, 8737, 0, 0, 0),
(407, 382, 1, 2, 0, 0, 2, 3, 2, 3, 8514, 0, 2, 0),
(408, 126, 1, 2, 12, 15, 12, 15, 13, 15, 8707, 1, 10, 0),
(409, 382, 2, 1, 0, 0, 0, 0, 0, 0, 8760, 0, 0, 0),
(410, 127, 2, 1, 2, 2, 2, 2, 2, 2, 8747, 1, 1, 6),
(411, 382, 4, 1, 0, 0, 0, 0, 0, 0, 8760, 0, 0, 0),
(412, 127, 1, 1, 4, 4, 4, 4, 4, 4, 8732, 0, 0, 3),
(413, 382, 5, 1, 0, 0, 0, 0, 0, 0, 8760, 0, 0, 0),
(414, 128, 1, 1, 0, 0, 0, 0, 0, 0, 8760, 0, 0, 2),
(415, 383, 1, 1, 0, 0, 0, 0, 0, 0, 8760, 0, 1, 0),
(416, 384, 9, 1, 0, 0, 0, 0, 0, 0, 8760, 2, 0, 1),
(417, 130, 1, 1, 2, 2, 2, 2, 2, 2, 8746, 0, 0, 1),
(418, 385, 1, 1, 0, 0, 0, 0, 0, 0, 8760, 0, 0, 0),
(419, 131, 13, 1, 0, 0, 0, 0, 0, 0, 8760, 0, 0, 0),
(420, 386, 1, 1, 0, 0, 2, 2, 2, 2, 8756, 0, 0, 0),
(421, 131, 5, 1, 0, 0, 0, 0, 0, 0, 8760, 0, 0, 0),
(422, 386, 2, 1, 0, 0, 1, 1, 1, 1, 8756, 0, 0, 0),
(423, 387, 1, 6, 0, 0, 1, 1, 1, 1, 8756, 0, 3, 2),
(424, 387, 2, 1, 0, 0, 0, 0, 0, 0, 8760, 0, 0, 0),
(425, 387, 3, 1, 0, 0, 1, 2, 1, 2, 7193, 0, 0, 0),
(426, 133, 1, 1, 0, 0, 0, 0, 0, 0, 8760, 1, 12, 16),
(427, 388, 1, 1, 0, 0, 0, 0, 0, 0, 8760, 0, 0, 0),
(428, 134, 5, 1, 1, 1, 1, 1, 1, 1, 8758, 1, 2, 0),
(429, 389, 1, 1, 0, 0, 0, 0, 0, 0, 8760, 0, 0, 0),
(430, 134, 7, 1, 1, 1, 1, 1, 1, 1, 8757, 0, 0, 0),
(431, 390, 1, 9, 0, 0, 6, 9, 6, 9, 8575, 2, 4, 7),
(432, 134, 9, 2, 1, 2, 1, 2, 1, 2, 8445, 1, 0, 0),
(433, 390, 2, 5, 0, 0, 1, 1, 1, 1, 8757, 0, 0, 1),
(434, 135, 2, 1, 0, 0, 0, 0, 0, 0, 8760, 0, 0, 1),
(435, 390, 4, 2, 0, 0, 0, 0, 0, 0, 8760, 0, 0, 0),
(436, 136, 1, 1, 2, 4, 2, 4, 2, 4, 8672, 1, 1, 0),
(437, 390, 5, 1, 0, 0, 0, 0, 0, 0, 8760, 0, 0, 0),
(438, 136, 2, 1, 2, 2, 2, 2, 2, 2, 8753, 1, 0, 0),
(439, 390, 9, 1, 0, 0, 0, 0, 0, 0, 8760, 0, 0, 0),
(440, 391, 1, 1, 0, 0, 0, 0, 0, 0, 8760, 0, 0, 0),
(441, 392, 1, 1, 0, 0, 0, 0, 0, 0, 8760, 0, 0, 0),
(442, 393, 2, 1, 0, 0, 0, 0, 0, 0, 8760, 0, 0, 0),
(443, 394, 1, 1, 0, 0, 0, 0, 0, 0, 8760, 0, 0, 0),
(444, 139, 1, 1, 1, 1, 1, 1, 1, 1, 8758, 0, 0, 5),
(445, 395, 1, 1, 0, 0, 4, 5, 5, 5, 8707, 0, 2, 0),
(446, 139, 2, 1, 3, 3, 3, 3, 3, 3, 8754, 0, 0, 4),
(447, 395, 2, 1, 0, 0, 0, 0, 0, 0, 8760, 0, 0, 0),
(448, 396, 1, 1, 0, 0, 1, 1, 1, 1, 8757, 0, 0, 0),
(449, 141, 1, 1, 0, 0, 0, 0, 0, 0, 8760, 0, 0, 4),
(450, 396, 2, 1, 0, 0, 0, 0, 0, 0, 8760, 0, 0, 0),
(451, 142, 1, 1, 2, 2, 2, 2, 2, 2, 8750, 2, 0, 0),
(452, 142, 2, 1, 2, 2, 2, 2, 2, 2, 8754, 2, 0, 0),
(453, 397, 1, 2, 0, 0, 0, 0, 0, 0, 8760, 0, 0, 0),
(454, 397, 2, 1, 0, 0, 0, 0, 0, 0, 8760, 0, 0, 0),
(455, 398, 1, 1, 0, 0, 0, 0, 0, 0, 8760, 0, 0, 0),
(456, 145, 1, 1, 2, 3, 2, 3, 3, 3, 8671, 0, 0, 0),
(457, 399, 1, 2, 0, 0, 1, 1, 1, 1, 8757, 0, 0, 0),
(458, 146, 1, 3, 4, 7, 4, 7, 5, 7, 7898, 2, 9, 2),
(459, 399, 2, 2, 0, 0, 0, 0, 0, 0, 8760, 0, 0, 0),
(460, 146, 2, 1, 0, 0, 0, 0, 0, 0, 8760, 0, 0, 0),
(461, 400, 1, 1, 3, 4, 3, 4, 3, 4, 7658, 0, 0, 5),
(462, 147, 1, 1, 2, 2, 2, 2, 2, 2, 8751, 1, 6, 5),
(463, 400, 2, 1, 4, 5, 4, 5, 4, 5, 8566, 0, 0, 1),
(464, 147, 4, 1, 1, 2, 1, 2, 2, 2, 8006, 1, 0, 0),
(465, 401, 1, 3, 0, 0, 0, 0, 0, 0, 8760, 2, 1, 0),
(466, 147, 2, 1, 0, 0, 0, 0, 0, 0, 8760, 1, 5, 0),
(467, 401, 2, 1, 0, 0, 0, 0, 0, 0, 8760, 1, 2, 0),
(468, 148, 1, 1, 0, 0, 0, 0, 0, 0, 8760, 1, 1, 0),
(469, 401, 4, 1, 0, 0, 0, 0, 0, 0, 8760, 1, 2, 0),
(470, 148, 2, 1, 0, 0, 0, 0, 0, 0, 8760, 1, 1, 0),
(471, 402, 1, 1, 0, 0, 0, 0, 0, 0, 8760, 0, 0, 0),
(472, 149, 1, 1, 1, 2, 1, 2, 2, 2, 8729, 0, 4, 2),
(473, 403, 1, 1, 0, 0, 0, 0, 0, 0, 8760, 0, 0, 0),
(474, 150, 9, 1, 0, 0, 0, 0, 0, 0, 8760, 0, 0, 0),
(475, 404, 1, 46, 2, 2, 68, 85, 70, 85, 8689, 31, 70, 7),
(476, 151, 10, 1, 0, 0, 0, 0, 0, 0, 8760, 0, 0, 0),
(477, 404, 2, 12, 0, 0, 5, 12, 5, 12, 8403, 13, 37, 11),
(478, 151, 4, 1, 0, 1, 0, 1, 0, 1, 8639, 0, 0, 2),
(479, 404, 4, 2, 0, 0, 0, 0, 0, 0, 8760, 13, 0, 2),
(480, 151, 1, 4, 0, 2, 0, 2, 0, 2, 7683, 0, 0, 7),
(481, 405, 1, 2, 0, 0, 0, 1, 1, 1, 8744, 3, 1, 4),
(482, 151, 12, 1, 0, 0, 0, 0, 0, 0, 8760, 0, 0, 0),
(483, 405, 2, 1, 0, 0, 0, 0, 0, 0, 8760, 0, 0, 0),
(484, 151, 2, 2, 0, 0, 0, 0, 0, 0, 8760, 0, 0, 8),
(485, 405, 4, 1, 0, 0, 0, 0, 0, 0, 8760, 0, 0, 0),
(486, 151, 5, 1, 0, 0, 0, 0, 0, 0, 8760, 0, 0, 1),
(487, 405, 5, 1, 0, 0, 0, 0, 0, 0, 8760, 3, 0, 0),
(488, 151, 7, 1, 0, 0, 0, 0, 0, 0, 8760, 0, 0, 0),
(489, 406, 1, 1, 0, 0, 0, 0, 0, 0, 8760, 0, 0, 0),
(490, 151, 9, 1, 0, 0, 0, 0, 0, 0, 8760, 0, 0, 1),
(491, 407, 1, 3, 0, 0, 6, 7, 6, 7, 8689, 2, 4, 0),
(492, 152, 9, 1, 2, 2, 2, 2, 2, 2, 8758, 0, 0, 0),
(493, 407, 2, 2, 0, 0, 3, 5, 3, 5, 8481, 2, 0, 0),
(494, 153, 1, 2, 4, 7, 4, 7, 7, 7, 8728, 0, 7, 5),
(495, 407, 3, 1, 0, 0, 0, 0, 0, 0, 8760, 2, 0, 0),
(496, 153, 4, 1, 2, 2, 2, 2, 2, 2, 8756, 0, 0, 0),
(497, 407, 4, 1, 0, 0, 0, 0, 0, 0, 8760, 2, 0, 0),
(498, 153, 2, 1, 2, 2, 2, 2, 2, 2, 8755, 0, 0, 1),
(499, 407, 5, 1, 0, 0, 0, 0, 0, 0, 8760, 0, 0, 0),
(500, 154, 1, 1, 1, 1, 1, 1, 1, 1, 8754, 1, 3, 0),
(501, 407, 9, 1, 0, 0, 0, 0, 0, 0, 8760, 0, 0, 0),
(502, 154, 2, 1, 1, 2, 1, 2, 1, 2, 8389, 1, 3, 0),
(503, 407, 10, 1, 0, 0, 0, 0, 0, 0, 8760, 0, 0, 0),
(504, 155, 2, 1, 1, 1, 1, 1, 1, 1, 8758, 0, 0, 4),
(505, 408, 1, 2, 0, 0, 0, 1, 0, 1, 8376, 0, 0, 1),
(506, 155, 1, 1, 6, 6, 6, 6, 6, 6, 8733, 0, 0, 3),
(507, 408, 2, 1, 0, 0, 0, 0, 0, 0, 8760, 0, 0, 1),
(508, 156, 10, 1, 0, 0, 0, 0, 0, 0, 8760, 0, 0, 0),
(509, 408, 3, 1, 0, 0, 0, 0, 0, 0, 8760, 6, 0, 0),
(510, 156, 9, 1, 0, 0, 0, 0, 0, 0, 8760, 0, 0, 0),
(511, 408, 4, 1, 0, 0, 0, 1, 0, 1, 8622, 0, 0, 1),
(512, 156, 2, 1, 0, 0, 0, 0, 0, 0, 8760, 0, 0, 0),
(513, 409, 1, 1, 0, 0, 0, 0, 0, 0, 8760, 0, 0, 0),
(514, 156, 1, 1, 1, 1, 1, 1, 1, 1, 8756, 0, 0, 0),
(515, 410, 1, 1, 0, 0, 0, 0, 0, 0, 8760, 0, 0, 0),
(516, 157, 1, 1, 2, 4, 2, 4, 4, 4, 8707, 1, 3, 0),
(517, 411, 1, 1, 1, 1, 1, 1, 1, 1, 8755, 0, 0, 0),
(518, 157, 9, 1, 0, 0, 0, 0, 0, 0, 8760, 4, 2, 3),
(519, 411, 2, 1, 0, 0, 0, 0, 0, 0, 8760, 0, 0, 0),
(520, 158, 7, 1, 1, 1, 1, 1, 1, 1, 8758, 0, 0, 0),
(521, 411, 4, 1, 0, 0, 0, 0, 0, 0, 8760, 0, 0, 0),
(522, 158, 1, 1, 1, 2, 4, 6, 4, 6, 8645, 0, 5, 5),
(523, 412, 1, 1, 0, 0, 1, 1, 1, 1, 8758, 0, 0, 0),
(524, 158, 9, 1, 0, 0, 0, 0, 0, 0, 8760, 0, 0, 0),
(525, 413, 1, 1, 0, 0, 0, 0, 0, 0, 8760, 0, 3, 2),
(526, 159, 7, 1, 1, 1, 2, 2, 2, 2, 8757, 0, 0, 0),
(527, 159, 9, 1, 0, 0, 0, 0, 0, 0, 8760, 0, 0, 0),
(528, 414, 2, 1, 0, 0, 0, 0, 0, 0, 8760, 0, 0, 0),
(529, 159, 6, 2, 7, 7, 9, 9, 9, 9, 8749, 0, 0, 0),
(530, 415, 1, 3, 0, 0, 0, 0, 0, 0, 8760, 0, 0, 0),
(531, 159, 2, 1, 0, 0, 0, 0, 0, 0, 8760, 0, 5, 1),
(532, 415, 2, 1, 0, 0, 0, 0, 0, 0, 8760, 0, 0, 0),
(533, 159, 5, 1, 0, 0, 0, 0, 0, 0, 8760, 0, 2, 0),
(534, 415, 3, 1, 0, 0, 0, 0, 0, 0, 8760, 0, 0, 0),
(535, 159, 3, 1, 0, 0, 0, 0, 0, 0, 8760, 0, 0, 0),
(536, 416, 1, 2, 0, 0, 0, 0, 0, 0, 8760, 0, 0, 0),
(537, 159, 10, 1, 2, 2, 2, 2, 2, 2, 8756, 0, 3, 0),
(538, 416, 4, 1, 0, 0, 0, 0, 0, 0, 8760, 2, 0, 0),
(539, 417, 1, 1, 0, 0, 0, 0, 0, 0, 8760, 0, 0, 0),
(540, 161, 1, 1, 0, 0, 0, 0, 0, 0, 8760, 0, 0, 4),
(541, 418, 1, 3, 0, 0, 2, 2, 2, 2, 8754, 6, 0, 6),
(542, 163, 2, 1, 0, 0, 0, 0, 0, 0, 8760, 1, 4, 0),
(543, 418, 3, 1, 0, 0, 0, 0, 0, 0, 8760, 0, 0, 0),
(544, 163, 1, 1, 0, 0, 0, 0, 0, 0, 8760, 1, 4, 5),
(545, 418, 4, 2, 0, 0, 0, 0, 0, 0, 8760, 2, 0, 4),
(546, 163, 7, 1, 1, 1, 1, 1, 1, 1, 8752, 1, 3, 0),
(547, 419, 1, 1, 0, 0, 0, 0, 0, 0, 8760, 0, 0, 0),
(548, 163, 9, 1, 0, 0, 0, 0, 0, 0, 8760, 1, 0, 0),
(549, 419, 2, 1, 0, 0, 0, 0, 0, 0, 8760, 0, 0, 0),
(550, 164, 12, 1, 2, 2, 2, 2, 2, 2, 8747, 0, 0, 0),
(551, 419, 13, 1, 0, 0, 0, 0, 0, 0, 8760, 0, 0, 0),
(552, 164, 10, 1, 0, 0, 0, 0, 0, 0, 8760, 0, 0, 0),
(553, 420, 1, 5, 0, 0, 0, 0, 0, 0, 8760, 1, 0, 0),
(554, 164, 1, 2, 4, 4, 4, 4, 4, 4, 8744, 0, 7, 7),
(555, 420, 2, 1, 0, 0, 0, 0, 0, 0, 8760, 0, 0, 0),
(556, 164, 5, 1, 0, 0, 0, 0, 0, 0, 8760, 1, 0, 1),
(557, 421, 1, 1, 0, 0, 0, 0, 0, 0, 8760, 0, 0, 0),
(558, 164, 7, 1, 4, 4, 4, 4, 4, 4, 8752, 1, 1, 0),
(559, 422, 1, 1, 0, 0, 2, 2, 1, 2, 8751, 1, 1, 0),
(560, 422, 2, 1, 0, 0, 0, 0, 0, 0, 8760, 0, 0, 0),
(561, 423, 1, 2, 0, 0, 0, 0, 0, 0, 8760, 2, 5, 0),
(562, 424, 1, 5, 0, 0, 1, 1, 1, 1, 8757, 0, 4, 0),
(563, 166, 2, 1, 0, 0, 0, 0, 0, 0, 8760, 1, 2, 4),
(564, 424, 2, 1, 0, 0, 0, 0, 0, 0, 8760, 0, 0, 0),
(565, 166, 1, 1, 3, 3, 3, 3, 3, 3, 8740, 1, 2, 5),
(566, 424, 3, 1, 0, 0, 0, 0, 0, 0, 8760, 0, 0, 0),
(567, 425, 1, 1, 0, 0, 0, 0, 0, 0, 8760, 0, 4, 0),
(568, 426, 1, 1, 0, 0, 0, 0, 0, 0, 8760, 2, 3, 0),
(569, 169, 10, 1, 0, 0, 0, 0, 0, 0, 8760, 1, 5, 0),
(570, 426, 4, 1, 0, 0, 0, 0, 0, 0, 8760, 1, 0, 0),
(571, 169, 1, 1, 6, 6, 6, 6, 6, 6, 8747, 0, 10, 3),
(572, 427, 1, 2, 1, 4, 1, 4, 1, 4, 7023, 0, 0, 0),
(573, 169, 2, 1, 1, 1, 1, 1, 1, 1, 8758, 1, 5, 3),
(574, 427, 3, 1, 0, 0, 0, 0, 0, 0, 8760, 0, 0, 0),
(575, 169, 7, 1, 2, 4, 2, 4, 2, 4, 8183, 1, 5, 0),
(576, 427, 4, 1, 0, 0, 0, 0, 0, 0, 8760, 0, 0, 0),
(577, 428, 1, 5, 0, 0, 0, 0, 0, 0, 8760, 0, 0, 0),
(578, 171, 1, 1, 3, 3, 7, 7, 7, 7, 8745, 0, 4, 3),
(579, 428, 2, 10, 0, 0, 0, 0, 0, 0, 8760, 0, 0, 0),
(580, 171, 2, 1, 1, 1, 1, 1, 1, 1, 8758, 2, 0, 3),
(581, 428, 3, 2, 0, 0, 0, 0, 0, 0, 8760, 0, 0, 0),
(582, 171, 3, 1, 3, 3, 3, 3, 3, 3, 8754, 2, 0, 3),
(583, 428, 13, 10, 0, 0, 0, 0, 0, 0, 8760, 0, 0, 0),
(584, 172, 2, 1, 0, 0, 0, 0, 0, 0, 8760, 2, 0, 0),
(585, 429, 4, 1, 0, 0, 0, 0, 0, 0, 8760, 0, 0, 0),
(586, 172, 7, 1, 1, 1, 1, 1, 1, 1, 8758, 3, 2, 0),
(587, 430, 1, 4, 0, 0, 0, 0, 0, 0, 8760, 0, 0, 0),
(588, 172, 9, 1, 0, 0, 0, 0, 0, 0, 8760, 2, 0, 0),
(589, 431, 1, 1, 0, 0, 0, 0, 0, 0, 8760, 0, 0, 0),
(590, 172, 6, 1, 1, 1, 2, 2, 2, 2, 8754, 0, 0, 0),
(591, 432, 1, 6, 0, 0, 10, 12, 11, 12, 8696, 0, 0, 0),
(592, 172, 4, 1, 0, 0, 0, 0, 0, 0, 8760, 1, 0, 0),
(593, 432, 2, 1, 0, 0, 0, 0, 0, 0, 8760, 0, 0, 0),
(594, 173, 2, 1, 0, 0, 0, 0, 0, 0, 8760, 1, 4, 2),
(595, 432, 4, 1, 0, 0, 0, 0, 0, 0, 8760, 0, 0, 0),
(596, 173, 4, 1, 0, 0, 0, 0, 0, 0, 8760, 1, 3, 4),
(597, 432, 13, 1, 0, 0, 0, 0, 0, 0, 8760, 0, 0, 0),
(598, 173, 5, 1, 1, 1, 1, 1, 1, 1, 8758, 1, 4, 3),
(599, 433, 1, 4, 1, 1, 1, 1, 1, 1, 8755, 0, 8, 0),
(600, 173, 9, 1, 0, 0, 0, 0, 0, 0, 8760, 0, 3, 4),
(601, 433, 2, 1, 0, 0, 0, 0, 0, 0, 8760, 0, 0, 0),
(602, 173, 7, 1, 4, 4, 4, 4, 4, 4, 8754, 0, 4, 0),
(603, 433, 3, 1, 0, 0, 0, 0, 0, 0, 8760, 0, 0, 0),
(604, 173, 6, 1, 4, 4, 4, 4, 4, 4, 8751, 1, 3, 0),
(605, 434, 1, 1, 0, 0, 0, 0, 0, 0, 8760, 0, 0, 0),
(606, 174, 2, 1, 0, 0, 0, 0, 0, 0, 8760, 2, 0, 2),
(607, 175, 1, 1, 1, 1, 1, 1, 1, 1, 8758, 2, 5, 7),
(608, 435, 1, 21, 0, 0, 0, 0, 0, 0, 8760, 2, 38, 2),
(609, 435, 2, 5, 0, 0, 7, 8, 7, 8, 8569, 3, 36, 19),
(610, 435, 4, 1, 0, 0, 1, 1, 1, 1, 8759, 6, 0, 4),
(611, 177, 1, 1, 2, 3, 2, 3, 2, 3, 8443, 2, 5, 0),
(612, 435, 5, 1, 0, 0, 0, 0, 0, 0, 8760, 4, 0, 2),
(613, 177, 2, 1, 1, 3, 1, 3, 2, 3, 8544, 0, 0, 0),
(614, 435, 9, 2, 1, 1, 1, 1, 1, 1, 8758, 9, 0, 12),
(615, 177, 4, 1, 1, 1, 1, 1, 1, 1, 8758, 0, 0, 0),
(616, 436, 1, 1, 0, 0, 0, 0, 0, 0, 8760, 0, 0, 0),
(617, 179, 1, 1, 3, 7, 3, 7, 5, 7, 7966, 0, 3, 2),
(618, 437, 1, 3, 0, 0, 2, 3, 2, 3, 8746, 1, 0, 0),
(619, 180, 9, 1, 0, 0, 0, 0, 0, 0, 8760, 0, 0, 0),
(620, 438, 1, 2, 0, 0, 0, 0, 0, 0, 8760, 0, 0, 0),
(621, 180, 3, 1, 0, 0, 0, 0, 0, 0, 8760, 0, 0, 0),
(622, 439, 1, 1, 1, 1, 1, 1, 1, 1, 8755, 0, 0, 0),
(623, 180, 5, 1, 0, 0, 0, 0, 0, 0, 8760, 0, 0, 0),
(624, 439, 4, 1, 0, 0, 0, 0, 0, 0, 8760, 0, 0, 0),
(625, 181, 2, 1, 0, 0, 0, 0, 0, 0, 8760, 1, 0, 0),
(626, 440, 1, 1, 0, 0, 0, 0, 0, 0, 8760, 0, 0, 0),
(627, 181, 1, 1, 1, 1, 1, 1, 1, 1, 8755, 0, 5, 0),
(628, 441, 1, 3, 0, 0, 2, 4, 2, 4, 8224, 0, 0, 0),
(629, 182, 10, 1, 2, 4, 2, 4, 3, 4, 8267, 0, 0, 0),
(630, 441, 2, 1, 0, 0, 1, 1, 1, 1, 8757, 0, 0, 0),
(631, 182, 12, 1, 6, 10, 6, 10, 8, 10, 7580, 0, 0, 0),
(632, 441, 4, 1, 0, 0, 0, 0, 0, 0, 8760, 0, 0, 0),
(633, 183, 1, 1, 4, 4, 4, 4, 4, 4, 8744, 0, 0, 0),
(634, 441, 5, 1, 0, 0, 0, 0, 0, 0, 8760, 1, 0, 0),
(635, 184, 10, 1, 1, 1, 1, 1, 1, 1, 8753, 4, 0, 0),
(636, 441, 9, 1, 0, 0, 0, 0, 0, 0, 8760, 1, 0, 0),
(637, 184, 1, 1, 0, 0, 0, 0, 0, 0, 8760, 3, 4, 5),
(638, 442, 1, 6, 0, 0, 0, 0, 0, 0, 8760, 0, 0, 0),
(639, 442, 2, 2, 0, 0, 0, 0, 0, 0, 8760, 1, 5, 0),
(640, 186, 7, 1, 5, 8, 5, 8, 6, 8, 8608, 0, 0, 0),
(641, 443, 2, 1, 0, 0, 0, 0, 0, 0, 8760, 0, 0, 0),
(642, 186, 9, 1, 1, 3, 1, 3, 2, 3, 8388, 2, 0, 1),
(643, 444, 3, 1, 1, 1, 1, 1, 1, 1, 8758, 7, 1, 3),
(644, 186, 5, 1, 0, 3, 0, 3, 1, 3, 8143, 1, 0, 2),
(645, 445, 1, 1, 0, 0, 0, 2, 1, 2, 8382, 1, 4, 0),
(646, 187, 1, 1, 1, 1, 1, 1, 1, 1, 8757, 0, 0, 0),
(647, 445, 2, 1, 0, 0, 0, 0, 0, 0, 8760, 0, 0, 0),
(648, 187, 2, 1, 0, 0, 0, 0, 0, 0, 8760, 0, 0, 0),
(649, 446, 1, 21, 3, 3, 3, 3, 3, 3, 8754, 1, 3, 0),
(650, 188, 1, 1, 4, 6, 4, 6, 5, 6, 8455, 2, 12, 0),
(651, 446, 2, 2, 0, 0, 0, 0, 0, 0, 8760, 0, 0, 0),
(652, 188, 2, 1, 0, 0, 0, 0, 0, 0, 8760, 0, 6, 0),
(653, 446, 4, 1, 0, 0, 0, 0, 0, 0, 8760, 0, 0, 0),
(654, 188, 5, 1, 0, 0, 0, 0, 0, 0, 8760, 0, 0, 0),
(655, 446, 5, 2, 0, 0, 0, 0, 0, 0, 8760, 0, 0, 0),
(656, 446, 9, 2, 0, 0, 0, 0, 0, 0, 8760, 3, 0, 1),
(657, 447, 1, 2, 0, 0, 0, 1, 0, 1, 8468, 3, 2, 0),
(658, 190, 6, 1, 3, 3, 3, 3, 3, 3, 8756, 0, 1, 0),
(659, 447, 2, 2, 0, 0, 0, 0, 0, 0, 8760, 4, 0, 0),
(660, 190, 3, 1, 0, 0, 0, 0, 0, 0, 8760, 0, 0, 0),
(661, 447, 3, 1, 0, 0, 0, 0, 0, 0, 8760, 3, 0, 0),
(662, 190, 5, 1, 1, 1, 1, 1, 1, 1, 8757, 0, 0, 0),
(663, 447, 4, 1, 0, 0, 0, 0, 0, 0, 8760, 3, 0, 2),
(664, 447, 5, 1, 0, 0, 0, 0, 0, 0, 8760, 4, 0, 0),
(665, 192, 7, 1, 5, 5, 5, 5, 5, 5, 8725, 1, 1, 1),
(666, 192, 10, 1, 0, 0, 0, 0, 0, 0, 8760, 1, 4, 0),
(667, 448, 1, 6, 2, 3, 3, 4, 3, 4, 8465, 6, 4, 10),
(668, 192, 4, 1, 0, 0, 0, 0, 0, 0, 8760, 1, 0, 1),
(669, 448, 3, 1, 0, 0, 0, 0, 0, 0, 8760, 3, 0, 5),
(670, 192, 1, 1, 1, 1, 3, 3, 3, 3, 8740, 1, 0, 1),
(671, 192, 5, 1, 0, 0, 0, 0, 0, 0, 8760, 1, 0, 0),
(672, 448, 9, 1, 0, 0, 0, 0, 0, 0, 8760, 3, 0, 4),
(673, 192, 2, 1, 0, 0, 0, 0, 0, 0, 8760, 2, 1, 3),
(674, 449, 1, 5, 0, 0, 0, 0, 0, 0, 8760, 0, 0, 0),
(675, 193, 3, 1, 0, 0, 2, 2, 2, 2, 8745, 1, 0, 1),
(676, 449, 2, 1, 0, 0, 0, 0, 0, 0, 8760, 0, 0, 0),
(677, 193, 1, 1, 3, 3, 4, 4, 4, 4, 8731, 1, 6, 7),
(678, 449, 4, 1, 0, 0, 0, 0, 0, 0, 8760, 0, 0, 0),
(679, 194, 1, 1, 2, 2, 2, 2, 2, 2, 8745, 1, 2, 2),
(680, 449, 10, 2, 0, 0, 0, 0, 0, 0, 8760, 0, 0, 0),
(681, 194, 4, 1, 0, 0, 0, 0, 0, 0, 8760, 0, 0, 0),
(682, 450, 1, 2, 0, 0, 2, 3, 2, 3, 8415, 0, 4, 3),
(683, 194, 2, 1, 0, 1, 0, 1, 1, 1, 8733, 0, 0, 0),
(684, 451, 1, 1, 0, 0, 0, 0, 0, 0, 8760, 0, 0, 0),
(685, 195, 2, 1, 2, 2, 2, 2, 2, 2, 8745, 3, 0, 3),
(686, 451, 13, 1, 0, 0, 0, 0, 0, 0, 8760, 0, 0, 0),
(687, 195, 1, 2, 6, 6, 6, 6, 6, 6, 8738, 4, 4, 9),
(688, 452, 1, 1, 4, 4, 4, 4, 4, 4, 8752, 8, 8, 0),
(689, 196, 4, 1, 0, 0, 0, 0, 0, 0, 8760, 3, 0, 2),
(690, 452, 3, 1, 0, 0, 0, 0, 0, 0, 8760, 0, 0, 0),
(691, 196, 1, 5, 2, 2, 2, 2, 2, 2, 8757, 0, 0, 0),
(692, 452, 13, 1, 0, 0, 0, 0, 0, 0, 8760, 0, 0, 0),
(693, 196, 5, 1, 0, 0, 0, 0, 0, 0, 8760, 3, 0, 1),
(694, 452, 7, 2, 4, 4, 4, 4, 4, 4, 8753, 4, 18, 0),
(695, 196, 2, 1, 1, 1, 1, 1, 1, 1, 8757, 0, 2, 2),
(696, 453, 1, 1, 0, 0, 0, 0, 0, 0, 8760, 0, 0, 0),
(697, 197, 1, 1, 1, 5, 1, 5, 2, 5, 6084, 1, 4, 10),
(698, 453, 2, 1, 0, 0, 0, 0, 0, 0, 8760, 0, 0, 0),
(699, 454, 1, 11, 0, 0, 8, 17, 10, 17, 8530, 0, 1, 0),
(700, 199, 2, 1, 0, 0, 0, 0, 0, 0, 8760, 0, 0, 5),
(701, 454, 2, 2, 0, 1, 0, 2, 0, 2, 8312, 3, 6, 0),
(702, 199, 1, 1, 1, 2, 1, 2, 2, 2, 8743, 0, 0, 2),
(703, 454, 9, 1, 0, 1, 0, 1, 0, 1, 8255, 3, 0, 0),
(704, 199, 7, 1, 0, 1, 0, 1, 0, 1, 8224, 0, 0, 0),
(705, 454, 7, 1, 2, 2, 2, 2, 2, 2, 8756, 0, 3, 0),
(706, 199, 4, 1, 0, 0, 0, 0, 0, 0, 8760, 0, 0, 1),
(707, 455, 1, 1, 0, 0, 0, 0, 0, 0, 8760, 0, 0, 0),
(708, 455, 3, 1, 0, 0, 0, 0, 0, 0, 8760, 3, 0, 0),
(709, 455, 4, 1, 0, 0, 0, 0, 0, 0, 8760, 0, 0, 0),
(710, 201, 1, 1, 1, 1, 1, 1, 1, 1, 8754, 0, 0, 0),
(711, 456, 2, 2, 2, 3, 2, 3, 3, 3, 8737, 0, 0, 0),
(712, 203, 1, 1, 0, 0, 0, 0, 0, 0, 8760, 0, 0, 0),
(713, 457, 1, 1, 0, 0, 0, 0, 0, 0, 8760, 0, 0, 0),
(714, 204, 2, 1, 1, 1, 1, 1, 1, 1, 8757, 0, 0, 0),
(715, 458, 1, 6, 0, 0, 0, 0, 0, 0, 8760, 0, 0, 0),
(716, 205, 1, 1, 3, 3, 3, 3, 3, 3, 8746, 1, 1, 0),
(717, 458, 13, 1, 0, 0, 0, 0, 0, 0, 8760, 0, 0, 0),
(718, 459, 1, 1, 1, 1, 2, 2, 2, 2, 8749, 0, 0, 0),
(719, 207, 9, 1, 0, 0, 0, 0, 0, 0, 8760, 0, 0, 0),
(720, 459, 2, 1, 0, 0, 0, 0, 0, 0, 8760, 1, 6, 0),
(721, 209, 1, 1, 0, 0, 0, 0, 0, 0, 8760, 0, 3, 3),
(722, 460, 1, 2, 0, 0, 0, 0, 0, 0, 8760, 0, 0, 0),
(723, 210, 1, 1, 2, 2, 2, 2, 2, 2, 8757, 0, 0, 0),
(724, 461, 1, 3, 0, 0, 0, 0, 0, 0, 8760, 0, 3, 0),
(725, 210, 3, 1, 0, 0, 0, 0, 0, 0, 8760, 0, 0, 0),
(726, 462, 1, 1, 0, 0, 0, 0, 0, 0, 8760, 0, 0, 0),
(727, 211, 9, 1, 0, 0, 0, 0, 0, 0, 8760, 0, 0, 1),
(728, 463, 1, 1, 1, 1, 1, 1, 1, 1, 8757, 1, 2, 0),
(729, 211, 5, 1, 0, 0, 0, 0, 0, 0, 8760, 2, 0, 1),
(730, 464, 1, 5, 0, 0, 1, 7, 5, 7, 8189, 1, 0, 0),
(731, 211, 2, 1, 3, 3, 3, 3, 3, 3, 8753, 0, 0, 0),
(732, 464, 4, 2, 4, 6, 4, 7, 6, 7, 8651, 0, 0, 0),
(733, 211, 10, 1, 0, 0, 0, 0, 0, 0, 8760, 0, 0, 0),
(734, 464, 9, 1, 0, 0, 0, 0, 0, 0, 8760, 0, 0, 0),
(735, 211, 4, 1, 0, 0, 0, 0, 0, 0, 8760, 2, 0, 2),
(736, 465, 1, 2, 0, 0, 0, 0, 0, 0, 8760, 0, 0, 0),
(737, 211, 1, 2, 2, 2, 2, 2, 2, 2, 8749, 0, 2, 2),
(738, 466, 1, 4, 0, 0, 2, 2, 2, 2, 8758, 2, 21, 0),
(739, 466, 4, 1, 0, 0, 1, 1, 1, 1, 8757, 1, 0, 0),
(740, 466, 13, 1, 0, 0, 0, 0, 0, 0, 8760, 0, 0, 0),
(741, 213, 10, 1, 0, 0, 0, 0, 0, 0, 8760, 0, 5, 0),
(742, 467, 1, 2, 0, 0, 0, 0, 0, 0, 8760, 0, 0, 0),
(743, 214, 2, 1, 0, 0, 0, 0, 0, 0, 8760, 0, 0, 0),
(744, 214, 1, 1, 0, 0, 0, 0, 0, 0, 8760, 0, 0, 0),
(745, 215, 1, 2, 0, 0, 0, 0, 0, 0, 8760, 0, 0, 0),
(746, 216, 4, 1, 0, 0, 0, 0, 0, 0, 8760, 0, 0, 0),
(747, 468, 9, 1, 0, 0, 0, 0, 0, 0, 8760, 0, 0, 0),
(748, 216, 2, 1, 0, 2, 0, 2, 1, 2, 7427, 0, 1, 1),
(749, 468, 13, 1, 0, 0, 0, 0, 0, 0, 8760, 0, 0, 0),
(750, 216, 1, 2, 0, 1, 0, 2, 2, 2, 8364, 0, 3, 2),
(751, 469, 1, 23, 0, 0, 0, 0, 0, 0, 8760, 2, 0, 0),
(752, 216, 9, 1, 0, 0, 0, 0, 0, 0, 8760, 0, 0, 0),
(753, 469, 2, 3, 0, 0, 0, 0, 0, 0, 8760, 0, 0, 0),
(754, 216, 7, 1, 1, 1, 1, 1, 0, 1, 8752, 0, 0, 0),
(755, 469, 9, 3, 1, 2, 1, 2, 1, 2, 8709, 2, 0, 0),
(756, 217, 1, 1, 0, 0, 0, 0, 0, 0, 8760, 1, 3, 2),
(757, 470, 1, 2, 0, 0, 5, 6, 6, 6, 8700, 2, 0, 0),
(758, 218, 9, 1, 0, 0, 0, 0, 0, 0, 8760, 1, 0, 2),
(759, 470, 9, 1, 1, 1, 1, 1, 1, 1, 8755, 4, 2, 6),
(760, 218, 12, 1, 1, 1, 1, 1, 1, 1, 8754, 1, 0, 0),
(761, 470, 13, 1, 0, 0, 0, 0, 0, 0, 8760, 0, 0, 0),
(762, 218, 1, 2, 1, 2, 1, 2, 2, 2, 8739, 0, 6, 5),
(763, 471, 1, 3, 0, 0, 0, 0, 0, 0, 8760, 0, 0, 0),
(764, 219, 5, 1, 0, 0, 0, 0, 0, 0, 8760, 2, 0, 0),
(765, 472, 1, 1, 0, 0, 0, 0, 0, 0, 8760, 0, 0, 0),
(766, 219, 1, 1, 1, 1, 1, 1, 1, 1, 8757, 2, 0, 0),
(767, 473, 1, 3, 2, 2, 2, 2, 2, 2, 8747, 0, 10, 0),
(768, 219, 9, 1, 0, 0, 0, 0, 0, 0, 8760, 2, 0, 1),
(769, 473, 2, 1, 0, 0, 1, 1, 1, 1, 8743, 0, 0, 0),
(770, 219, 4, 1, 0, 0, 0, 0, 0, 0, 8760, 2, 0, 1),
(771, 473, 5, 1, 0, 0, 0, 0, 0, 0, 8760, 2, 9, 1),
(772, 220, 1, 1, 0, 0, 1, 3, 1, 3, 8517, 0, 0, 0),
(773, 474, 1, 5, 0, 0, 0, 0, 0, 0, 8760, 0, 0, 0),
(774, 221, 1, 1, 3, 3, 3, 3, 3, 3, 8750, 0, 4, 3),
(775, 475, 1, 5, 1, 1, 2, 5, 4, 5, 8693, 0, 0, 0),
(776, 221, 7, 1, 0, 0, 0, 0, 0, 0, 8760, 0, 5, 0),
(777, 475, 2, 2, 0, 0, 0, 1, 0, 1, 8436, 0, 0, 0),
(778, 222, 2, 1, 0, 1, 0, 1, 1, 1, 8742, 0, 0, 2),
(779, 476, 1, 1, 0, 0, 0, 0, 0, 0, 8760, 0, 7, 0),
(780, 222, 7, 1, 1, 2, 1, 2, 2, 2, 8712, 0, 0, 0),
(781, 477, 1, 1, 3, 4, 3, 4, 3, 4, 8486, 2, 2, 0),
(782, 222, 1, 1, 1, 2, 1, 2, 2, 2, 8737, 1, 1, 3),
(783, 478, 1, 2, 0, 0, 0, 0, 0, 0, 8760, 0, 0, 0),
(784, 223, 1, 1, 0, 0, 0, 0, 0, 0, 8760, 0, 0, 3),
(785, 479, 1, 4, 0, 0, 1, 1, 1, 1, 8758, 0, 0, 0),
(786, 223, 2, 1, 0, 0, 0, 0, 0, 0, 8760, 0, 0, 2),
(787, 479, 2, 3, 0, 0, 0, 0, 0, 0, 8760, 0, 0, 0),
(788, 224, 2, 1, 1, 1, 1, 1, 1, 1, 8758, 0, 0, 0),
(789, 480, 1, 1, 0, 0, 0, 0, 0, 0, 8760, 0, 0, 0),
(790, 224, 1, 1, 1, 1, 1, 1, 1, 1, 8752, 0, 0, 1),
(791, 480, 2, 1, 0, 0, 2, 2, 2, 2, 8754, 0, 0, 0),
(792, 225, 9, 1, 0, 1, 0, 1, 0, 1, 8603, 0, 0, 1),
(793, 481, 2, 1, 0, 0, 0, 0, 0, 0, 8760, 0, 0, 0),
(794, 225, 1, 1, 1, 2, 1, 2, 1, 2, 8336, 0, 0, 2),
(795, 481, 4, 1, 0, 0, 0, 0, 0, 0, 8760, 0, 0, 0),
(796, 225, 2, 1, 0, 1, 0, 1, 0, 1, 8613, 0, 0, 2),
(797, 481, 13, 1, 0, 0, 0, 0, 0, 0, 8760, 0, 0, 0),
(798, 226, 1, 1, 4, 4, 4, 4, 4, 4, 8748, 0, 0, 0),
(799, 482, 1, 1, 0, 0, 0, 0, 0, 0, 8760, 0, 0, 0),
(800, 227, 2, 1, 0, 0, 0, 0, 0, 0, 8760, 0, 0, 0),
(801, 483, 1, 1, 0, 0, 0, 0, 0, 0, 8760, 0, 0, 0),
(802, 227, 1, 1, 2, 3, 2, 3, 2, 3, 8734, 0, 0, 0),
(803, 484, 4, 1, 0, 0, 0, 0, 0, 0, 8760, 0, 0, 0),
(804, 228, 2, 2, 0, 1, 0, 1, 0, 1, 8577, 1, 0, 1),
(805, 484, 13, 1, 0, 0, 0, 0, 0, 0, 8760, 0, 0, 0),
(806, 228, 1, 1, 0, 0, 0, 0, 0, 0, 8760, 0, 0, 0),
(807, 485, 1, 2, 1, 1, 19, 26, 19, 26, 8552, 0, 0, 0),
(808, 229, 2, 1, 2, 3, 2, 3, 2, 3, 8405, 0, 0, 0),
(809, 485, 2, 1, 0, 0, 8, 10, 10, 10, 8026, 0, 0, 0),
(810, 229, 1, 1, 1, 2, 1, 2, 1, 2, 8732, 0, 0, 0),
(811, 486, 1, 1, 0, 0, 0, 0, 0, 0, 8760, 0, 0, 0),
(812, 230, 2, 1, 0, 0, 0, 0, 0, 0, 8760, 0, 0, 0),
(813, 487, 1, 1, 0, 0, 0, 0, 0, 0, 8760, 0, 0, 0),
(814, 230, 1, 2, 2, 3, 2, 3, 2, 3, 8678, 0, 0, 0),
(815, 488, 1, 1, 0, 0, 0, 0, 0, 0, 8760, 0, 0, 0),
(816, 231, 1, 1, 1, 1, 1, 1, 1, 1, 8758, 0, 0, 3),
(817, 488, 2, 1, 0, 0, 0, 0, 0, 0, 8760, 0, 0, 0),
(818, 488, 3, 1, 0, 0, 0, 0, 0, 0, 8760, 1, 0, 0),
(819, 488, 9, 1, 0, 0, 0, 0, 0, 0, 8760, 0, 0, 0),
(820, 233, 2, 1, 0, 0, 0, 0, 0, 0, 8760, 0, 0, 0),
(821, 489, 1, 7, 0, 0, 0, 0, 0, 0, 8760, 0, 4, 0),
(822, 233, 1, 1, 0, 0, 0, 0, 0, 0, 8760, 0, 0, 0),
(823, 489, 2, 1, 0, 0, 0, 0, 0, 0, 8760, 0, 0, 0),
(824, 233, 4, 1, 0, 0, 0, 0, 0, 0, 8760, 0, 0, 0),
(825, 489, 9, 1, 0, 0, 0, 0, 0, 0, 8760, 0, 0, 0),
(826, 234, 1, 1, 2, 2, 2, 2, 2, 2, 8752, 0, 0, 0),
(827, 490, 1, 1, 0, 0, 0, 0, 0, 0, 8760, 0, 0, 0),
(828, 491, 2, 1, 0, 0, 0, 0, 0, 0, 8760, 0, 0, 0),
(829, 236, 2, 1, 1, 1, 1, 1, 1, 1, 8757, 2, 2, 0),
(830, 492, 1, 51, 21, 25, 46, 62, 51, 62, 8602, 10, 89, 0),
(831, 236, 1, 1, 0, 0, 0, 0, 0, 0, 8760, 1, 1, 0),
(832, 492, 2, 12, 2, 2, 11, 13, 11, 13, 8693, 7, 0, 0),
(833, 237, 1, 3, 2, 5, 2, 5, 5, 5, 8346, 0, 0, 0),
(834, 492, 3, 2, 0, 0, 0, 0, 0, 0, 8760, 2, 0, 0),
(835, 237, 10, 1, 0, 0, 0, 0, 0, 0, 8760, 0, 0, 0),
(836, 492, 4, 4, 0, 0, 2, 2, 2, 2, 8754, 4, 0, 0),
(837, 238, 2, 1, 0, 0, 0, 0, 0, 0, 8760, 0, 0, 0),
(838, 492, 5, 3, 0, 0, 0, 0, 0, 0, 8760, 5, 0, 0),
(839, 238, 1, 1, 0, 0, 0, 0, 0, 0, 8760, 0, 0, 0),
(840, 492, 9, 4, 0, 0, 0, 1, 0, 1, 8615, 7, 0, 0),
(841, 239, 1, 1, 1, 1, 1, 1, 1, 1, 8755, 0, 3, 4),
(842, 493, 1, 1, 0, 0, 0, 0, 0, 0, 8760, 0, 0, 0),
(843, 240, 1, 1, 0, 0, 0, 0, 0, 0, 8760, 0, 0, 0),
(844, 494, 1, 5, 0, 0, 5, 6, 5, 6, 8496, 2, 20, 0),
(845, 240, 2, 1, 0, 0, 0, 0, 0, 0, 8760, 0, 0, 0),
(846, 494, 2, 3, 0, 0, 0, 0, 0, 0, 8760, 0, 8, 0),
(847, 241, 1, 1, 0, 0, 0, 0, 0, 0, 8760, 1, 2, 2),
(848, 494, 4, 1, 0, 0, 0, 0, 0, 0, 8760, 7, 0, 1),
(849, 242, 1, 1, 0, 1, 0, 1, 1, 1, 8736, 1, 2, 0),
(850, 495, 1, 3, 4, 5, 4, 5, 5, 5, 8710, 2, 3, 0),
(851, 243, 1, 1, 1, 1, 1, 1, 1, 1, 8754, 0, 0, 1),
(852, 495, 2, 1, 0, 0, 0, 0, 0, 0, 8760, 2, 0, 0),
(853, 243, 2, 1, 0, 0, 0, 0, 0, 0, 8760, 0, 0, 1),
(854, 496, 1, 2, 2, 4, 5, 9, 6, 9, 8017, 3, 8, 2),
(855, 244, 3, 1, 0, 0, 1, 1, 1, 1, 8758, 0, 0, 0),
(856, 496, 2, 1, 4, 4, 9, 11, 9, 11, 8710, 2, 4, 0),
(857, 245, 1, 1, 0, 0, 0, 0, 0, 0, 8760, 0, 0, 0),
(858, 497, 1, 2, 0, 0, 1, 2, 1, 2, 8034, 0, 0, 0),
(859, 497, 2, 1, 0, 0, 0, 0, 0, 0, 8760, 0, 0, 0),
(860, 247, 1, 1, 1, 1, 1, 1, 1, 1, 8750, 0, 0, 0),
(861, 497, 4, 1, 0, 0, 0, 0, 0, 0, 8760, 0, 0, 0),
(862, 248, 2, 1, 0, 0, 0, 0, 0, 0, 8760, 0, 0, 0),
(863, 497, 5, 1, 0, 0, 0, 0, 0, 0, 8760, 0, 0, 0),
(864, 248, 1, 1, 0, 0, 0, 0, 0, 0, 8760, 0, 0, 0),
(865, 497, 9, 1, 0, 0, 0, 0, 0, 0, 8760, 0, 0, 0),
(866, 249, 1, 1, 2, 2, 2, 2, 2, 2, 8753, 2, 2, 0),
(867, 498, 1, 1, 0, 0, 0, 0, 0, 0, 8760, 0, 0, 0),
(868, 250, 1, 1, 0, 0, 0, 0, 0, 0, 8760, 0, 0, 0),
(869, 499, 1, 12, 9, 13, 22, 26, 22, 26, 8521, 0, 8, 0),
(870, 251, 2, 1, 0, 0, 0, 0, 0, 0, 8760, 0, 0, 0),
(871, 499, 2, 3, 4, 4, 7, 9, 7, 9, 8521, 1, 0, 0),
(872, 252, 10, 1, 0, 0, 0, 0, 0, 0, 8760, 0, 0, 0),
(873, 499, 3, 1, 0, 0, 0, 0, 0, 0, 8760, 0, 0, 0),
(874, 252, 9, 1, 0, 0, 0, 0, 0, 0, 8760, 0, 0, 0),
(875, 500, 1, 3, 0, 0, 4, 5, 5, 5, 8727, 0, 3, 0),
(876, 253, 4, 1, 1, 1, 1, 1, 1, 1, 8758, 0, 0, 1),
(877, 500, 2, 2, 0, 0, 0, 0, 0, 0, 8760, 0, 0, 0),
(878, 253, 1, 1, 0, 0, 0, 0, 0, 0, 8760, 0, 0, 1),
(879, 500, 4, 1, 0, 0, 0, 0, 0, 0, 8760, 1, 0, 1),
(880, 253, 2, 1, 0, 0, 0, 0, 0, 0, 8760, 1, 4, 0),
(881, 501, 1, 10, 0, 0, 11, 19, 15, 19, 8529, 0, 19, 8),
(882, 254, 7, 1, 0, 0, 0, 0, 0, 0, 8760, 0, 0, 0),
(883, 501, 2, 4, 0, 0, 3, 3, 3, 3, 8755, 0, 7, 0),
(884, 254, 9, 1, 0, 0, 0, 0, 0, 0, 8760, 0, 0, 0),
(885, 501, 4, 1, 0, 0, 0, 0, 0, 0, 8760, 0, 0, 0),
(886, 254, 1, 1, 0, 0, 0, 0, 0, 0, 8760, 0, 0, 9),
(887, 255, 2, 1, 0, 0, 0, 0, 0, 0, 8760, 0, 0, 0),
(888, 501, 13, 1, 0, 0, 0, 0, 0, 0, 8760, 0, 0, 0),
(889, 256, 2, 1, 1, 1, 1, 1, 1, 1, 8758, 0, 0, 0),
(890, 502, 1, 4, 0, 0, 0, 2, 0, 2, 8254, 4, 0, 0),
(891, 256, 1, 3, 1, 1, 1, 1, 1, 1, 8754, 0, 0, 10),
(892, 502, 9, 1, 0, 0, 1, 3, 1, 3, 8601, 0, 0, 0),
(893, 257, 1, 1, 2, 2, 2, 2, 2, 2, 8752, 0, 0, 0),
(894, 503, 1, 1, 0, 0, 0, 0, 0, 0, 8760, 0, 0, 0),
(895, 257, 4, 1, 0, 0, 0, 0, 0, 0, 8760, 0, 0, 0),
(896, 504, 1, 2, 0, 0, 4, 8, 4, 8, 8408, 0, 4, 0),
(897, 258, 1, 1, 0, 0, 0, 0, 0, 0, 8760, 0, 0, 0),
(898, 504, 4, 1, 0, 0, 0, 0, 0, 0, 8760, 0, 0, 0),
(899, 259, 2, 1, 0, 0, 0, 0, 0, 0, 8760, 2, 2, 0),
(900, 505, 1, 3, 0, 0, 2, 13, 6, 13, 8218, 0, 0, 0),
(901, 259, 1, 1, 0, 0, 0, 0, 0, 0, 8760, 2, 2, 0),
(902, 505, 2, 1, 0, 0, 0, 0, 0, 0, 8760, 0, 0, 0),
(903, 260, 1, 1, 0, 0, 0, 0, 0, 0, 8760, 0, 0, 0),
(904, 506, 1, 1, 0, 0, 0, 0, 0, 0, 8760, 0, 0, 0),
(905, 261, 1, 1, 1, 1, 1, 1, 1, 1, 8756, 1, 4, 1),
(906, 506, 2, 1, 0, 0, 0, 0, 0, 0, 8760, 0, 0, 1),
(907, 261, 4, 1, 0, 0, 0, 0, 0, 0, 8760, 1, 0, 0),
(908, 507, 3, 1, 1, 2, 1, 2, 1, 2, 8265, 0, 0, 0),
(909, 262, 1, 1, 0, 0, 0, 0, 0, 0, 8760, 0, 0, 0),
(910, 508, 1, 1, 0, 0, 0, 0, 0, 0, 8760, 0, 0, 0),
(911, 263, 1, 1, 0, 0, 0, 0, 0, 0, 8760, 1, 1, 1),
(912, 509, 1, 1, 0, 0, 0, 1, 0, 1, 8613, 1, 5, 0),
(913, 264, 6, 1, 1, 1, 1, 1, 1, 1, 8758, 0, 3, 0),
(914, 510, 1, 2, 1, 1, 1, 1, 1, 1, 8753, 1, 0, 4),
(915, 264, 2, 1, 0, 0, 0, 0, 0, 0, 8760, 0, 1, 1),
(916, 510, 2, 1, 1, 1, 1, 1, 1, 1, 8756, 1, 6, 0),
(917, 264, 3, 1, 0, 0, 0, 0, 0, 0, 8760, 0, 1, 1),
(918, 510, 3, 1, 0, 0, 0, 0, 0, 0, 8760, 0, 0, 2),
(919, 265, 1, 1, 1, 1, 1, 1, 1, 1, 8754, 0, 3, 3),
(920, 510, 9, 1, 0, 0, 0, 0, 0, 0, 8760, 0, 0, 1),
(921, 510, 10, 1, 0, 0, 0, 0, 0, 0, 8760, 0, 0, 0),
(922, 511, 1, 1, 0, 0, 1, 3, 3, 3, 8494, 0, 0, 0),
(923, 512, 1, 1, 0, 0, 0, 0, 0, 0, 8760, 0, 0, 0),
(924, 513, 1, 1, 0, 0, 0, 2, 0, 2, 7835, 0, 0, 0),
(925, 513, 2, 1, 0, 0, 0, 0, 0, 0, 8760, 0, 0, 0),
(926, 514, 1, 2, 0, 0, 0, 0, 0, 0, 8760, 0, 0, 0),
(927, 272, 2, 1, 0, 0, 0, 0, 0, 0, 8760, 1, 4, 5),
(928, 514, 3, 2, 0, 0, 0, 0, 0, 0, 8760, 0, 0, 0),
(929, 272, 5, 1, 0, 0, 0, 0, 0, 0, 8760, 1, 3, 4),
(930, 515, 1, 1, 0, 0, 0, 0, 0, 0, 8760, 0, 0, 0),
(931, 273, 2, 1, 0, 0, 0, 0, 0, 0, 8760, 0, 0, 0),
(932, 516, 1, 1, 0, 0, 0, 0, 0, 0, 8760, 0, 0, 0),
(933, 273, 1, 3, 1, 1, 1, 1, 1, 1, 8758, 0, 0, 0),
(934, 517, 1, 1, 0, 0, 0, 0, 0, 0, 8760, 0, 2, 3),
(935, 517, 4, 1, 0, 0, 0, 0, 0, 0, 8760, 0, 0, 0),
(936, 518, 1, 1, 0, 0, 0, 0, 0, 0, 8760, 0, 0, 0),
(937, 519, 1, 6, 0, 0, 17, 22, 17, 22, 8653, 7, 9, 10),
(938, 275, 1, 1, 2, 2, 2, 2, 2, 2, 8756, 1, 12, 18),
(939, 275, 9, 1, 1, 1, 1, 1, 1, 1, 8757, 1, 0, 1),
(940, 519, 3, 1, 0, 0, 0, 0, 0, 0, 8760, 0, 0, 0),
(941, 276, 6, 2, 4, 4, 4, 4, 4, 4, 8756, 1, 2, 0),
(942, 276, 10, 1, 0, 0, 0, 0, 0, 0, 8760, 0, 2, 0),
(943, 520, 1, 1, 0, 0, 0, 0, 0, 0, 8760, 0, 0, 0),
(944, 521, 1, 1, 0, 0, 0, 2, 0, 2, 7917, 3, 7, 1),
(945, 521, 2, 1, 2, 2, 2, 2, 2, 2, 8750, 0, 0, 0),
(946, 521, 4, 2, 0, 0, 0, 0, 0, 0, 8760, 0, 4, 0),
(947, 278, 6, 2, 2, 2, 2, 2, 2, 2, 8756, 0, 0, 0),
(948, 521, 9, 1, 6, 12, 6, 12, 6, 12, 7658, 1, 7, 0),
(949, 279, 4, 1, 0, 0, 0, 0, 0, 0, 8760, 0, 0, 0),
(950, 522, 1, 1, 0, 0, 0, 0, 0, 0, 8760, 0, 0, 0),
(951, 280, 6, 1, 0, 0, 2, 2, 2, 2, 8755, 0, 0, 0),
(952, 523, 1, 1, 0, 0, 0, 0, 0, 0, 8760, 0, 0, 0),
(953, 280, 12, 1, 2, 2, 2, 2, 2, 2, 8750, 0, 0, 0),
(954, 523, 2, 1, 0, 0, 0, 0, 0, 0, 8760, 0, 0, 0),
(955, 280, 2, 1, 3, 3, 3, 3, 3, 3, 8753, 0, 0, 0),
(956, 523, 5, 1, 0, 0, 0, 0, 0, 0, 8760, 0, 0, 0),
(957, 281, 10, 1, 0, 0, 0, 0, 0, 0, 8760, 1, 0, 0),
(958, 524, 1, 2, 0, 0, 2, 2, 2, 2, 8751, 0, 0, 0),
(959, 525, 1, 4, 0, 0, 5, 8, 6, 8, 7369, 0, 4, 6),
(960, 283, 6, 1, 4, 4, 4, 4, 4, 4, 8753, 0, 1, 0),
(961, 525, 2, 2, 1, 2, 2, 3, 2, 3, 8564, 0, 5, 9),
(962, 284, 1, 1, 2, 2, 2, 2, 2, 2, 8756, 1, 4, 6),
(963, 525, 9, 1, 0, 0, 0, 0, 0, 0, 8760, 0, 0, 0),
(964, 284, 2, 1, 2, 2, 2, 2, 2, 2, 8756, 0, 1, 4),
(965, 526, 1, 3, 0, 0, 0, 0, 0, 0, 8760, 0, 0, 0),
(966, 285, 6, 1, 0, 0, 0, 0, 0, 0, 8760, 0, 0, 0),
(967, 526, 5, 1, 0, 0, 0, 0, 0, 0, 8760, 0, 0, 0),
(968, 285, 2, 1, 0, 0, 0, 0, 0, 0, 8760, 2, 0, 0),
(969, 527, 1, 3, 0, 0, 2, 3, 2, 3, 8597, 0, 2, 1),
(970, 285, 4, 1, 0, 0, 0, 0, 0, 0, 8760, 1, 0, 0),
(971, 527, 2, 1, 0, 0, 1, 2, 1, 2, 8538, 0, 0, 1),
(972, 285, 5, 1, 0, 0, 0, 0, 0, 0, 8760, 0, 0, 0),
(973, 528, 1, 3, 1, 2, 2, 4, 2, 4, 8530, 0, 1, 1),
(974, 285, 7, 1, 0, 0, 0, 0, 0, 0, 8760, 0, 0, 0),
(975, 528, 4, 1, 0, 0, 0, 0, 0, 0, 8760, 0, 0, 0),
(976, 286, 1, 1, 1, 1, 1, 1, 1, 1, 8758, 0, 2, 4),
(977, 528, 13, 1, 0, 0, 0, 0, 0, 0, 8760, 0, 0, 0),
(978, 286, 3, 1, 0, 0, 0, 0, 0, 0, 8760, 0, 0, 0),
(979, 529, 1, 1, 0, 0, 0, 0, 0, 0, 8760, 0, 0, 0),
(980, 287, 2, 1, 0, 0, 0, 0, 0, 0, 8760, 0, 0, 0),
(981, 530, 1, 2, 0, 0, 0, 1, 0, 1, 5192, 0, 0, 0),
(982, 287, 5, 1, 0, 0, 0, 0, 0, 0, 8760, 0, 2, 0),
(983, 530, 2, 1, 0, 0, 0, 0, 0, 0, 8760, 0, 0, 0),
(984, 288, 2, 1, 0, 0, 0, 0, 0, 0, 8760, 0, 1, 0),
(985, 531, 1, 1, 0, 0, 0, 1, 1, 1, 8256, 0, 0, 0),
(986, 288, 6, 1, 4, 4, 4, 4, 4, 4, 8752, 0, 1, 0),
(987, 532, 1, 2, 0, 0, 3, 6, 3, 6, 7802, 0, 0, 0),
(988, 289, 10, 2, 1, 1, 1, 1, 1, 1, 8759, 0, 0, 0),
(989, 532, 2, 1, 0, 0, 0, 0, 0, 0, 8760, 0, 0, 0),
(990, 289, 2, 2, 0, 0, 0, 0, 0, 0, 8760, 0, 0, 0),
(991, 532, 3, 1, 0, 0, 0, 0, 0, 0, 8760, 0, 0, 0),
(992, 533, 1, 1, 0, 0, 0, 0, 0, 0, 8760, 0, 0, 0),
(993, 291, 10, 1, 0, 0, 0, 0, 0, 0, 8760, 0, 0, 0),
(994, 534, 1, 7, 0, 0, 0, 0, 0, 0, 8760, 0, 2, 0),
(995, 291, 6, 1, 7, 7, 7, 7, 7, 7, 8743, 0, 0, 1),
(996, 534, 2, 1, 0, 0, 0, 0, 0, 0, 8760, 0, 0, 0),
(997, 291, 2, 1, 0, 0, 0, 0, 0, 0, 8760, 0, 0, 0),
(998, 534, 9, 1, 0, 0, 0, 0, 0, 0, 8760, 0, 0, 0),
(999, 291, 5, 1, 0, 0, 0, 0, 0, 0, 8760, 0, 0, 1),
(1000, 535, 1, 2, 0, 0, 0, 0, 0, 0, 8760, 0, 0, 0),
(1001, 292, 2, 1, 0, 0, 0, 0, 0, 0, 8760, 0, 0, 0),
(1002, 536, 2, 1, 0, 0, 0, 0, 0, 0, 8760, 0, 0, 0),
(1003, 292, 5, 1, 0, 0, 0, 0, 0, 0, 8760, 0, 0, 0),
(1004, 537, 1, 6, 0, 0, 0, 0, 0, 0, 8760, 0, 0, 0),
(1005, 292, 6, 1, 0, 0, 0, 0, 0, 0, 8760, 0, 0, 0),
(1006, 537, 3, 1, 0, 0, 0, 0, 0, 0, 8760, 2, 0, 0),
(1007, 293, 10, 1, 0, 0, 0, 0, 0, 0, 8760, 0, 0, 0),
(1008, 538, 9, 1, 1, 1, 1, 1, 1, 1, 8759, 6, 0, 1),
(1009, 293, 9, 1, 0, 0, 0, 0, 0, 0, 8760, 0, 0, 0),
(1010, 538, 10, 1, 0, 0, 0, 0, 0, 0, 8760, 0, 0, 0),
(1011, 293, 6, 1, 0, 0, 0, 0, 0, 0, 8760, 0, 0, 0),
(1012, 539, 1, 1, 0, 0, 0, 0, 0, 0, 8760, 0, 0, 0),
(1013, 293, 4, 1, 0, 0, 0, 0, 0, 0, 8760, 0, 0, 0);
INSERT INTO `tbl_clinic_device` (`id`, `Clinic_Id`, `Device_Id`, `Quantity`, `U_W_AVG_Repair_Time_12_h`, `U_W_AVG_Repair_Time`, `AVG_Repair_Time_12_h`, `AVG_Repair_Time_All`, `First_Time_Call`, `Total_Repair_Calls_All`, `Up_Time`, `Doctors_Trained`, `Nurses_Trained`, `E_Learning_Course_Delivered`) VALUES
(1014, 540, 1, 1, 0, 0, 0, 0, 0, 0, 8760, 0, 0, 0),
(1015, 293, 2, 1, 0, 0, 0, 0, 0, 0, 8760, 0, 0, 0),
(1016, 541, 1, 1, 0, 0, 0, 0, 0, 0, 8760, 0, 0, 0),
(1017, 293, 5, 1, 0, 0, 0, 0, 0, 0, 8760, 0, 0, 0),
(1018, 542, 1, 3, 0, 0, 0, 0, 0, 0, 8760, 0, 4, 0),
(1019, 294, 5, 1, 0, 0, 0, 0, 0, 0, 8760, 0, 0, 0),
(1020, 543, 1, 1, 0, 0, 0, 0, 0, 0, 8760, 0, 0, 0),
(1021, 544, 1, 4, 0, 0, 0, 0, 0, 0, 8760, 0, 0, 0),
(1022, 296, 1, 1, 2, 2, 2, 2, 2, 2, 8753, 1, 5, 5),
(1023, 544, 13, 1, 0, 0, 0, 0, 0, 0, 8760, 0, 0, 0),
(1024, 296, 2, 1, 2, 2, 2, 2, 2, 2, 8756, 1, 5, 3),
(1025, 545, 1, 1, 0, 0, 0, 0, 0, 0, 8760, 1, 1, 0),
(1026, 546, 1, 2, 0, 0, 0, 1, 1, 1, 8594, 0, 0, 0),
(1027, 547, 1, 4, 0, 0, 1, 3, 2, 3, 8188, 1, 0, 0),
(1028, 547, 2, 1, 0, 0, 0, 0, 0, 0, 8760, 1, 0, 0),
(1029, 547, 4, 1, 0, 0, 0, 0, 0, 0, 8760, 0, 0, 0),
(1030, 547, 5, 1, 2, 2, 2, 2, 2, 2, 8747, 0, 0, 0),
(1031, 302, 3, 1, 0, 0, 0, 0, 0, 0, 8760, 1, 0, 2),
(1032, 547, 10, 1, 0, 0, 0, 0, 0, 0, 8760, 0, 0, 0),
(1033, 302, 2, 1, 0, 0, 0, 0, 0, 0, 8760, 0, 0, 2),
(1034, 548, 1, 1, 0, 0, 0, 0, 0, 0, 8760, 0, 0, 0),
(1035, 302, 1, 1, 0, 0, 0, 0, 0, 0, 8760, 1, 2, 3),
(1036, 549, 1, 1, 1, 1, 1, 1, 1, 1, 8759, 1, 0, 0),
(1037, 303, 13, 1, 2, 2, 2, 2, 2, 2, 8747, 4, 0, 0),
(1038, 549, 2, 1, 0, 0, 0, 0, 0, 0, 8760, 0, 0, 0),
(1039, 549, 4, 1, 0, 0, 0, 0, 0, 0, 8760, 0, 0, 0),
(1040, 550, 1, 9, 0, 0, 5, 7, 6, 7, 8698, 0, 7, 0),
(1041, 550, 2, 3, 0, 0, 0, 0, 0, 0, 8760, 0, 0, 0),
(1042, 550, 4, 1, 0, 0, 0, 0, 0, 0, 8760, 1, 0, 0),
(1043, 550, 5, 3, 0, 0, 0, 0, 0, 0, 8760, 0, 0, 0),
(1044, 550, 13, 1, 0, 0, 0, 0, 0, 0, 8760, 0, 0, 0),
(1045, 308, 2, 1, 0, 0, 0, 0, 0, 0, 8760, 0, 0, 0),
(1046, 551, 1, 2, 0, 0, 2, 3, 2, 3, 8743, 0, 0, 0),
(1047, 308, 1, 1, 0, 0, 0, 0, 0, 0, 8760, 0, 0, 0),
(1048, 551, 2, 1, 0, 0, 0, 0, 0, 0, 8760, 0, 0, 0),
(1049, 308, 4, 1, 0, 0, 0, 0, 0, 0, 8760, 0, 0, 0),
(1050, 552, 1, 2, 0, 0, 1, 3, 1, 3, 8694, 1, 0, 0),
(1051, 309, 2, 1, 0, 0, 0, 0, 0, 0, 8760, 0, 0, 0),
(1052, 552, 2, 1, 0, 0, 0, 0, 0, 0, 8760, 0, 0, 0),
(1053, 310, 2, 1, 0, 0, 0, 0, 0, 0, 8760, 0, 0, 0),
(1054, 552, 3, 1, 0, 0, 0, 0, 0, 0, 8760, 0, 0, 0),
(1055, 310, 3, 1, 0, 0, 0, 0, 0, 0, 8760, 0, 0, 0),
(1056, 553, 1, 3, 0, 0, 3, 5, 3, 5, 8528, 1, 7, 4),
(1057, 554, 1, 1, 0, 0, 0, 0, 0, 0, 8760, 0, 0, 0),
(1058, 312, 1, 1, 0, 0, 0, 0, 0, 0, 8760, 0, 0, 0),
(1059, 555, 1, 2, 7, 9, 9, 11, 9, 11, 8543, 0, 0, 0),
(1060, 313, 2, 9, 0, 0, 0, 1, 0, 1, 8034, 1, 3, 0),
(1061, 555, 5, 1, 0, 0, 0, 0, 0, 0, 8760, 0, 0, 0),
(1062, 313, 5, 5, 0, 0, 0, 0, 0, 0, 8760, 0, 0, 0),
(1063, 556, 1, 1, 0, 0, 3, 4, 3, 4, 8227, 0, 1, 0),
(1064, 313, 1, 16, 9, 10, 10, 11, 11, 11, 8747, 0, 1, 8),
(1065, 556, 4, 1, 0, 0, 0, 0, 0, 0, 8760, 0, 0, 0),
(1066, 313, 4, 1, 1, 1, 1, 1, 1, 1, 8756, 0, 0, 0),
(1067, 557, 1, 1, 0, 0, 0, 0, 0, 0, 8760, 0, 0, 0),
(1068, 314, 1, 1, 0, 0, 0, 0, 0, 0, 8760, 1, 1, 0),
(1069, 558, 1, 2, 0, 0, 0, 0, 0, 0, 8760, 0, 0, 0),
(1070, 558, 2, 1, 0, 0, 0, 0, 0, 0, 8760, 0, 0, 0),
(1071, 559, 3, 1, 0, 0, 0, 0, 0, 0, 8760, 3, 0, 0),
(1072, 559, 13, 1, 0, 1, 0, 1, 0, 1, 8517, 0, 0, 0),
(1073, 560, 1, 1, 0, 0, 0, 0, 0, 0, 8760, 0, 0, 0),
(1074, 561, 1, 3, 3, 3, 6, 6, 6, 6, 8744, 0, 7, 0),
(1075, 561, 2, 1, 0, 0, 1, 2, 2, 2, 8707, 0, 0, 0),
(1076, 561, 4, 1, 0, 0, 0, 0, 0, 0, 8760, 0, 0, 0),
(1077, 562, 1, 1, 0, 0, 0, 0, 0, 0, 8760, 0, 0, 0),
(1078, 563, 1, 3, 0, 0, 2, 3, 2, 3, 7391, 2, 2, 0),
(1079, 563, 3, 1, 0, 0, 0, 0, 0, 0, 8760, 0, 0, 0),
(1080, 564, 1, 1, 0, 0, 0, 0, 0, 0, 8760, 0, 0, 0),
(1081, 565, 1, 3, 0, 0, 1, 1, 1, 1, 8757, 2, 2, 0),
(1082, 565, 2, 1, 0, 0, 0, 1, 0, 1, 8729, 2, 2, 0),
(1083, 566, 7, 3, 0, 0, 0, 0, 0, 0, 8760, 0, 4, 0),
(1084, 567, 1, 6, 0, 0, 0, 0, 0, 0, 8760, 1, 5, 0),
(1085, 567, 2, 4, 0, 0, 0, 0, 0, 0, 8760, 0, 0, 0),
(1086, 568, 2, 1, 0, 0, 0, 0, 0, 0, 8760, 0, 0, 0),
(1087, 568, 13, 1, 0, 0, 0, 0, 0, 0, 8760, 0, 0, 0),
(1088, 569, 1, 9, 0, 0, 0, 0, 0, 0, 8760, 0, 22, 0),
(1089, 570, 1, 11, 0, 0, 10, 12, 10, 12, 8600, 0, 8, 7),
(1090, 570, 2, 1, 0, 0, 0, 0, 0, 0, 8760, 0, 0, 0),
(1091, 570, 3, 1, 0, 0, 0, 0, 0, 0, 8760, 0, 0, 0),
(1092, 570, 4, 1, 0, 0, 0, 0, 0, 0, 8760, 0, 0, 0),
(1093, 570, 10, 1, 1, 1, 1, 1, 1, 1, 8758, 0, 0, 0),
(1094, 571, 1, 1, 0, 0, 0, 0, 0, 0, 8760, 0, 0, 0),
(1095, 572, 1, 2, 1, 2, 4, 5, 4, 5, 8346, 1, 5, 1),
(1096, 572, 2, 1, 0, 0, 0, 0, 0, 0, 8760, 2, 6, 2),
(1097, 572, 9, 1, 0, 1, 0, 1, 0, 1, 8367, 1, 0, 0),
(1098, 573, 1, 1, 0, 0, 0, 0, 0, 0, 8760, 0, 0, 0),
(1099, 573, 2, 1, 0, 0, 0, 0, 0, 0, 8760, 0, 0, 0),
(1100, 574, 1, 1, 0, 0, 0, 0, 0, 0, 8760, 0, 0, 0),
(1101, 574, 4, 1, 0, 0, 0, 0, 0, 0, 8760, 0, 0, 0),
(1102, 574, 13, 1, 0, 0, 0, 0, 0, 0, 8760, 0, 0, 0),
(1103, 575, 1, 2, 0, 0, 2, 5, 3, 5, 8258, 0, 0, 0),
(1104, 576, 1, 2, 0, 0, 0, 0, 0, 0, 8760, 0, 0, 0),
(1105, 577, 1, 2, 5, 7, 5, 7, 7, 7, 8701, 3, 4, 0),
(1106, 578, 1, 1, 0, 0, 0, 0, 0, 0, 8760, 0, 0, 0),
(1107, 578, 13, 1, 0, 0, 0, 0, 0, 0, 8760, 0, 0, 0),
(1108, 579, 1, 1, 0, 0, 0, 0, 0, 0, 8760, 0, 0, 0),
(1109, 580, 1, 1, 0, 0, 0, 0, 0, 0, 8760, 0, 0, 0),
(1110, 581, 1, 1, 0, 0, 1, 1, 1, 1, 8755, 0, 0, 0),
(1111, 582, 1, 2, 1, 1, 1, 1, 1, 1, 8757, 0, 7, 5),
(1112, 582, 2, 1, 1, 1, 1, 1, 1, 1, 8759, 1, 7, 9),
(1113, 583, 1, 3, 2, 2, 2, 2, 2, 2, 8752, 1, 2, 0),
(1114, 583, 2, 1, 0, 0, 0, 0, 0, 0, 8760, 0, 0, 0),
(1115, 584, 1, 2, 0, 0, 0, 0, 0, 0, 8760, 2, 4, 0),
(1116, 584, 3, 1, 0, 0, 0, 0, 0, 0, 8760, 1, 0, 1),
(1117, 585, 1, 2, 0, 0, 0, 0, 0, 0, 8760, 1, 0, 0),
(1118, 585, 4, 1, 0, 0, 0, 0, 0, 0, 8760, 1, 0, 0),
(1119, 586, 1, 16, 0, 0, 19, 21, 20, 21, 8677, 1, 10, 11),
(1120, 586, 2, 7, 0, 0, 0, 0, 0, 0, 8760, 0, 0, 0),
(1121, 586, 9, 1, 0, 0, 0, 0, 0, 0, 8760, 0, 0, 0),
(1122, 587, 1, 2, 0, 0, 1, 2, 1, 2, 7885, 0, 0, 0),
(1123, 588, 1, 2, 0, 0, 0, 0, 0, 0, 8760, 0, 0, 0),
(1124, 589, 1, 3, 0, 0, 0, 0, 0, 0, 8760, 0, 6, 0),
(1125, 589, 2, 1, 0, 0, 0, 0, 0, 0, 8760, 0, 1, 0),
(1126, 589, 9, 1, 0, 0, 0, 0, 0, 0, 8760, 0, 0, 0),
(1127, 590, 1, 1, 0, 0, 0, 0, 0, 0, 8760, 0, 0, 0),
(1128, 591, 1, 5, 4, 5, 8, 12, 9, 12, 8645, 2, 2, 0),
(1129, 591, 4, 1, 0, 0, 0, 0, 0, 0, 8760, 1, 0, 0),
(1130, 592, 1, 1, 0, 0, 0, 0, 0, 0, 8760, 0, 0, 0),
(1131, 593, 1, 1, 0, 0, 0, 0, 0, 0, 8760, 0, 0, 0),
(1132, 594, 1, 1, 0, 0, 0, 0, 0, 0, 8760, 0, 0, 0),
(1133, 595, 1, 1, 0, 0, 0, 0, 0, 0, 8760, 0, 5, 0),
(1134, 596, 1, 2, 0, 0, 0, 0, 0, 0, 8760, 0, 8, 0),
(1135, 596, 2, 1, 0, 0, 0, 0, 0, 0, 8760, 0, 0, 0),
(1136, 597, 1, 1, 0, 0, 0, 0, 0, 0, 8760, 0, 0, 0),
(1137, 598, 1, 2, 0, 0, 0, 0, 0, 0, 8760, 0, 0, 0),
(1138, 599, 1, 5, 2, 2, 14, 18, 16, 18, 8673, 0, 6, 0),
(1139, 599, 2, 1, 0, 0, 0, 0, 0, 0, 8760, 0, 0, 0),
(1140, 599, 3, 1, 0, 0, 1, 1, 1, 1, 8758, 1, 0, 1),
(1141, 599, 4, 1, 0, 0, 0, 0, 0, 0, 8760, 0, 0, 0),
(1142, 599, 5, 1, 0, 0, 0, 0, 0, 0, 8760, 0, 0, 0),
(1143, 599, 9, 1, 0, 0, 0, 0, 0, 0, 8760, 0, 0, 0),
(1144, 599, 7, 1, 0, 0, 1, 1, 0, 1, 8747, 0, 0, 0),
(1145, 600, 2, 1, 0, 0, 0, 0, 0, 0, 8760, 0, 0, 0),
(1146, 600, 13, 1, 0, 0, 0, 0, 0, 0, 8760, 0, 0, 0),
(1147, 601, 1, 1, 0, 0, 0, 0, 0, 0, 8760, 0, 0, 0),
(1148, 602, 1, 1, 0, 0, 0, 0, 0, 0, 8760, 0, 0, 0),
(1149, 603, 1, 3, 0, 0, 0, 0, 0, 0, 8760, 0, 0, 0),
(1150, 604, 1, 4, 0, 0, 0, 0, 0, 0, 8760, 0, 0, 6),
(1151, 604, 2, 1, 0, 0, 0, 0, 0, 0, 8760, 0, 0, 0),
(1152, 604, 4, 1, 0, 0, 0, 0, 0, 0, 8760, 0, 0, 0),
(1153, 604, 9, 1, 0, 0, 0, 0, 0, 0, 8760, 3, 6, 5),
(1154, 604, 13, 1, 0, 0, 1, 1, 1, 1, 8758, 0, 0, 0),
(1155, 605, 1, 5, 3, 4, 28, 37, 28, 37, 8582, 0, 7, 0),
(1156, 605, 9, 1, 0, 1, 0, 1, 0, 1, 8591, 1, 0, 2),
(1157, 606, 1, 1, 0, 0, 0, 0, 0, 0, 8760, 0, 0, 0),
(1158, 606, 2, 1, 0, 0, 0, 0, 0, 0, 8760, 0, 0, 0),
(1159, 607, 4, 1, 0, 0, 0, 0, 0, 0, 8760, 0, 0, 0),
(1160, 608, 1, 1, 0, 0, 0, 1, 1, 1, 8735, 0, 0, 0),
(1161, 608, 2, 1, 0, 0, 1, 3, 2, 3, 7461, 0, 0, 0),
(1162, 608, 5, 1, 0, 0, 0, 0, 0, 0, 8760, 0, 0, 0),
(1163, 609, 1, 2, 0, 0, 1, 2, 1, 2, 8118, 0, 0, 0),
(1164, 609, 2, 1, 0, 0, 0, 0, 0, 0, 8760, 0, 0, 0),
(1165, 609, 3, 2, 0, 0, 0, 0, 0, 0, 8760, 0, 0, 0),
(1166, 610, 1, 1, 0, 0, 0, 0, 0, 0, 8760, 0, 0, 0),
(1167, 610, 2, 1, 0, 0, 0, 0, 0, 0, 8760, 0, 0, 0),
(1168, 611, 1, 22, 1, 4, 36, 48, 37, 48, 8572, 3, 13, 2),
(1169, 611, 2, 5, 1, 4, 7, 12, 7, 12, 7780, 2, 1, 0),
(1170, 611, 4, 1, 0, 0, 0, 0, 0, 0, 8760, 0, 0, 0),
(1171, 611, 5, 3, 0, 0, 0, 0, 0, 0, 8760, 4, 5, 1),
(1172, 611, 9, 2, 0, 0, 0, 4, 0, 4, 8011, 2, 5, 1),
(1173, 612, 1, 4, 2, 2, 2, 2, 2, 2, 8755, 0, 9, 2),
(1174, 612, 2, 1, 0, 1, 0, 1, 0, 1, 8664, 1, 3, 0),
(1175, 613, 1, 1, 0, 0, 0, 0, 0, 0, 8760, 0, 0, 0),
(1176, 614, 1, 3, 0, 0, 2, 4, 2, 4, 8541, 0, 0, 0),
(1177, 614, 2, 1, 0, 0, 0, 0, 0, 0, 8760, 0, 0, 0),
(1178, 615, 1, 2, 0, 0, 0, 0, 0, 0, 8760, 0, 4, 0),
(1179, 616, 1, 1, 0, 0, 0, 0, 0, 0, 8760, 0, 0, 0),
(1180, 617, 1, 4, 6, 7, 18, 23, 19, 23, 8580, 0, 10, 0),
(1181, 617, 2, 1, 1, 1, 1, 1, 1, 1, 8752, 0, 0, 0),
(1182, 617, 9, 1, 0, 0, 0, 0, 0, 0, 8760, 0, 0, 0),
(1183, 618, 1, 3, 0, 0, 7, 10, 7, 10, 8410, 0, 0, 0),
(1184, 619, 1, 2, 0, 0, 4, 9, 7, 9, 8273, 1, 6, 3),
(1185, 619, 2, 1, 0, 0, 0, 0, 0, 0, 8760, 0, 0, 0),
(1186, 620, 1, 3, 0, 0, 5, 5, 5, 5, 8750, 0, 1, 0),
(1187, 620, 2, 1, 0, 0, 1, 1, 1, 1, 8755, 0, 0, 0),
(1188, 620, 9, 1, 0, 0, 0, 0, 0, 0, 8760, 1, 6, 5),
(1189, 621, 1, 1, 0, 0, 0, 0, 0, 0, 8760, 0, 0, 0),
(1190, 622, 1, 8, 2, 2, 17, 21, 17, 21, 8421, 5, 14, 15),
(1191, 622, 2, 1, 0, 0, 0, 0, 0, 0, 8760, 3, 0, 0),
(1192, 622, 3, 1, 0, 0, 0, 0, 0, 0, 8760, 2, 0, 0),
(1193, 622, 4, 4, 1, 1, 2, 3, 2, 3, 8587, 6, 0, 2),
(1194, 623, 1, 1, 0, 0, 0, 0, 0, 0, 8760, 0, 0, 0),
(1195, 624, 1, 1, 0, 0, 0, 0, 0, 0, 8760, 0, 0, 0),
(1196, 624, 2, 1, 0, 0, 0, 0, 0, 0, 8760, 0, 0, 0),
(1197, 625, 1, 9, 0, 0, 0, 0, 0, 0, 8760, 0, 12, 0),
(1198, 625, 2, 1, 0, 0, 0, 0, 0, 0, 8760, 0, 0, 0),
(1199, 625, 3, 1, 0, 0, 0, 0, 0, 0, 8760, 1, 0, 0),
(1200, 626, 1, 1, 0, 0, 0, 0, 0, 0, 8760, 0, 10, 0),
(1201, 627, 1, 2, 0, 0, 0, 0, 0, 0, 8760, 1, 6, 0),
(1202, 627, 2, 1, 0, 0, 0, 0, 0, 0, 8760, 0, 0, 0),
(1203, 627, 4, 1, 0, 0, 0, 0, 0, 0, 8760, 0, 0, 0),
(1204, 628, 1, 1, 0, 0, 0, 2, 0, 2, 8315, 1, 0, 0),
(1205, 629, 1, 1, 0, 0, 0, 0, 0, 0, 8760, 0, 0, 0),
(1206, 630, 1, 1, 0, 0, 0, 0, 0, 0, 8760, 0, 0, 0),
(1207, 631, 1, 1, 0, 0, 0, 0, 0, 0, 8760, 0, 0, 0),
(1208, 632, 1, 1, 0, 0, 0, 0, 0, 0, 8760, 0, 0, 0),
(1209, 632, 4, 1, 0, 0, 0, 0, 0, 0, 8760, 0, 0, 0),
(1210, 633, 1, 2, 0, 0, 5, 7, 6, 7, 8193, 4, 0, 0),
(1211, 633, 2, 1, 0, 0, 1, 1, 1, 1, 8758, 4, 0, 0),
(1212, 633, 7, 1, 1, 2, 1, 2, 1, 2, 8349, 4, 11, 0),
(1213, 634, 1, 2, 0, 0, 6, 9, 7, 9, 8086, 0, 0, 0),
(1214, 635, 1, 3, 0, 0, 0, 2, 2, 2, 8430, 0, 0, 0),
(1215, 635, 2, 1, 0, 0, 0, 0, 0, 0, 8760, 0, 0, 0),
(1216, 635, 3, 1, 0, 0, 0, 0, 0, 0, 8760, 0, 0, 0),
(1217, 635, 4, 1, 0, 0, 0, 0, 0, 0, 8760, 0, 0, 0),
(1218, 636, 1, 1, 0, 0, 0, 0, 0, 0, 8760, 0, 0, 0),
(1219, 637, 1, 5, 3, 4, 3, 4, 3, 4, 8626, 3, 0, 0),
(1220, 638, 1, 1, 0, 0, 0, 0, 0, 0, 8760, 0, 0, 0),
(1221, 639, 1, 3, 0, 0, 0, 1, 0, 1, 8635, 4, 5, 4),
(1222, 639, 4, 1, 0, 0, 0, 0, 0, 0, 8760, 0, 0, 0),
(1223, 640, 1, 1, 0, 0, 0, 0, 0, 0, 8760, 0, 0, 0),
(1224, 641, 1, 1, 0, 0, 0, 0, 0, 0, 8760, 0, 0, 0),
(1225, 642, 1, 1, 0, 0, 0, 0, 0, 0, 8760, 0, 0, 0),
(1226, 643, 1, 5, 0, 0, 7, 7, 6, 7, 8755, 0, 6, 0),
(1227, 643, 2, 2, 0, 0, 3, 5, 3, 5, 8628, 1, 3, 0),
(1228, 643, 4, 1, 0, 0, 0, 1, 0, 1, 8612, 0, 0, 0),
(1229, 643, 5, 1, 0, 0, 0, 0, 0, 0, 8760, 0, 1, 0),
(1230, 644, 1, 1, 0, 0, 0, 0, 0, 0, 8760, 0, 0, 0),
(1231, 645, 1, 3, 1, 3, 1, 3, 2, 3, 7553, 0, 0, 0),
(1232, 645, 2, 1, 0, 0, 0, 0, 0, 0, 8760, 0, 0, 0),
(1233, 646, 1, 3, 0, 0, 3, 3, 3, 3, 8756, 1, 9, 0),
(1234, 646, 2, 1, 0, 0, 1, 3, 1, 3, 8533, 1, 0, 0),
(1235, 646, 3, 1, 0, 0, 0, 0, 0, 0, 8760, 0, 0, 0),
(1236, 647, 1, 6, 0, 0, 0, 0, 0, 0, 8760, 0, 4, 7),
(1237, 647, 2, 1, 0, 0, 0, 0, 0, 0, 8760, 0, 0, 0),
(1238, 648, 1, 1, 0, 0, 0, 0, 0, 0, 8760, 0, 0, 0),
(1239, 648, 2, 2, 0, 0, 0, 0, 0, 0, 8760, 0, 0, 0),
(1240, 648, 5, 1, 0, 0, 0, 0, 0, 0, 8760, 0, 0, 0),
(1241, 649, 1, 4, 0, 0, 0, 0, 0, 0, 8760, 0, 10, 1),
(1242, 649, 3, 1, 0, 0, 0, 0, 0, 0, 8760, 3, 11, 0),
(1243, 649, 4, 1, 0, 0, 0, 0, 0, 0, 8760, 0, 0, 0),
(1244, 650, 2, 1, 0, 0, 0, 0, 0, 0, 8760, 0, 0, 0),
(1245, 651, 1, 10, 0, 0, 2, 3, 2, 3, 8707, 0, 16, 0),
(1246, 651, 2, 1, 1, 1, 1, 1, 1, 1, 8758, 0, 12, 0),
(1247, 652, 1, 1, 0, 0, 0, 0, 0, 0, 8760, 0, 0, 0),
(1248, 653, 1, 1, 0, 0, 0, 0, 0, 0, 8760, 0, 0, 0),
(1249, 654, 2, 1, 0, 0, 0, 0, 0, 0, 8760, 0, 0, 0),
(1250, 655, 1, 1, 0, 0, 0, 0, 0, 0, 8760, 0, 0, 0),
(1251, 656, 1, 1, 0, 0, 0, 0, 0, 0, 8760, 1, 4, 0),
(1252, 657, 1, 2, 0, 0, 0, 0, 0, 0, 8760, 0, 0, 0),
(1253, 657, 2, 1, 0, 0, 0, 0, 0, 0, 8760, 0, 0, 0),
(1254, 658, 1, 29, 0, 0, 0, 0, 0, 0, 8760, 1, 16, 21),
(1255, 658, 2, 2, 0, 0, 0, 0, 0, 0, 8760, 0, 0, 0),
(1256, 658, 4, 2, 0, 0, 0, 0, 0, 0, 8760, 1, 0, 0),
(1257, 659, 1, 10, 0, 0, 13, 19, 13, 19, 8441, 5, 22, 2),
(1258, 659, 2, 4, 0, 0, 3, 8, 6, 8, 8609, 1, 0, 0),
(1259, 659, 3, 1, 0, 0, 0, 0, 0, 0, 8760, 0, 0, 0),
(1260, 659, 9, 1, 0, 1, 0, 1, 0, 1, 8045, 1, 0, 1),
(1261, 660, 1, 4, 0, 0, 0, 0, 0, 0, 8760, 0, 0, 0),
(1262, 661, 1, 20, 0, 0, 52, 75, 66, 75, 8650, 1, 0, 0),
(1263, 661, 2, 2, 0, 0, 3, 5, 4, 5, 8712, 1, 0, 0),
(1264, 661, 4, 1, 0, 0, 0, 0, 0, 0, 8760, 1, 0, 0),
(1265, 662, 1, 3, 1, 1, 1, 1, 1, 1, 8758, 1, 2, 0),
(1266, 662, 2, 1, 0, 0, 0, 0, 0, 0, 8760, 2, 0, 0),
(1267, 662, 9, 1, 0, 0, 0, 0, 0, 0, 8760, 2, 0, 0),
(1268, 663, 1, 3, 0, 0, 0, 0, 0, 0, 8760, 0, 4, 0),
(1269, 664, 1, 1, 0, 0, 0, 0, 0, 0, 8760, 0, 0, 0),
(1270, 665, 1, 3, 0, 0, 0, 0, 0, 0, 8760, 0, 1, 0),
(1271, 665, 2, 1, 0, 0, 0, 0, 0, 0, 8760, 0, 1, 0),
(1272, 665, 4, 1, 0, 0, 0, 0, 0, 0, 8760, 0, 0, 0),
(1273, 666, 1, 1, 0, 0, 0, 0, 0, 0, 8760, 0, 0, 0),
(1274, 667, 1, 1, 0, 0, 0, 0, 0, 0, 8760, 0, 0, 0),
(1275, 668, 1, 6, 0, 0, 0, 0, 0, 0, 8760, 0, 27, 0),
(1276, 668, 2, 3, 0, 0, 0, 0, 0, 0, 8760, 0, 14, 0),
(1277, 668, 5, 1, 0, 0, 0, 0, 0, 0, 8760, 0, 0, 0),
(1278, 669, 1, 1, 0, 0, 0, 0, 0, 0, 8760, 0, 0, 0),
(1279, 670, 1, 1, 0, 0, 0, 0, 0, 0, 8760, 0, 0, 0),
(1280, 671, 1, 2, 0, 0, 0, 0, 0, 0, 8760, 0, 0, 0),
(1281, 671, 2, 1, 0, 0, 0, 1, 0, 1, 8712, 0, 0, 0),
(1282, 671, 4, 1, 0, 0, 0, 0, 0, 0, 8760, 0, 0, 0),
(1283, 672, 1, 1, 0, 0, 1, 2, 1, 2, 8011, 0, 0, 0),
(1284, 672, 4, 1, 0, 0, 0, 0, 0, 0, 8760, 0, 0, 0),
(1285, 673, 1, 1, 0, 0, 0, 0, 0, 0, 8760, 0, 0, 0),
(1286, 674, 1, 1, 0, 0, 0, 0, 0, 0, 8760, 0, 0, 0),
(1287, 675, 1, 2, 0, 0, 0, 0, 0, 0, 8760, 0, 0, 0),
(1288, 676, 1, 10, 0, 0, 0, 0, 0, 0, 8760, 0, 18, 18),
(1289, 676, 2, 5, 0, 0, 0, 0, 0, 0, 8760, 0, 5, 5),
(1290, 676, 3, 1, 0, 0, 0, 0, 0, 0, 8760, 0, 0, 0),
(1291, 676, 4, 1, 0, 0, 0, 0, 0, 0, 8760, 0, 0, 0),
(1292, 677, 1, 1, 0, 0, 0, 0, 0, 0, 8760, 0, 5, 0),
(1293, 677, 2, 1, 0, 0, 0, 0, 0, 0, 8760, 0, 5, 0),
(1294, 678, 1, 15, 1, 4, 1, 4, 1, 4, 7545, 0, 28, 3),
(1295, 679, 1, 1, 0, 0, 0, 0, 0, 0, 8760, 0, 0, 0),
(1296, 680, 1, 5, 0, 0, 0, 0, 0, 0, 8760, 1, 17, 2),
(1297, 680, 2, 1, 0, 0, 0, 0, 0, 0, 8760, 0, 2, 0),
(1298, 681, 1, 5, 0, 0, 0, 0, 0, 0, 8760, 0, 0, 4),
(1299, 681, 2, 1, 0, 0, 0, 0, 0, 0, 8760, 0, 0, 5),
(1300, 681, 4, 1, 0, 0, 0, 0, 0, 0, 8760, 0, 0, 1),
(1301, 681, 13, 1, 0, 0, 0, 0, 0, 0, 8760, 0, 0, 0),
(1302, 682, 2, 1, 0, 0, 0, 0, 0, 0, 8760, 0, 0, 0),
(1303, 683, 1, 1, 0, 0, 0, 0, 0, 0, 8760, 0, 0, 0),
(1304, 684, 1, 1, 0, 0, 0, 0, 0, 0, 8760, 0, 0, 0),
(1305, 684, 2, 1, 0, 0, 0, 0, 0, 0, 8760, 0, 0, 0),
(1306, 685, 1, 2, 0, 1, 4, 9, 6, 9, 8512, 0, 0, 0),
(1307, 685, 4, 1, 0, 0, 0, 0, 0, 0, 8760, 0, 0, 0),
(1308, 686, 1, 2, 0, 0, 1, 1, 1, 1, 8755, 0, 0, 0),
(1309, 686, 2, 1, 0, 0, 0, 0, 0, 0, 8760, 0, 0, 0),
(1310, 687, 1, 2, 0, 0, 0, 0, 0, 0, 8760, 1, 4, 0),
(1311, 687, 3, 1, 0, 0, 0, 0, 0, 0, 8760, 1, 0, 0),
(1312, 687, 5, 1, 0, 0, 0, 0, 0, 0, 8760, 0, 0, 0),
(1313, 688, 1, 1, 0, 0, 0, 0, 0, 0, 8760, 0, 0, 0),
(1314, 688, 2, 1, 0, 0, 0, 0, 0, 0, 8760, 0, 0, 0),
(1315, 689, 1, 1, 0, 0, 0, 0, 0, 0, 8760, 0, 0, 0),
(1316, 690, 1, 2, 0, 0, 0, 0, 0, 0, 8760, 0, 1, 0),
(1317, 690, 2, 1, 0, 0, 0, 0, 0, 0, 8760, 0, 0, 0),
(1318, 691, 1, 3, 0, 0, 0, 0, 0, 0, 8760, 0, 0, 0),
(1319, 692, 1, 1, 1, 1, 1, 1, 1, 1, 8755, 0, 0, 3),
(1320, 693, 1, 2, 1, 1, 2, 2, 2, 2, 8753, 0, 9, 0),
(1321, 693, 2, 1, 0, 0, 0, 0, 0, 0, 8760, 0, 7, 1),
(1322, 694, 1, 2, 10, 10, 10, 10, 10, 10, 8745, 0, 0, 0),
(1323, 695, 1, 1, 0, 0, 0, 0, 0, 0, 8760, 0, 0, 0),
(1324, 696, 1, 1, 0, 0, 0, 0, 0, 0, 8760, 0, 0, 0),
(1325, 697, 1, 12, 0, 0, 22, 31, 23, 31, 8543, 3, 2, 0),
(1326, 697, 2, 2, 0, 0, 6, 9, 8, 9, 8125, 2, 2, 0),
(1327, 697, 5, 1, 0, 0, 0, 0, 0, 0, 8760, 2, 0, 0),
(1328, 698, 1, 3, 0, 0, 0, 0, 0, 0, 8760, 1, 9, 6),
(1329, 699, 3, 1, 0, 0, 0, 0, 0, 0, 8760, 1, 0, 0),
(1330, 700, 1, 1, 0, 0, 0, 0, 0, 0, 8760, 0, 0, 0),
(1331, 701, 1, 7, 10, 10, 10, 10, 10, 10, 8737, 0, 0, 0),
(1332, 702, 1, 1, 0, 0, 1, 1, 1, 1, 8757, 0, 0, 0),
(1333, 703, 1, 1, 0, 0, 0, 0, 0, 0, 8760, 0, 0, 0),
(1334, 704, 1, 2, 0, 0, 0, 0, 0, 0, 8760, 0, 0, 1),
(1335, 704, 2, 2, 0, 0, 0, 0, 0, 0, 8760, 0, 0, 1),
(1336, 704, 3, 1, 0, 0, 0, 0, 0, 0, 8760, 0, 0, 0),
(1337, 704, 4, 1, 0, 0, 0, 0, 0, 0, 8760, 0, 0, 0),
(1338, 704, 9, 1, 0, 0, 0, 0, 0, 0, 8760, 0, 0, 2),
(1339, 705, 1, 3, 2, 2, 3, 3, 3, 3, 8755, 2, 0, 0),
(1340, 705, 2, 1, 0, 0, 1, 1, 1, 1, 8753, 1, 0, 0),
(1341, 705, 9, 1, 0, 0, 0, 0, 0, 0, 8760, 5, 1, 0),
(1342, 706, 1, 1, 0, 0, 0, 0, 0, 0, 8760, 0, 0, 0),
(1343, 706, 4, 1, 0, 0, 0, 0, 0, 0, 8760, 0, 0, 0),
(1344, 707, 1, 2, 0, 0, 0, 0, 0, 0, 8760, 0, 4, 0),
(1345, 708, 1, 2, 0, 0, 0, 0, 0, 0, 8760, 0, 0, 1),
(1346, 709, 1, 4, 0, 0, 0, 0, 0, 0, 8760, 0, 0, 0),
(1347, 709, 2, 1, 0, 0, 0, 0, 0, 0, 8760, 0, 0, 0),
(1348, 710, 1, 1, 0, 0, 0, 0, 0, 0, 8760, 0, 0, 0),
(1349, 711, 1, 5, 0, 1, 3, 5, 3, 5, 8415, 0, 7, 1),
(1350, 711, 2, 2, 0, 0, 1, 4, 1, 4, 8250, 0, 0, 0),
(1351, 711, 4, 2, 0, 0, 0, 0, 0, 0, 8760, 0, 0, 0),
(1352, 711, 9, 1, 0, 0, 0, 1, 0, 1, 8567, 0, 0, 0),
(1353, 712, 1, 1, 2, 2, 5, 7, 5, 7, 8698, 1, 8, 1),
(1354, 712, 2, 1, 0, 1, 1, 2, 1, 2, 8673, 0, 0, 0),
(1355, 712, 5, 1, 1, 2, 1, 2, 1, 2, 7605, 3, 0, 0),
(1356, 712, 9, 1, 0, 0, 1, 1, 1, 1, 8756, 0, 0, 0),
(1357, 713, 1, 1, 0, 0, 0, 1, 0, 1, 8493, 0, 0, 0),
(1358, 714, 1, 2, 0, 0, 0, 1, 1, 1, 8518, 0, 0, 0),
(1359, 714, 5, 1, 0, 0, 0, 0, 0, 0, 8760, 0, 0, 0),
(1360, 715, 1, 2, 0, 0, 5, 6, 5, 6, 8645, 0, 6, 1),
(1361, 715, 2, 1, 0, 0, 1, 1, 1, 1, 8758, 1, 11, 0),
(1362, 716, 1, 1, 0, 0, 0, 0, 0, 0, 8760, 0, 0, 0),
(1363, 716, 2, 1, 0, 0, 0, 0, 0, 0, 8760, 0, 0, 0),
(1364, 716, 4, 1, 0, 0, 0, 0, 0, 0, 8760, 0, 0, 0),
(1365, 716, 5, 1, 0, 0, 0, 0, 0, 0, 8760, 0, 0, 0),
(1366, 717, 1, 9, 0, 0, 9, 10, 10, 10, 8748, 1, 0, 0),
(1367, 717, 2, 2, 0, 0, 0, 0, 0, 0, 8760, 0, 0, 0),
(1368, 717, 3, 1, 0, 0, 0, 0, 0, 0, 8760, 0, 0, 0),
(1369, 717, 5, 1, 0, 0, 0, 0, 0, 0, 8760, 4, 0, 1),
(1370, 717, 9, 1, 0, 0, 0, 0, 0, 0, 8760, 4, 0, 1),
(1371, 718, 1, 1, 0, 0, 0, 0, 0, 0, 8760, 0, 0, 0),
(1372, 719, 1, 1, 0, 0, 4, 5, 5, 5, 8722, 1, 0, 0),
(1373, 719, 2, 1, 0, 0, 2, 2, 2, 2, 8750, 1, 0, 0),
(1374, 719, 9, 1, 1, 1, 1, 1, 1, 1, 8754, 4, 6, 0),
(1375, 719, 7, 1, 1, 1, 1, 1, 1, 1, 8758, 4, 8, 0),
(1376, 720, 1, 15, 4, 8, 19, 53, 41, 53, 8277, 0, 25, 0),
(1377, 720, 2, 3, 1, 2, 1, 2, 1, 2, 7976, 0, 0, 0),
(1378, 720, 4, 2, 0, 0, 0, 0, 0, 0, 8760, 0, 0, 0),
(1379, 720, 10, 1, 2, 2, 2, 2, 2, 2, 8749, 0, 0, 0),
(1380, 721, 1, 2, 0, 0, 0, 0, 0, 0, 8760, 0, 0, 1),
(1381, 722, 1, 14, 19, 19, 37, 47, 38, 47, 8560, 1, 33, 9),
(1382, 722, 2, 3, 3, 3, 6, 11, 6, 11, 8436, 1, 15, 0),
(1383, 722, 7, 1, 1, 1, 1, 1, 1, 1, 8758, 1, 2, 0),
(1384, 723, 4, 1, 0, 0, 0, 0, 0, 0, 8760, 0, 0, 0),
(1385, 724, 1, 7, 0, 0, 18, 27, 18, 27, 8155, 5, 25, 4),
(1386, 724, 2, 3, 1, 2, 1, 3, 1, 3, 8697, 2, 6, 5),
(1387, 724, 3, 1, 0, 0, 0, 0, 0, 0, 8760, 3, 0, 0),
(1388, 724, 4, 1, 0, 0, 0, 0, 0, 0, 8760, 1, 0, 0),
(1389, 724, 9, 1, 0, 0, 0, 0, 0, 0, 8760, 4, 0, 0),
(1390, 725, 1, 1, 0, 0, 0, 0, 0, 0, 8760, 0, 0, 0),
(1391, 726, 1, 1, 0, 0, 1, 2, 1, 2, 8073, 0, 0, 0),
(1392, 726, 2, 1, 0, 0, 0, 0, 0, 0, 8760, 0, 0, 0),
(1393, 726, 3, 1, 0, 0, 0, 0, 0, 0, 8760, 0, 0, 0),
(1394, 727, 4, 1, 0, 0, 0, 0, 0, 0, 8760, 0, 0, 0),
(1395, 728, 1, 4, 5, 5, 20, 25, 21, 25, 8412, 1, 7, 3),
(1396, 728, 2, 1, 0, 0, 0, 1, 0, 1, 8699, 1, 8, 4),
(1397, 728, 3, 1, 0, 0, 0, 0, 0, 0, 8760, 1, 0, 0),
(1398, 728, 9, 1, 0, 0, 0, 0, 0, 0, 8760, 1, 1, 1),
(1399, 729, 1, 2, 0, 0, 0, 0, 0, 0, 8760, 0, 0, 0),
(1400, 730, 1, 7, 0, 0, 0, 0, 0, 0, 8760, 0, 4, 1),
(1401, 730, 2, 1, 0, 0, 0, 0, 0, 0, 8760, 2, 5, 2),
(1402, 730, 3, 1, 0, 0, 0, 0, 0, 0, 8760, 1, 0, 0),
(1403, 730, 4, 1, 0, 0, 0, 0, 0, 0, 8760, 0, 0, 0),
(1404, 730, 5, 1, 0, 0, 0, 0, 0, 0, 8760, 0, 0, 0),
(1405, 731, 1, 1, 0, 0, 0, 0, 0, 0, 8760, 0, 0, 0),
(1406, 731, 2, 1, 0, 0, 0, 0, 0, 0, 8760, 0, 0, 0),
(1407, 732, 1, 4, 0, 0, 0, 1, 0, 1, 8420, 0, 0, 0),
(1408, 733, 1, 3, 0, 0, 2, 3, 3, 3, 8724, 1, 0, 0),
(1409, 733, 2, 1, 0, 0, 0, 0, 0, 0, 8760, 0, 0, 0),
(1410, 733, 4, 1, 0, 0, 0, 0, 0, 0, 8760, 1, 0, 0),
(1411, 733, 5, 1, 0, 0, 0, 0, 0, 0, 8760, 1, 0, 0),
(1412, 734, 1, 1, 0, 0, 0, 0, 0, 0, 8760, 1, 1, 0),
(1413, 735, 1, 1, 0, 0, 0, 0, 0, 0, 8760, 0, 0, 0),
(1414, 736, 1, 1, 0, 0, 0, 0, 0, 0, 8760, 0, 0, 0),
(1415, 737, 1, 2, 4, 5, 4, 5, 4, 5, 8714, 0, 0, 1),
(1416, 738, 1, 3, 0, 0, 0, 0, 0, 0, 8760, 0, 0, 1),
(1417, 738, 2, 2, 0, 0, 0, 0, 0, 0, 8760, 0, 6, 0),
(1418, 738, 4, 1, 0, 0, 0, 2, 0, 2, 7128, 0, 0, 0),
(1419, 739, 1, 1, 0, 0, 1, 4, 1, 4, 7520, 1, 0, 0),
(1420, 740, 1, 1, 0, 0, 0, 0, 0, 0, 8760, 0, 0, 0),
(1421, 741, 1, 1, 0, 0, 0, 0, 0, 0, 8760, 0, 0, 0),
(1422, 742, 1, 3, 0, 0, 0, 0, 0, 0, 8760, 0, 0, 0),
(1423, 742, 2, 1, 0, 0, 0, 0, 0, 0, 8760, 0, 0, 0),
(1424, 743, 1, 5, 0, 0, 0, 0, 0, 0, 8760, 0, 0, 0),
(1425, 744, 1, 3, 0, 0, 0, 0, 0, 0, 8760, 0, 0, 0),
(1426, 745, 1, 2, 4, 5, 4, 5, 5, 5, 8713, 0, 8, 0),
(1427, 746, 1, 1, 0, 0, 0, 1, 0, 1, 8662, 0, 0, 0),
(1428, 747, 1, 1, 0, 0, 0, 0, 0, 0, 8760, 0, 0, 0),
(1429, 748, 1, 12, 1, 2, 1, 2, 1, 2, 8681, 3, 19, 0),
(1430, 748, 5, 1, 0, 0, 0, 0, 0, 0, 8760, 0, 0, 0),
(1431, 748, 9, 1, 0, 0, 0, 0, 0, 0, 8760, 0, 0, 0),
(1432, 749, 1, 1, 0, 0, 0, 0, 0, 0, 8760, 1, 1, 1),
(1433, 750, 1, 1, 0, 0, 0, 0, 0, 0, 8760, 0, 0, 0),
(1434, 751, 1, 7, 0, 0, 26, 29, 26, 29, 8670, 1, 30, 0),
(1435, 751, 2, 3, 0, 0, 8, 9, 8, 9, 8742, 1, 16, 0),
(1436, 752, 1, 1, 0, 0, 0, 0, 0, 0, 8760, 0, 0, 0),
(1437, 753, 4, 1, 0, 0, 0, 0, 0, 0, 8760, 0, 0, 0),
(1438, 754, 1, 1, 0, 0, 0, 0, 0, 0, 8760, 0, 0, 0),
(1439, 755, 1, 1, 0, 0, 0, 0, 0, 0, 8760, 0, 0, 0),
(1440, 756, 1, 5, 0, 0, 0, 0, 0, 0, 8760, 0, 5, 1),
(1441, 756, 2, 1, 0, 0, 0, 1, 0, 1, 8421, 0, 5, 1),
(1442, 757, 1, 1, 0, 0, 0, 0, 0, 0, 8760, 0, 0, 0),
(1443, 758, 1, 4, 0, 0, 6, 10, 6, 10, 8433, 0, 5, 0),
(1444, 758, 4, 1, 0, 0, 0, 1, 0, 1, 8369, 0, 0, 0),
(1445, 759, 1, 1, 0, 0, 0, 0, 0, 0, 8760, 1, 2, 0),
(1446, 759, 2, 1, 0, 0, 0, 0, 0, 0, 8760, 1, 0, 0),
(1447, 759, 3, 1, 0, 0, 0, 0, 0, 0, 8760, 1, 0, 0),
(1448, 760, 1, 1, 0, 0, 0, 0, 0, 0, 8760, 0, 0, 0),
(1449, 761, 1, 2, 0, 0, 0, 0, 0, 0, 8760, 0, 5, 0),
(1450, 761, 4, 1, 0, 0, 0, 0, 0, 0, 8760, 0, 0, 0),
(1451, 761, 9, 1, 0, 0, 0, 0, 0, 0, 8760, 0, 0, 0),
(1452, 762, 1, 1, 0, 0, 0, 0, 0, 0, 8760, 0, 0, 0),
(1453, 763, 1, 4, 0, 0, 1, 2, 2, 2, 8746, 1, 5, 0),
(1454, 763, 2, 1, 0, 0, 0, 0, 0, 0, 8760, 0, 3, 0),
(1455, 764, 1, 2, 0, 1, 0, 4, 3, 4, 8632, 1, 1, 0),
(1456, 765, 4, 1, 0, 0, 0, 0, 0, 0, 8760, 0, 0, 0),
(1457, 766, 1, 1, 0, 0, 0, 0, 0, 0, 8760, 0, 0, 0),
(1458, 767, 1, 1, 0, 0, 0, 0, 0, 0, 8760, 0, 0, 0),
(1459, 767, 2, 1, 0, 0, 0, 0, 0, 0, 8760, 1, 0, 0),
(1460, 768, 1, 1, 0, 0, 0, 0, 0, 0, 8760, 0, 3, 1),
(1461, 768, 3, 1, 0, 0, 0, 0, 0, 0, 8760, 0, 0, 0),
(1462, 768, 9, 1, 0, 0, 0, 0, 0, 0, 8760, 0, 0, 1),
(1463, 769, 1, 2, 0, 0, 0, 0, 0, 0, 8760, 0, 0, 0),
(1464, 770, 1, 1, 0, 0, 0, 0, 0, 0, 8760, 0, 5, 0),
(1465, 770, 2, 1, 0, 0, 4, 5, 4, 5, 8021, 0, 0, 0),
(1466, 771, 1, 1, 0, 0, 0, 0, 0, 0, 8760, 0, 0, 0),
(1467, 772, 1, 1, 0, 0, 0, 0, 0, 0, 8760, 0, 0, 0),
(1468, 773, 1, 1, 0, 0, 0, 0, 0, 0, 8760, 0, 0, 0),
(1469, 774, 1, 1, 0, 0, 0, 0, 0, 0, 8760, 0, 0, 0),
(1470, 775, 9, 1, 0, 0, 0, 0, 0, 0, 8760, 0, 0, 0),
(1471, 776, 1, 1, 0, 0, 1, 1, 1, 1, 8755, 0, 0, 0),
(1472, 776, 4, 1, 0, 0, 0, 0, 0, 0, 8760, 0, 0, 0),
(1473, 777, 1, 2, 0, 0, 8, 9, 9, 9, 8727, 0, 0, 0),
(1474, 777, 2, 1, 0, 0, 0, 1, 1, 1, 8541, 0, 0, 0),
(1475, 777, 4, 1, 0, 0, 0, 0, 0, 0, 8760, 0, 0, 0),
(1476, 778, 1, 1, 0, 0, 0, 0, 0, 0, 8760, 0, 0, 0),
(1477, 779, 1, 1, 0, 0, 0, 0, 0, 0, 8760, 0, 0, 0),
(1478, 779, 2, 1, 0, 0, 0, 0, 0, 0, 8760, 0, 0, 0),
(1479, 780, 1, 1, 0, 0, 0, 0, 0, 0, 8760, 0, 0, 0),
(1480, 781, 1, 2, 0, 0, 0, 0, 0, 0, 8760, 1, 0, 0),
(1481, 781, 2, 1, 0, 0, 0, 0, 0, 0, 8760, 0, 0, 0),
(1482, 782, 1, 2, 0, 0, 2, 2, 2, 2, 8757, 1, 4, 7),
(1483, 782, 2, 1, 0, 0, 2, 3, 2, 3, 8615, 0, 1, 0),
(1484, 783, 1, 1, 0, 0, 0, 0, 0, 0, 8760, 0, 0, 0),
(1485, 784, 1, 1, 0, 2, 0, 2, 0, 2, 8530, 0, 0, 0),
(1486, 784, 2, 1, 0, 0, 0, 0, 0, 0, 8760, 0, 0, 0),
(1487, 785, 1, 6, 1, 1, 3, 4, 3, 4, 8685, 2, 0, 2),
(1488, 785, 2, 2, 0, 1, 0, 1, 0, 1, 8512, 2, 0, 2),
(1489, 786, 1, 1, 0, 0, 0, 0, 0, 0, 8760, 0, 0, 0),
(1490, 787, 2, 1, 3, 3, 3, 3, 3, 3, 8748, 0, 0, 0),
(1491, 788, 1, 1, 0, 0, 0, 0, 0, 0, 8760, 1, 6, 0),
(1492, 789, 1, 12, 0, 0, 4, 5, 4, 5, 8720, 0, 8, 0),
(1493, 789, 2, 5, 0, 0, 0, 0, 0, 0, 8760, 1, 2, 3),
(1494, 789, 5, 1, 0, 0, 0, 0, 0, 0, 8760, 0, 0, 0),
(1495, 789, 9, 1, 0, 0, 0, 0, 0, 0, 8760, 1, 0, 0),
(1496, 790, 1, 1, 0, 0, 0, 0, 0, 0, 8760, 2, 15, 0),
(1497, 790, 2, 1, 0, 0, 4, 4, 4, 4, 8742, 5, 12, 0),
(1498, 790, 4, 1, 0, 0, 0, 0, 0, 0, 8760, 0, 0, 0),
(1499, 790, 5, 1, 0, 0, 1, 1, 1, 1, 8758, 0, 0, 0),
(1500, 790, 13, 1, 0, 0, 0, 0, 0, 0, 8760, 0, 0, 0),
(1501, 791, 1, 1, 0, 0, 0, 0, 0, 0, 8760, 0, 2, 0),
(1502, 792, 1, 4, 0, 0, 0, 0, 0, 0, 8760, 0, 4, 0),
(1503, 792, 2, 1, 0, 0, 0, 0, 0, 0, 8760, 0, 0, 0),
(1504, 793, 1, 2, 1, 1, 8, 8, 8, 8, 8747, 0, 0, 0),
(1505, 794, 1, 2, 0, 0, 0, 0, 0, 0, 8760, 0, 0, 0),
(1506, 794, 2, 1, 0, 0, 0, 0, 0, 0, 8760, 0, 0, 0),
(1507, 794, 4, 1, 2, 2, 2, 2, 2, 2, 8753, 1, 0, 1),
(1508, 794, 9, 1, 0, 0, 0, 0, 0, 0, 8760, 0, 0, 0),
(1509, 795, 1, 1, 0, 0, 1, 1, 1, 1, 8756, 0, 2, 0),
(1510, 796, 1, 1, 0, 0, 0, 0, 0, 0, 8760, 0, 0, 0),
(1511, 797, 1, 2, 0, 0, 0, 1, 1, 1, 8745, 0, 2, 0),
(1512, 797, 2, 1, 0, 0, 0, 0, 0, 0, 8760, 1, 0, 0),
(1513, 797, 3, 1, 0, 0, 0, 0, 0, 0, 8760, 0, 0, 0),
(1514, 797, 5, 1, 0, 0, 0, 0, 0, 0, 8760, 0, 0, 0),
(1515, 798, 1, 1, 0, 0, 0, 0, 0, 0, 8760, 0, 0, 0),
(1516, 799, 1, 3, 0, 0, 2, 5, 2, 5, 8602, 0, 0, 0),
(1517, 799, 2, 1, 0, 0, 0, 1, 0, 1, 8400, 0, 0, 0),
(1518, 800, 1, 2, 0, 0, 7, 11, 8, 11, 8641, 0, 0, 0),
(1519, 801, 1, 7, 0, 1, 21, 26, 21, 26, 8671, 2, 30, 17),
(1520, 801, 2, 2, 0, 0, 9, 16, 10, 16, 7982, 1, 0, 9),
(1521, 801, 4, 1, 0, 0, 0, 0, 0, 0, 8760, 2, 0, 1),
(1522, 802, 1, 1, 0, 0, 0, 0, 0, 0, 8760, 0, 0, 0),
(1523, 802, 2, 1, 0, 0, 0, 0, 0, 0, 8760, 0, 0, 0),
(1524, 803, 1, 1, 0, 0, 0, 0, 0, 0, 8760, 0, 0, 0),
(1525, 804, 1, 2, 1, 1, 1, 1, 1, 1, 8753, 1, 1, 0),
(1526, 804, 2, 1, 0, 0, 0, 0, 0, 0, 8760, 1, 0, 1),
(1527, 804, 3, 1, 0, 0, 0, 0, 0, 0, 8760, 1, 1, 0),
(1528, 805, 1, 4, 0, 0, 2, 2, 2, 2, 8751, 1, 6, 0),
(1529, 805, 2, 2, 0, 0, 3, 3, 3, 3, 8751, 0, 0, 0),
(1530, 805, 3, 1, 0, 0, 0, 0, 0, 0, 8760, 0, 0, 0),
(1531, 805, 4, 2, 0, 0, 0, 0, 0, 0, 8760, 0, 0, 1),
(1532, 806, 4, 1, 0, 0, 0, 0, 0, 0, 8760, 0, 0, 0),
(1533, 807, 1, 1, 0, 0, 1, 2, 1, 2, 7622, 1, 1, 1),
(1534, 807, 2, 1, 0, 0, 0, 1, 0, 1, 8494, 0, 1, 1),
(1535, 808, 1, 1, 0, 0, 2, 2, 2, 2, 8749, 1, 6, 5),
(1536, 808, 2, 1, 0, 0, 0, 1, 0, 1, 8037, 0, 3, 3),
(1537, 808, 4, 1, 0, 0, 0, 0, 0, 0, 8760, 0, 0, 0),
(1538, 809, 1, 1, 0, 0, 0, 0, 0, 0, 8760, 0, 0, 0),
(1539, 809, 2, 1, 0, 0, 0, 0, 0, 0, 8760, 1, 0, 0),
(1540, 810, 1, 2, 0, 0, 0, 0, 0, 0, 8760, 0, 0, 0),
(1541, 810, 5, 1, 0, 0, 0, 0, 0, 0, 8760, 0, 0, 0),
(1542, 811, 1, 1, 0, 0, 0, 0, 0, 0, 8760, 0, 0, 0),
(1543, 811, 4, 1, 0, 0, 0, 0, 0, 0, 8760, 0, 0, 0),
(1544, 812, 1, 1, 2, 3, 4, 5, 4, 5, 8627, 0, 4, 4),
(1545, 812, 2, 1, 0, 0, 0, 0, 0, 0, 8760, 0, 0, 0),
(1546, 812, 3, 1, 0, 0, 0, 0, 0, 0, 8760, 2, 0, 2),
(1547, 812, 9, 1, 0, 1, 0, 1, 0, 1, 8678, 2, 0, 0),
(1548, 813, 1, 2, 0, 0, 1, 1, 1, 1, 8755, 0, 0, 0),
(1549, 813, 2, 1, 0, 0, 1, 1, 1, 1, 8757, 0, 0, 0),
(1550, 813, 4, 1, 0, 0, 2, 2, 2, 2, 8747, 0, 0, 0),
(1551, 814, 1, 1, 0, 0, 0, 0, 0, 0, 8760, 0, 0, 0),
(1552, 815, 1, 2, 1, 1, 1, 1, 1, 1, 8757, 1, 0, 0),
(1553, 815, 4, 1, 0, 0, 0, 0, 0, 0, 8760, 2, 0, 2),
(1554, 816, 1, 1, 0, 0, 0, 0, 0, 0, 8760, 0, 0, 0),
(1555, 817, 1, 2, 0, 0, 0, 0, 0, 0, 8760, 0, 3, 0),
(1556, 817, 2, 1, 0, 0, 0, 0, 0, 0, 8760, 0, 0, 0),
(1557, 818, 9, 1, 1, 1, 1, 1, 1, 1, 8759, 1, 0, 2),
(1558, 819, 1, 1, 0, 0, 0, 0, 0, 0, 8760, 0, 0, 0),
(1559, 819, 4, 1, 0, 0, 0, 0, 0, 0, 8760, 0, 0, 0),
(1560, 820, 1, 1, 0, 0, 0, 0, 0, 0, 8760, 0, 2, 2),
(1561, 821, 1, 1, 0, 0, 0, 0, 0, 0, 8760, 1, 4, 0),
(1562, 822, 1, 3, 0, 0, 0, 0, 0, 0, 8760, 0, 8, 0),
(1563, 823, 1, 3, 0, 0, 0, 0, 0, 0, 8760, 0, 8, 0),
(1564, 823, 2, 1, 0, 0, 0, 0, 0, 0, 8760, 0, 0, 0),
(1565, 824, 1, 2, 0, 0, 0, 0, 0, 0, 8760, 1, 8, 0),
(1566, 824, 2, 1, 0, 0, 0, 0, 0, 0, 8760, 0, 0, 0),
(1567, 825, 1, 1, 0, 0, 0, 0, 0, 0, 8760, 1, 0, 0),
(1568, 826, 1, 2, 1, 1, 2, 2, 2, 2, 8756, 1, 4, 0),
(1569, 826, 3, 1, 0, 0, 0, 0, 0, 0, 8760, 1, 0, 0),
(1570, 827, 1, 11, 15, 16, 15, 16, 15, 16, 8690, 25, 5, 4),
(1571, 827, 2, 2, 0, 0, 0, 0, 0, 0, 8760, 7, 0, 0),
(1572, 827, 3, 1, 0, 0, 0, 0, 0, 0, 8760, 8, 0, 0),
(1573, 827, 5, 3, 0, 0, 0, 0, 0, 0, 8760, 8, 3, 0),
(1574, 827, 9, 3, 0, 1, 0, 1, 0, 1, 8587, 10, 7, 0),
(1575, 827, 7, 2, 1, 2, 1, 2, 1, 2, 7891, 8, 0, 0),
(1576, 828, 1, 2, 0, 0, 5, 5, 5, 5, 8747, 0, 6, 6),
(1577, 828, 2, 1, 0, 0, 0, 0, 0, 0, 8760, 0, 0, 0),
(1578, 828, 5, 1, 0, 0, 0, 0, 0, 0, 8760, 0, 0, 0),
(1579, 829, 1, 2, 1, 1, 1, 1, 1, 1, 8757, 0, 6, 0),
(1580, 830, 3, 1, 0, 0, 1, 1, 1, 1, 8758, 0, 0, 0),
(1581, 831, 1, 2, 5, 6, 5, 6, 5, 6, 8478, 1, 2, 2),
(1582, 831, 2, 1, 1, 1, 1, 1, 1, 1, 8756, 1, 4, 3),
(1583, 832, 1, 2, 0, 0, 0, 0, 0, 0, 8760, 0, 0, 1),
(1584, 833, 1, 4, 12, 13, 23, 25, 25, 25, 8662, 1, 9, 0),
(1585, 833, 2, 1, 0, 0, 1, 1, 1, 1, 8758, 1, 10, 0),
(1586, 833, 9, 1, 0, 0, 0, 0, 0, 0, 8760, 2, 1, 3),
(1587, 833, 7, 1, 0, 0, 0, 0, 0, 0, 8760, 1, 9, 0),
(1588, 833, 10, 1, 0, 0, 0, 0, 0, 0, 8760, 1, 3, 0),
(1589, 834, 1, 1, 0, 0, 0, 0, 0, 0, 8760, 0, 0, 0),
(1590, 1098, 1, 1, 0, 0, 0, 0, 0, 0, 8760, 0, 1, 0),
(1591, 1098, 2, 1, 0, 0, 0, 0, 0, 0, 8760, 0, 0, 0),
(1592, 1098, 3, 1, 0, 0, 0, 0, 0, 0, 8760, 0, 0, 0),
(1593, 1099, 1, 1, 0, 0, 0, 0, 0, 0, 8760, 0, 0, 0),
(1594, 1100, 1, 2, 0, 0, 0, 0, 0, 0, 8760, 0, 7, 0),
(1595, 1100, 2, 1, 0, 0, 0, 0, 0, 0, 8760, 0, 3, 0),
(1596, 1100, 3, 1, 0, 0, 0, 0, 0, 0, 8760, 0, 0, 0),
(1597, 1104, 1, 1, 0, 0, 0, 3, 0, 3, 8135, 0, 0, 1),
(1598, 1105, 1, 2, 0, 0, 4, 6, 4, 6, 8444, 0, 3, 0),
(1599, 1105, 2, 1, 0, 0, 1, 2, 1, 2, 8662, 0, 9, 1),
(1600, 1105, 4, 1, 0, 0, 0, 0, 0, 0, 8760, 0, 0, 0),
(1601, 1106, 1, 1, 0, 0, 0, 0, 0, 0, 8760, 0, 1, 1),
(1602, 1107, 1, 2, 3, 5, 4, 6, 5, 6, 8439, 0, 0, 0),
(1603, 1107, 2, 1, 1, 2, 1, 2, 2, 2, 8651, 0, 0, 0),
(1604, 1108, 3, 1, 0, 0, 0, 0, 0, 0, 8760, 0, 0, 0),
(1605, 1109, 1, 3, 2, 7, 3, 8, 4, 8, 7653, 0, 0, 0),
(1606, 1109, 2, 1, 0, 1, 1, 3, 0, 3, 7583, 1, 0, 1),
(1607, 1109, 3, 1, 0, 0, 0, 0, 0, 0, 8760, 0, 0, 0),
(1608, 1110, 1, 2, 4, 5, 9, 10, 10, 10, 8497, 1, 4, 0),
(1609, 1110, 2, 1, 0, 0, 1, 2, 1, 2, 8655, 0, 0, 0),
(1610, 1110, 4, 1, 0, 0, 0, 0, 0, 0, 8760, 0, 0, 0),
(1611, 1111, 1, 3, 0, 0, 1, 1, 1, 1, 8754, 0, 9, 0),
(1612, 1121, 1, 3, 0, 0, 0, 0, 0, 0, 8760, 3, 6, 0),
(1613, 1121, 2, 1, 0, 0, 5, 8, 5, 8, 8336, 2, 0, 0),
(1614, 1121, 4, 1, 0, 0, 0, 0, 0, 0, 8760, 2, 0, 0),
(1615, 1119, 1, 1, 0, 0, 0, 0, 0, 0, 8760, 0, 1, 0),
(1616, 1120, 1, 2, 0, 0, 2, 4, 4, 4, 8735, 1, 2, 1),
(1617, 1120, 2, 1, 1, 1, 3, 3, 3, 3, 8744, 2, 4, 0),
(1618, 1120, 3, 1, 0, 0, 0, 0, 0, 0, 8760, 0, 0, 1),
(1619, 1124, 1, 1, 0, 0, 0, 0, 0, 0, 8760, 0, 0, 0),
(1620, 1127, 1, 1, 0, 0, 0, 0, 0, 0, 8760, 0, 0, 0),
(1621, 1128, 1, 1, 0, 0, 0, 0, 0, 0, 8760, 0, 1, 0),
(1622, 1130, 1, 9, 7, 7, 7, 7, 7, 7, 8751, 2, 24, 3),
(1623, 1130, 2, 3, 1, 1, 1, 1, 1, 1, 8758, 1, 0, 0),
(1624, 1130, 4, 2, 0, 0, 0, 0, 0, 0, 8760, 0, 0, 0),
(1625, 1130, 9, 1, 0, 0, 0, 0, 0, 0, 8760, 1, 0, 0),
(1626, 1132, 1, 1, 0, 0, 0, 0, 0, 0, 8760, 0, 0, 0),
(1627, 1133, 1, 2, 1, 1, 1, 1, 1, 1, 8758, 2, 3, 0),
(1628, 1135, 1, 1, 0, 0, 1, 1, 1, 1, 8754, 0, 0, 0),
(1629, 1137, 1, 9, 0, 0, 0, 0, 0, 0, 8760, 0, 15, 8),
(1630, 1137, 9, 1, 0, 0, 0, 0, 0, 0, 8760, 6, 3, 5),
(1631, 1138, 1, 4, 7, 8, 9, 15, 10, 15, 8384, 4, 11, 0),
(1632, 1138, 2, 1, 3, 5, 3, 5, 3, 5, 8353, 2, 0, 0),
(1633, 1138, 9, 1, 0, 0, 0, 0, 0, 0, 8760, 3, 0, 0),
(1634, 1138, 10, 1, 1, 1, 1, 1, 1, 1, 8752, 3, 0, 0),
(1635, 1139, 1, 1, 0, 0, 0, 0, 0, 0, 8760, 0, 0, 0),
(1636, 1139, 2, 1, 0, 0, 0, 0, 0, 0, 8760, 0, 0, 0),
(1637, 1139, 4, 1, 0, 0, 0, 0, 0, 0, 8760, 2, 0, 1),
(1638, 1140, 1, 2, 0, 0, 0, 0, 0, 0, 8760, 0, 0, 6),
(1639, 1140, 2, 1, 0, 0, 0, 0, 0, 0, 8760, 0, 0, 5),
(1640, 1140, 3, 1, 0, 0, 1, 1, 1, 1, 8754, 0, 0, 0),
(1641, 1141, 1, 1, 0, 0, 0, 0, 0, 0, 8760, 0, 2, 0),
(1642, 1142, 1, 4, 1, 4, 6, 11, 6, 11, 7814, 7, 12, 0),
(1643, 1142, 2, 2, 1, 2, 2, 4, 2, 4, 8407, 4, 4, 1),
(1644, 1142, 4, 2, 0, 0, 0, 0, 0, 0, 8760, 4, 4, 1),
(1645, 1142, 9, 1, 0, 1, 0, 1, 0, 1, 8619, 0, 1, 2),
(1646, 1142, 7, 1, 2, 4, 2, 4, 2, 4, 8038, 0, 2, 0),
(1647, 1144, 1, 2, 0, 0, 0, 3, 0, 3, 8248, 1, 13, 6),
(1648, 1144, 2, 1, 0, 0, 3, 4, 3, 4, 8609, 2, 16, 5),
(1649, 1144, 3, 1, 0, 0, 0, 0, 0, 0, 8760, 3, 0, 0),
(1650, 1144, 4, 1, 0, 0, 0, 0, 0, 0, 8760, 3, 0, 0),
(1651, 1144, 9, 1, 0, 0, 0, 0, 0, 0, 8760, 3, 1, 1),
(1652, 1148, 1, 4, 10, 12, 49, 55, 52, 55, 8630, 1, 8, 8),
(1653, 1148, 2, 1, 0, 0, 1, 1, 1, 1, 8753, 0, 0, 1),
(1654, 1149, 1, 1, 0, 0, 0, 0, 0, 0, 8760, 0, 2, 0),
(1655, 1149, 2, 1, 0, 0, 0, 0, 0, 0, 8760, 0, 0, 0),
(1656, 1150, 2, 1, 0, 0, 0, 0, 0, 0, 8760, 0, 0, 0),
(1657, 1151, 1, 1, 0, 0, 0, 0, 0, 0, 8760, 0, 3, 0),
(1658, 1152, 1, 1, 0, 0, 2, 2, 2, 2, 8753, 0, 5, 2),
(1659, 1152, 2, 1, 0, 0, 0, 0, 0, 0, 8760, 0, 4, 1),
(1660, 1152, 4, 1, 0, 0, 0, 0, 0, 0, 8760, 1, 0, 1),
(1661, 1153, 1, 3, 2, 5, 13, 22, 16, 22, 7759, 0, 12, 5),
(1662, 1153, 4, 1, 0, 0, 1, 1, 1, 1, 8759, 1, 0, 2),
(1663, 1156, 1, 1, 0, 0, 1, 1, 1, 1, 8757, 1, 4, 0),
(1664, 1156, 2, 1, 0, 0, 1, 1, 1, 1, 8755, 1, 3, 1),
(1665, 1161, 1, 1, 0, 1, 1, 2, 1, 2, 8706, 0, 6, 0),
(1666, 1161, 2, 1, 0, 0, 0, 0, 0, 0, 8760, 0, 0, 0),
(1667, 1161, 4, 1, 0, 0, 0, 0, 0, 0, 8760, 0, 0, 0),
(1668, 1162, 1, 1, 0, 0, 0, 0, 0, 0, 8760, 0, 0, 0),
(1669, 1168, 1, 2, 0, 0, 0, 0, 0, 0, 8760, 0, 0, 0),
(1670, 1168, 2, 1, 0, 0, 0, 0, 0, 0, 8760, 0, 0, 0),
(1671, 1168, 4, 1, 0, 0, 0, 0, 0, 0, 8760, 0, 0, 0),
(1672, 1170, 1, 4, 0, 0, 0, 0, 0, 0, 8760, 2, 19, 0),
(1673, 1170, 2, 2, 0, 0, 0, 1, 0, 1, 8659, 2, 1, 0),
(1674, 1170, 4, 1, 0, 0, 0, 0, 0, 0, 8760, 1, 0, 0),
(1675, 1171, 1, 3, 3, 3, 3, 3, 3, 3, 8748, 0, 6, 0),
(1676, 1171, 4, 1, 0, 0, 0, 0, 0, 0, 8760, 0, 0, 0),
(1677, 1171, 9, 1, 0, 0, 0, 0, 0, 0, 8760, 0, 0, 0),
(1678, 1172, 1, 2, 0, 0, 0, 0, 0, 0, 8760, 0, 3, 0),
(1679, 1172, 2, 1, 0, 0, 0, 0, 0, 0, 8760, 1, 0, 1),
(1680, 1172, 4, 1, 0, 0, 0, 0, 0, 0, 8760, 0, 0, 0),
(1681, 1174, 1, 1, 0, 0, 0, 0, 0, 0, 8760, 0, 0, 0),
(1682, 1174, 3, 1, 0, 0, 0, 0, 0, 0, 8760, 1, 0, 0),
(1683, 1175, 1, 1, 0, 0, 0, 0, 0, 0, 8760, 1, 3, 0),
(1684, 1177, 1, 1, 0, 0, 1, 2, 1, 2, 8367, 0, 0, 0),
(1685, 1178, 2, 1, 0, 0, 0, 0, 0, 0, 8760, 0, 0, 0),
(1686, 1180, 1, 2, 0, 0, 0, 0, 0, 0, 8760, 0, 0, 0),
(1687, 1182, 1, 3, 4, 7, 22, 29, 26, 29, 7803, 0, 6, 16),
(1688, 1182, 2, 1, 0, 0, 2, 2, 2, 2, 8749, 0, 0, 17),
(1689, 1182, 3, 1, 0, 0, 0, 0, 0, 0, 8760, 3, 0, 0),
(1690, 1182, 7, 1, 0, 0, 0, 0, 0, 0, 8760, 2, 6, 0),
(1691, 1185, 1, 2, 0, 0, 0, 0, 0, 0, 8760, 2, 0, 0),
(1692, 1186, 1, 3, 4, 4, 4, 4, 4, 4, 8744, 1, 0, 0),
(1693, 1186, 2, 1, 0, 0, 0, 0, 0, 0, 8760, 0, 0, 0),
(1694, 1187, 1, 2, 0, 0, 0, 0, 0, 0, 8760, 0, 0, 0),
(1695, 1187, 2, 1, 0, 0, 0, 0, 0, 0, 8760, 1, 5, 0),
(1696, 1187, 4, 1, 0, 0, 0, 0, 0, 0, 8760, 0, 0, 0),
(1697, 1191, 1, 1, 0, 0, 1, 3, 1, 3, 8557, 1, 0, 0),
(1698, 1192, 1, 1, 4, 4, 4, 4, 4, 4, 8741, 1, 5, 1),
(1699, 1192, 2, 1, 2, 2, 2, 2, 2, 2, 8747, 0, 0, 0),
(1700, 1192, 3, 1, 0, 0, 0, 0, 0, 0, 8760, 0, 0, 0),
(1701, 1194, 1, 2, 3, 3, 4, 4, 4, 4, 8755, 1, 4, 0),
(1702, 1196, 1, 2, 0, 0, 0, 1, 1, 1, 8493, 0, 0, 0),
(1703, 1196, 2, 1, 0, 0, 0, 0, 0, 0, 8760, 0, 0, 0),
(1704, 1196, 3, 1, 0, 0, 0, 0, 0, 0, 8760, 0, 0, 0),
(1705, 1196, 5, 1, 0, 0, 0, 0, 0, 0, 8760, 1, 0, 0),
(1706, 1196, 9, 1, 0, 0, 0, 0, 0, 0, 8760, 1, 0, 0),
(1707, 1197, 1, 1, 0, 0, 0, 0, 0, 0, 8760, 0, 2, 0),
(1708, 1204, 3, 1, 0, 0, 0, 0, 0, 0, 8760, 0, 0, 0),
(1709, 1211, 1, 1, 0, 0, 0, 0, 0, 0, 8760, 0, 0, 2),
(1710, 1211, 9, 1, 1, 1, 1, 1, 1, 1, 8756, 0, 0, 0),
(1711, 1212, 1, 1, 0, 0, 0, 0, 0, 0, 8760, 0, 0, 0),
(1712, 1216, 1, 5, 5, 10, 5, 12, 10, 12, 8368, 0, 7, 1),
(1713, 1216, 2, 1, 0, 0, 0, 0, 0, 0, 8760, 0, 0, 0),
(1714, 1216, 5, 1, 0, 0, 0, 0, 0, 0, 8760, 1, 0, 0),
(1715, 1216, 9, 1, 0, 0, 0, 0, 0, 0, 8760, 1, 2, 0),
(1716, 1216, 10, 1, 0, 0, 0, 0, 0, 0, 8760, 0, 0, 0),
(1717, 1217, 1, 5, 3, 3, 3, 3, 3, 3, 8746, 0, 0, 5),
(1718, 1217, 2, 1, 0, 0, 0, 0, 0, 0, 8760, 0, 0, 0),
(1719, 1218, 1, 2, 2, 3, 2, 3, 2, 3, 8727, 0, 0, 0),
(1720, 1221, 1, 3, 7, 11, 11, 17, 11, 17, 8456, 1, 3, 0),
(1721, 1224, 1, 1, 0, 0, 0, 0, 0, 0, 8760, 0, 0, 0),
(1722, 1224, 2, 1, 0, 0, 0, 0, 0, 0, 8760, 0, 1, 0),
(1723, 1226, 1, 1, 0, 0, 3, 3, 3, 3, 8736, 1, 2, 2),
(1724, 1226, 2, 1, 0, 0, 0, 0, 0, 0, 8760, 1, 1, 2),
(1725, 1227, 1, 3, 2, 5, 6, 10, 9, 10, 7989, 4, 2, 0),
(1726, 1228, 2, 1, 0, 0, 0, 0, 0, 0, 8760, 0, 0, 0),
(1727, 1232, 1, 2, 2, 2, 8, 13, 12, 13, 8482, 1, 0, 0),
(1728, 1232, 2, 1, 0, 0, 0, 2, 1, 2, 8442, 0, 0, 0),
(1729, 1232, 5, 1, 0, 0, 0, 0, 0, 0, 8760, 0, 0, 0),
(1730, 1232, 9, 1, 0, 0, 0, 0, 0, 0, 8760, 0, 0, 0),
(1731, 1232, 7, 1, 1, 1, 1, 1, 1, 1, 8754, 0, 0, 0),
(1732, 1235, 1, 2, 0, 0, 0, 0, 0, 0, 8760, 1, 7, 0),
(1733, 1235, 2, 1, 0, 0, 0, 0, 0, 0, 8760, 0, 0, 0),
(1734, 1235, 4, 1, 0, 0, 0, 0, 0, 0, 8760, 0, 0, 0),
(1735, 1235, 9, 1, 0, 0, 0, 0, 0, 0, 8760, 0, 0, 0),
(1736, 1237, 2, 1, 0, 0, 0, 0, 0, 0, 8760, 0, 4, 5),
(1737, 1241, 1, 3, 0, 0, 1, 3, 1, 3, 6469, 3, 1, 3),
(1738, 1241, 2, 3, 0, 0, 2, 3, 2, 3, 8559, 1, 7, 7),
(1739, 1241, 3, 1, 2, 2, 2, 2, 2, 2, 8756, 0, 0, 0),
(1740, 1241, 9, 2, 0, 0, 0, 4, 0, 4, 6685, 4, 0, 1),
(1741, 1243, 1, 3, 0, 1, 0, 1, 0, 1, 8541, 0, 8, 8),
(1742, 1243, 2, 1, 0, 0, 0, 0, 0, 0, 8760, 0, 0, 0),
(1743, 1243, 4, 1, 0, 0, 0, 0, 0, 0, 8760, 0, 0, 1),
(1744, 1243, 5, 1, 0, 0, 0, 0, 0, 0, 8760, 0, 0, 0),
(1745, 1243, 9, 1, 0, 0, 0, 0, 0, 0, 8760, 0, 0, 1),
(1746, 1243, 7, 1, 1, 1, 1, 1, 1, 1, 8758, 0, 3, 0),
(1747, 1243, 10, 1, 0, 0, 0, 0, 0, 0, 8760, 0, 0, 0),
(1748, 1248, 1, 1, 0, 0, 0, 0, 0, 0, 8760, 0, 1, 1),
(1749, 1253, 1, 1, 0, 0, 0, 0, 0, 0, 8760, 0, 0, 0),
(1750, 1253, 2, 1, 0, 0, 0, 0, 0, 0, 8760, 0, 0, 0),
(1751, 1254, 1, 2, 3, 3, 4, 4, 4, 4, 8749, 2, 6, 0),
(1752, 1255, 1, 1, 0, 0, 0, 0, 0, 0, 8760, 1, 3, 4),
(1753, 1256, 1, 7, 0, 1, 0, 1, 0, 1, 8739, 0, 16, 1),
(1754, 1256, 2, 3, 1, 1, 1, 1, 1, 1, 8756, 3, 0, 0),
(1755, 1256, 4, 3, 0, 0, 0, 0, 0, 0, 8760, 3, 0, 0),
(1756, 1256, 9, 2, 0, 0, 1, 1, 1, 1, 8757, 3, 0, 2),
(1757, 1259, 1, 1, 0, 0, 2, 5, 2, 5, 7685, 0, 5, 7),
(1758, 1260, 1, 1, 0, 0, 0, 0, 0, 0, 8760, 0, 2, 0),
(1759, 1260, 2, 1, 0, 0, 0, 0, 0, 0, 8760, 0, 2, 0),
(1760, 1261, 1, 1, 1, 1, 1, 1, 1, 1, 8755, 0, 7, 2),
(1761, 1261, 2, 1, 0, 0, 0, 0, 0, 0, 8760, 1, 4, 4),
(1762, 1261, 4, 1, 0, 0, 0, 0, 0, 0, 8760, 0, 0, 1),
(1763, 1262, 2, 1, 0, 0, 0, 0, 0, 0, 8760, 0, 5, 2),
(1764, 1263, 2, 1, 0, 0, 0, 0, 0, 0, 8760, 2, 0, 1),
(1765, 1264, 1, 2, 1, 2, 7, 8, 7, 8, 8532, 1, 6, 0),
(1766, 1268, 1, 1, 2, 5, 3, 9, 6, 9, 8467, 2, 3, 9),
(1767, 1272, 1, 1, 0, 0, 0, 0, 0, 0, 8760, 1, 1, 0),
(1768, 1272, 2, 1, 0, 0, 0, 0, 0, 0, 8760, 0, 0, 0),
(1769, 1274, 1, 1, 0, 0, 0, 0, 0, 0, 8760, 1, 4, 0),
(1770, 1274, 2, 1, 0, 0, 0, 0, 0, 0, 8760, 2, 0, 0),
(1771, 1274, 3, 1, 0, 0, 0, 0, 0, 0, 8760, 0, 0, 0),
(1772, 1274, 9, 1, 0, 0, 0, 0, 0, 0, 8760, 1, 0, 0),
(1773, 1275, 1, 1, 0, 0, 0, 0, 0, 0, 8760, 0, 0, 0),
(1774, 1275, 5, 1, 0, 0, 0, 0, 0, 0, 8760, 0, 0, 0),
(1775, 1277, 1, 4, 3, 5, 6, 15, 10, 15, 8203, 0, 6, 0),
(1776, 1277, 2, 1, 0, 0, 4, 6, 5, 6, 8420, 2, 2, 0),
(1777, 1278, 1, 2, 0, 1, 0, 4, 0, 4, 7971, 1, 0, 0),
(1778, 1284, 1, 1, 0, 1, 3, 4, 3, 4, 8318, 1, 3, 0),
(1779, 1284, 2, 1, 1, 3, 2, 5, 3, 5, 8066, 1, 1, 0),
(1780, 1284, 3, 1, 1, 1, 1, 1, 1, 1, 8758, 1, 0, 0),
(1781, 1284, 5, 1, 0, 0, 0, 0, 0, 0, 8760, 1, 0, 0),
(1782, 1284, 9, 1, 0, 0, 0, 0, 0, 0, 8760, 1, 0, 0),
(1783, 1285, 1, 1, 1, 2, 1, 2, 1, 2, 7465, 0, 4, 5),
(1784, 1285, 2, 1, 3, 5, 3, 5, 3, 5, 8540, 0, 0, 1),
(1785, 1287, 1, 1, 0, 0, 0, 0, 0, 0, 8760, 0, 0, 0),
(1786, 1288, 1, 1, 0, 0, 0, 0, 0, 0, 8760, 0, 4, 5),
(1787, 1289, 1, 1, 0, 0, 0, 0, 0, 0, 8760, 1, 2, 0),
(1788, 1293, 1, 1, 0, 1, 0, 1, 0, 1, 8569, 0, 4, 6),
(1789, 1295, 1, 1, 0, 0, 0, 0, 0, 0, 8760, 1, 5, 0),
(1790, 1295, 3, 1, 0, 0, 0, 0, 0, 0, 8760, 3, 0, 0),
(1791, 1296, 1, 2, 0, 0, 0, 0, 0, 0, 8760, 0, 6, 0),
(1792, 1296, 2, 1, 0, 0, 0, 0, 0, 0, 8760, 0, 0, 0),
(1793, 1297, 1, 1, 4, 6, 4, 6, 5, 6, 8171, 1, 0, 0),
(1794, 1300, 3, 1, 0, 0, 0, 0, 0, 0, 8760, 0, 0, 0),
(1795, 1301, 1, 1, 0, 0, 0, 0, 0, 0, 8760, 2, 8, 0),
(1796, 1301, 2, 1, 0, 0, 0, 0, 0, 0, 8760, 0, 0, 0),
(1797, 1301, 4, 1, 0, 0, 0, 0, 0, 0, 8760, 0, 0, 0),
(1798, 1301, 9, 1, 0, 0, 0, 0, 0, 0, 8760, 2, 0, 2),
(1799, 1303, 1, 1, 1, 1, 1, 1, 1, 1, 8758, 0, 12, 12),
(1800, 1303, 4, 1, 0, 0, 0, 0, 0, 0, 8760, 0, 0, 0),
(1801, 1305, 1, 3, 4, 6, 4, 6, 6, 6, 8731, 3, 6, 4),
(1802, 1305, 2, 1, 0, 0, 2, 5, 2, 5, 7723, 3, 6, 3),
(1803, 1305, 4, 1, 0, 0, 1, 2, 1, 2, 8394, 2, 0, 1),
(1804, 1306, 1, 1, 0, 0, 3, 3, 3, 3, 8749, 0, 4, 0),
(1805, 1306, 2, 1, 0, 0, 0, 0, 0, 0, 8760, 0, 0, 0),
(1806, 1306, 3, 1, 0, 0, 0, 0, 0, 0, 8760, 0, 0, 0),
(1807, 1308, 1, 1, 0, 0, 0, 0, 0, 0, 8760, 0, 0, 0),
(1808, 1308, 2, 1, 0, 0, 0, 0, 0, 0, 8760, 0, 0, 0),
(1809, 1311, 1, 1, 2, 2, 2, 2, 2, 2, 8751, 0, 6, 7),
(1810, 1312, 1, 1, 0, 0, 0, 0, 0, 0, 8760, 0, 0, 0),
(1811, 1314, 1, 1, 0, 0, 4, 6, 5, 6, 8552, 0, 1, 0),
(1812, 1315, 3, 1, 0, 0, 0, 0, 0, 0, 8760, 0, 0, 0),
(1813, 1322, 1, 3, 0, 1, 0, 1, 0, 1, 7989, 0, 2, 2),
(1814, 1322, 2, 1, 0, 0, 0, 0, 0, 0, 8760, 0, 0, 0),
(1815, 1323, 1, 1, 2, 4, 3, 5, 3, 5, 8285, 1, 0, 0),
(1816, 1323, 2, 1, 0, 0, 0, 0, 0, 0, 8760, 0, 0, 0),
(1817, 1324, 1, 1, 0, 0, 1, 1, 1, 1, 8758, 0, 0, 0),
(1818, 1325, 1, 9, 6, 11, 12, 23, 12, 23, 8347, 2, 34, 1),
(1819, 1325, 2, 7, 3, 7, 8, 17, 8, 17, 8456, 3, 3, 0),
(1820, 1325, 3, 2, 1, 4, 1, 4, 1, 4, 8242, 0, 0, 0),
(1821, 1325, 9, 2, 0, 1, 0, 2, 0, 2, 8251, 3, 0, 0),
(1822, 1326, 1, 1, 0, 0, 0, 0, 0, 0, 8760, 0, 0, 0),
(1823, 1327, 1, 1, 1, 1, 1, 1, 1, 1, 8756, 0, 4, 0),
(1824, 1331, 1, 1, 0, 0, 0, 0, 0, 0, 8760, 0, 0, 0),
(1825, 1332, 1, 2, 4, 6, 9, 11, 8, 11, 8723, 1, 5, 0),
(1826, 1332, 2, 1, 0, 0, 0, 0, 0, 0, 8760, 0, 0, 0),
(1827, 1332, 3, 1, 0, 0, 0, 0, 0, 0, 8760, 2, 0, 1),
(1828, 1333, 1, 1, 0, 0, 12, 15, 12, 15, 8367, 1, 16, 6),
(1829, 1333, 5, 1, 0, 0, 0, 1, 1, 1, 8034, 3, 9, 1),
(1830, 1333, 9, 1, 0, 0, 0, 0, 0, 0, 8760, 4, 1, 1),
(1831, 1336, 1, 1, 2, 4, 2, 4, 2, 4, 7445, 0, 0, 1),
(1832, 1336, 9, 1, 0, 0, 0, 0, 0, 0, 8760, 0, 0, 0),
(1833, 1337, 1, 2, 1, 1, 1, 2, 2, 2, 8738, 2, 4, 1),
(1834, 1337, 2, 1, 0, 0, 0, 0, 0, 0, 8760, 0, 0, 0),
(1835, 1337, 4, 1, 0, 0, 0, 0, 0, 0, 8760, 0, 0, 0),
(1836, 1347, 1, 1, 1, 1, 1, 1, 1, 1, 8757, 0, 0, 1),
(1837, 1347, 4, 1, 0, 0, 0, 0, 0, 0, 8760, 0, 0, 0),
(1838, 1347, 9, 1, 0, 0, 0, 0, 0, 0, 8760, 0, 0, 0),
(1839, 1348, 1, 2, 0, 0, 0, 0, 0, 0, 8760, 0, 1, 2),
(1840, 1348, 9, 1, 0, 0, 0, 0, 0, 0, 8760, 0, 1, 0),
(1841, 1348, 7, 1, 1, 2, 1, 2, 1, 2, 8588, 0, 0, 0),
(1842, 1348, 12, 1, 0, 0, 0, 0, 0, 0, 8760, 0, 0, 0),
(1843, 1348, 10, 1, 0, 1, 0, 1, 1, 1, 8746, 0, 0, 0),
(1844, 1349, 1, 1, 0, 0, 0, 0, 0, 0, 8760, 0, 0, 0),
(1845, 1350, 1, 9, 7, 11, 7, 11, 7, 11, 8565, 0, 0, 0),
(1846, 1350, 2, 2, 1, 2, 1, 2, 1, 2, 8703, 2, 1, 1),
(1847, 1350, 7, 2, 3, 3, 3, 3, 3, 3, 8756, 2, 3, 0),
(1848, 1351, 2, 1, 0, 0, 0, 0, 0, 0, 8760, 0, 0, 0),
(1849, 1352, 1, 3, 0, 0, 0, 0, 0, 0, 8760, 0, 3, 5),
(1850, 1353, 1, 1, 0, 0, 0, 0, 0, 0, 8760, 0, 0, 2),
(1851, 1353, 2, 1, 0, 0, 0, 0, 0, 0, 8760, 0, 0, 2),
(1852, 1354, 1, 1, 5, 5, 5, 5, 5, 5, 8738, 2, 3, 0),
(1853, 1354, 2, 1, 0, 0, 0, 0, 0, 0, 8760, 1, 3, 0),
(1854, 1356, 1, 4, 3, 4, 3, 4, 3, 4, 8378, 2, 9, 4),
(1855, 1356, 2, 1, 0, 0, 0, 0, 0, 0, 8760, 1, 7, 0),
(1856, 1356, 4, 1, 0, 0, 0, 0, 0, 0, 8760, 0, 0, 0),
(1857, 1356, 13, 1, 0, 0, 0, 0, 0, 0, 8760, 0, 0, 0),
(1858, 1357, 1, 1, 0, 0, 0, 0, 0, 0, 8760, 0, 0, 0),
(1859, 1357, 3, 1, 0, 0, 0, 0, 0, 0, 8760, 0, 0, 0),
(1860, 1358, 1, 1, 1, 1, 1, 1, 1, 1, 8756, 0, 4, 4),
(1861, 1359, 1, 1, 4, 5, 4, 5, 5, 5, 8718, 1, 6, 2),
(1862, 1360, 1, 2, 1, 2, 1, 2, 1, 2, 8660, 1, 3, 0),
(1863, 1360, 2, 1, 4, 6, 4, 6, 4, 6, 8672, 0, 0, 0),
(1864, 1361, 1, 1, 0, 1, 0, 1, 1, 1, 8733, 1, 6, 0),
(1865, 1361, 2, 1, 0, 0, 0, 0, 0, 0, 8760, 1, 6, 0),
(1866, 1361, 4, 1, 0, 0, 0, 0, 0, 0, 8760, 1, 0, 0),
(1867, 1365, 1, 2, 0, 0, 0, 0, 0, 0, 8760, 0, 0, 2),
(1868, 1365, 2, 1, 0, 0, 0, 0, 0, 0, 8760, 0, 0, 1),
(1869, 1365, 4, 1, 0, 0, 0, 0, 0, 0, 8760, 0, 0, 1),
(1870, 1365, 5, 1, 0, 0, 0, 0, 0, 0, 8760, 0, 0, 0),
(1871, 1365, 9, 1, 0, 0, 0, 0, 0, 0, 8760, 0, 0, 0),
(1872, 1365, 7, 1, 0, 0, 0, 0, 0, 0, 8760, 0, 0, 0),
(1873, 1365, 10, 1, 0, 0, 0, 0, 0, 0, 8760, 0, 0, 0),
(1874, 1367, 1, 1, 2, 2, 2, 2, 2, 2, 8748, 0, 6, 0),
(1875, 1368, 1, 2, 0, 0, 0, 0, 0, 0, 8760, 0, 0, 0),
(1876, 1368, 2, 1, 0, 0, 0, 0, 0, 0, 8760, 0, 0, 0),
(1877, 1368, 3, 1, 0, 0, 0, 0, 0, 0, 8760, 0, 0, 0),
(1878, 1369, 1, 1, 0, 1, 0, 1, 0, 1, 8258, 0, 0, 0),
(1879, 1369, 2, 1, 1, 2, 1, 2, 1, 2, 8253, 0, 0, 0),
(1880, 1371, 1, 3, 1, 1, 1, 1, 1, 1, 8756, 1, 3, 0),
(1881, 1373, 1, 2, 0, 0, 0, 0, 0, 0, 8760, 1, 6, 1),
(1882, 1373, 2, 1, 0, 0, 1, 1, 1, 1, 8757, 1, 2, 0),
(1883, 1373, 4, 1, 0, 0, 0, 0, 0, 0, 8760, 1, 1, 0),
(1884, 1376, 1, 1, 0, 0, 0, 0, 0, 0, 8760, 0, 0, 0),
(1885, 1376, 2, 1, 0, 0, 0, 0, 0, 0, 8760, 0, 0, 0),
(1886, 1376, 4, 1, 0, 0, 0, 1, 0, 1, 8467, 0, 0, 0),
(1887, 1380, 1, 1, 0, 0, 0, 0, 0, 0, 8760, 1, 7, 1),
(1888, 1380, 2, 1, 0, 0, 0, 0, 0, 0, 8760, 1, 7, 1),
(1889, 1383, 1, 1, 3, 3, 3, 3, 3, 3, 8756, 1, 0, 0),
(1890, 1383, 2, 1, 0, 0, 0, 0, 0, 0, 8760, 1, 0, 0),
(1891, 1383, 7, 1, 1, 1, 1, 1, 1, 1, 8758, 0, 0, 0),
(1892, 1383, 10, 1, 0, 0, 0, 0, 0, 0, 8760, 1, 0, 0),
(1893, 1384, 1, 1, 1, 1, 1, 1, 1, 1, 8758, 0, 0, 0),
(1894, 1385, 1, 1, 0, 0, 0, 0, 0, 0, 8760, 0, 0, 0),
(1895, 1385, 2, 1, 0, 0, 0, 0, 0, 0, 8760, 0, 0, 0),
(1896, 1385, 4, 1, 0, 0, 0, 0, 0, 0, 8760, 0, 0, 0),
(1897, 1387, 1, 2, 0, 0, 0, 0, 0, 0, 8760, 2, 5, 3),
(1898, 1387, 2, 1, 0, 0, 0, 0, 0, 0, 8760, 0, 6, 2),
(1899, 1388, 1, 1, 0, 0, 0, 0, 0, 0, 8760, 1, 3, 1),
(1900, 1389, 1, 2, 0, 1, 13, 15, 14, 15, 8178, 0, 2, 0),
(1901, 1392, 1, 1, 0, 0, 0, 0, 0, 0, 8760, 0, 0, 1),
(1902, 1392, 2, 1, 0, 0, 0, 0, 0, 0, 8760, 1, 0, 0),
(1903, 1393, 1, 1, 0, 0, 0, 0, 0, 0, 8760, 0, 0, 1),
(1904, 1395, 1, 1, 0, 0, 0, 0, 0, 0, 8760, 2, 25, 2),
(1905, 1395, 2, 1, 1, 1, 1, 1, 1, 1, 8758, 2, 12, 0),
(1906, 1395, 3, 1, 0, 0, 2, 2, 2, 2, 8754, 1, 1, 0),
(1907, 1395, 7, 1, 0, 0, 0, 0, 0, 0, 8760, 1, 1, 0),
(1908, 1396, 1, 2, 2, 5, 3, 7, 4, 7, 8446, 1, 3, 0),
(1909, 1397, 1, 1, 0, 0, 0, 0, 0, 0, 8760, 0, 1, 0),
(1910, 1398, 1, 2, 3, 8, 3, 8, 8, 8, 8500, 0, 4, 4),
(1911, 1399, 1, 1, 3, 4, 3, 4, 3, 4, 8727, 0, 0, 0),
(1912, 1399, 2, 1, 0, 1, 0, 1, 0, 1, 8541, 1, 7, 0),
(1913, 1402, 2, 1, 1, 1, 1, 1, 1, 1, 8758, 0, 1, 1),
(1914, 1402, 4, 1, 1, 1, 1, 1, 1, 1, 8759, 0, 0, 0),
(1915, 1403, 1, 4, 5, 9, 5, 9, 8, 9, 8558, 1, 3, 0),
(1916, 1403, 2, 1, 0, 1, 0, 1, 1, 1, 8733, 0, 0, 0),
(1917, 1403, 7, 1, 0, 0, 0, 0, 0, 0, 8760, 0, 0, 0),
(1918, 1403, 10, 1, 0, 0, 0, 0, 0, 0, 8760, 0, 0, 0),
(1919, 1404, 1, 1, 0, 0, 2, 2, 2, 2, 8748, 1, 19, 0),
(1920, 1404, 2, 1, 0, 0, 0, 0, 0, 0, 8760, 2, 4, 2),
(1921, 1404, 4, 1, 0, 0, 0, 0, 0, 0, 8760, 3, 0, 0),
(1922, 1404, 9, 1, 0, 0, 0, 0, 0, 0, 8760, 2, 0, 0),
(1923, 1405, 1, 4, 13, 19, 14, 20, 18, 20, 8287, 5, 15, 7),
(1924, 1405, 2, 1, 2, 3, 2, 3, 3, 3, 8733, 1, 4, 4),
(1925, 1405, 3, 1, 1, 1, 1, 1, 1, 1, 8758, 5, 0, 0),
(1926, 1408, 1, 1, 0, 0, 0, 0, 0, 0, 8760, 0, 3, 0),
(1927, 1411, 1, 1, 2, 2, 6, 6, 6, 6, 8738, 1, 8, 6),
(1928, 1411, 2, 1, 0, 0, 0, 0, 0, 0, 8760, 0, 4, 0),
(1929, 1411, 4, 1, 0, 0, 0, 0, 0, 0, 8760, 1, 0, 0),
(1930, 1411, 9, 1, 0, 0, 1, 1, 1, 1, 8757, 0, 0, 0),
(1931, 853, 4, 1, 0, 0, 0, 0, 0, 0, 8760, 1, 0, 0),
(1932, 853, 2, 2, 0, 0, 3, 3, 3, 3, 8754, 0, 1, 0),
(1933, 854, 6, 1, 0, 0, 2, 2, 2, 2, 8754, 0, 0, 0),
(1934, 854, 2, 1, 0, 0, 0, 0, 0, 0, 8760, 0, 0, 0),
(1935, 855, 2, 1, 0, 0, 0, 0, 0, 0, 8760, 0, 4, 0),
(1936, 855, 9, 1, 0, 0, 0, 0, 0, 0, 8760, 1, 0, 0),
(1937, 856, 2, 1, 0, 0, 0, 0, 0, 0, 8760, 0, 0, 0),
(1938, 857, 2, 1, 0, 0, 0, 0, 0, 0, 8760, 0, 0, 0),
(1939, 857, 9, 1, 0, 0, 0, 0, 0, 0, 8760, 0, 0, 0),
(1940, 858, 2, 1, 0, 0, 0, 0, 0, 0, 8760, 0, 0, 0),
(1941, 858, 5, 1, 0, 0, 0, 0, 0, 0, 8760, 0, 0, 0),
(1942, 859, 6, 1, 0, 0, 3, 3, 3, 3, 8750, 0, 0, 0),
(1943, 860, 3, 1, 0, 0, 0, 0, 0, 0, 8760, 0, 0, 0),
(1944, 860, 2, 1, 0, 0, 0, 0, 0, 0, 8760, 4, 6, 0),
(1945, 861, 5, 1, 0, 0, 1, 1, 1, 1, 8758, 3, 0, 0),
(1946, 861, 4, 1, 0, 0, 0, 0, 0, 0, 8760, 0, 0, 0),
(1947, 862, 2, 1, 0, 0, 0, 0, 0, 0, 8760, 1, 2, 3),
(1948, 863, 4, 1, 0, 0, 0, 0, 0, 0, 8760, 1, 0, 0),
(1949, 863, 6, 1, 0, 0, 0, 0, 0, 0, 8760, 0, 0, 0),
(1950, 863, 5, 1, 0, 0, 0, 0, 0, 0, 8760, 1, 0, 0),
(1951, 864, 4, 1, 0, 0, 0, 0, 0, 0, 8760, 8, 3, 0),
(1952, 864, 9, 1, 0, 0, 0, 0, 0, 0, 8760, 0, 0, 0),
(1953, 864, 3, 1, 0, 0, 0, 0, 0, 0, 8760, 4, 7, 0),
(1954, 864, 2, 2, 0, 0, 7, 7, 7, 7, 8743, 7, 8, 3),
(1955, 864, 5, 1, 0, 0, 0, 0, 0, 0, 8760, 3, 10, 0),
(1956, 865, 6, 1, 0, 0, 3, 3, 3, 3, 8753, 0, 3, 0),
(1957, 866, 2, 1, 0, 0, 1, 1, 1, 1, 8758, 0, 0, 0),
(1958, 867, 6, 1, 0, 0, 0, 0, 0, 0, 8760, 0, 0, 0),
(1959, 867, 2, 1, 0, 0, 0, 0, 0, 0, 8760, 0, 0, 0),
(1960, 867, 3, 1, 0, 0, 0, 0, 0, 0, 8760, 0, 0, 0),
(1961, 868, 3, 1, 0, 0, 0, 0, 0, 0, 8760, 0, 0, 0),
(1962, 868, 6, 1, 0, 0, 0, 0, 0, 0, 8760, 0, 1, 0),
(1963, 869, 10, 1, 0, 0, 0, 0, 0, 0, 8760, 1, 7, 0),
(1964, 869, 6, 7, 1, 1, 14, 14, 14, 14, 8754, 0, 1, 0),
(1965, 869, 7, 1, 0, 0, 1, 1, 1, 1, 8759, 0, 0, 0),
(1966, 869, 9, 1, 0, 0, 0, 0, 0, 0, 8760, 0, 0, 0),
(1967, 869, 2, 8, 0, 0, 3, 3, 3, 3, 8758, 8, 6, 1),
(1968, 869, 3, 1, 0, 0, 0, 0, 0, 0, 8760, 1, 0, 0),
(1969, 869, 5, 1, 0, 0, 0, 0, 0, 0, 8760, 0, 0, 0),
(1970, 870, 2, 1, 0, 0, 0, 0, 0, 0, 8760, 0, 0, 0),
(1971, 871, 9, 1, 0, 0, 0, 0, 0, 0, 8760, 1, 0, 0),
(1972, 871, 3, 1, 0, 0, 1, 1, 1, 1, 8757, 1, 0, 0),
(1973, 872, 2, 1, 0, 0, 0, 0, 0, 0, 8760, 0, 0, 0),
(1974, 872, 4, 1, 0, 0, 0, 0, 0, 0, 8760, 0, 0, 0),
(1975, 873, 2, 1, 0, 0, 0, 0, 0, 0, 8760, 0, 1, 0),
(1976, 873, 6, 1, 0, 0, 1, 1, 1, 1, 8759, 0, 0, 0),
(1977, 874, 2, 1, 0, 0, 0, 0, 0, 0, 8760, 0, 0, 0),
(1978, 874, 6, 1, 0, 0, 0, 0, 0, 0, 8760, 0, 0, 0),
(1979, 875, 2, 1, 0, 0, 0, 0, 0, 0, 8760, 1, 2, 0),
(1980, 876, 2, 1, 0, 0, 0, 0, 0, 0, 8760, 0, 0, 0),
(1981, 877, 2, 1, 0, 0, 0, 0, 0, 0, 8760, 1, 0, 0),
(1982, 878, 2, 1, 0, 0, 0, 0, 0, 0, 8760, 0, 0, 0),
(1983, 879, 9, 1, 0, 0, 0, 0, 0, 0, 8760, 0, 0, 0),
(1984, 880, 3, 1, 0, 0, 0, 0, 0, 0, 8760, 0, 0, 0),
(1985, 881, 5, 1, 0, 0, 0, 0, 0, 0, 8760, 3, 1, 0),
(1986, 882, 9, 1, 0, 0, 0, 0, 0, 0, 8760, 0, 0, 0),
(1987, 882, 3, 1, 0, 0, 0, 0, 0, 0, 8760, 0, 0, 0),
(1988, 882, 2, 1, 0, 0, 0, 0, 0, 0, 8760, 0, 0, 0),
(1989, 883, 2, 1, 0, 0, 3, 3, 3, 3, 8754, 1, 1, 0),
(1990, 883, 6, 1, 8, 9, 8, 9, 8, 9, 8645, 0, 0, 0),
(1991, 884, 6, 1, 0, 0, 0, 0, 0, 0, 8760, 0, 3, 0),
(1992, 885, 2, 2, 0, 0, 0, 0, 0, 0, 8760, 1, 0, 0),
(1993, 885, 6, 3, 0, 0, 0, 0, 0, 0, 8760, 1, 0, 0),
(1994, 885, 4, 1, 0, 0, 0, 0, 0, 0, 8760, 0, 0, 0);
INSERT INTO `tbl_clinic_device` (`id`, `Clinic_Id`, `Device_Id`, `Quantity`, `U_W_AVG_Repair_Time_12_h`, `U_W_AVG_Repair_Time`, `AVG_Repair_Time_12_h`, `AVG_Repair_Time_All`, `First_Time_Call`, `Total_Repair_Calls_All`, `Up_Time`, `Doctors_Trained`, `Nurses_Trained`, `E_Learning_Course_Delivered`) VALUES
(1995, 885, 9, 1, 0, 0, 0, 0, 0, 0, 8760, 0, 0, 0),
(1996, 886, 2, 1, 0, 0, 0, 0, 0, 0, 8760, 0, 0, 0),
(1997, 886, 3, 1, 0, 0, 0, 0, 0, 0, 8760, 0, 0, 0),
(1998, 887, 2, 1, 0, 0, 0, 0, 0, 0, 8760, 1, 1, 0),
(1999, 887, 5, 1, 0, 0, 0, 0, 0, 0, 8760, 1, 0, 0),
(2000, 887, 9, 1, 0, 0, 0, 0, 0, 0, 8760, 1, 1, 0),
(2001, 887, 6, 4, 4, 4, 31, 31, 31, 31, 8743, 0, 0, 0),
(2002, 888, 9, 1, 0, 0, 0, 0, 0, 0, 8760, 1, 0, 0),
(2003, 889, 2, 1, 0, 0, 0, 0, 0, 0, 8760, 0, 0, 0),
(2004, 889, 5, 1, 0, 0, 0, 0, 0, 0, 8760, 0, 0, 0),
(2005, 890, 3, 1, 0, 0, 0, 0, 0, 0, 8760, 2, 0, 0),
(2006, 891, 6, 2, 0, 0, 0, 0, 0, 0, 8760, 0, 0, 0),
(2007, 892, 2, 1, 0, 0, 0, 0, 0, 0, 8760, 0, 0, 0),
(2008, 893, 5, 1, 0, 0, 0, 0, 0, 0, 8760, 0, 0, 1),
(2009, 894, 2, 1, 0, 0, 3, 4, 3, 4, 8722, 0, 0, 0),
(2010, 895, 6, 1, 0, 0, 0, 0, 0, 0, 8760, 0, 0, 0),
(2011, 895, 2, 1, 0, 0, 0, 0, 0, 0, 8760, 0, 0, 0),
(2012, 896, 2, 3, 0, 0, 5, 5, 5, 5, 8757, 1, 7, 0),
(2013, 896, 10, 1, 0, 0, 0, 0, 0, 0, 8760, 0, 13, 1),
(2014, 896, 4, 1, 0, 0, 0, 0, 0, 0, 8760, 1, 0, 0),
(2015, 897, 2, 1, 0, 0, 0, 0, 0, 0, 8760, 0, 7, 0),
(2016, 897, 4, 1, 0, 0, 0, 0, 0, 0, 8760, 0, 0, 0),
(2017, 898, 3, 1, 0, 0, 3, 3, 3, 3, 8753, 0, 0, 0),
(2018, 898, 6, 1, 0, 0, 7, 7, 7, 7, 8741, 0, 0, 0),
(2019, 898, 2, 2, 0, 0, 0, 0, 0, 0, 8760, 0, 0, 0),
(2020, 899, 6, 1, 0, 0, 0, 0, 0, 0, 8760, 0, 0, 0),
(2021, 899, 2, 1, 0, 0, 0, 0, 0, 0, 8760, 0, 0, 0),
(2022, 899, 3, 1, 0, 0, 0, 0, 0, 0, 8760, 0, 0, 0),
(2023, 900, 6, 1, 0, 0, 2, 2, 2, 2, 8755, 0, 1, 0),
(2024, 900, 2, 1, 0, 0, 0, 0, 0, 0, 8760, 1, 1, 0),
(2025, 901, 2, 3, 0, 0, 0, 0, 0, 0, 8760, 2, 1, 0),
(2026, 901, 5, 1, 0, 0, 0, 0, 0, 0, 8760, 1, 2, 0),
(2027, 901, 9, 2, 0, 0, 0, 0, 0, 0, 8760, 0, 0, 0),
(2028, 902, 6, 1, 0, 0, 1, 1, 1, 1, 8755, 0, 0, 0),
(2029, 903, 3, 1, 0, 0, 0, 0, 0, 0, 8760, 4, 0, 0),
(2030, 904, 4, 1, 0, 0, 0, 0, 0, 0, 8760, 0, 0, 0),
(2031, 905, 4, 1, 0, 0, 0, 0, 0, 0, 8760, 1, 0, 1),
(2032, 906, 6, 2, 0, 0, 9, 10, 9, 10, 8700, 0, 0, 0),
(2033, 907, 9, 1, 0, 0, 0, 0, 0, 0, 8760, 0, 0, 0),
(2034, 907, 2, 1, 0, 0, 0, 0, 0, 0, 8760, 0, 0, 0),
(2035, 907, 4, 1, 0, 0, 0, 0, 0, 0, 8760, 1, 0, 0),
(2036, 907, 6, 6, 0, 0, 0, 0, 0, 0, 8760, 0, 0, 0),
(2037, 908, 3, 1, 0, 0, 0, 0, 0, 0, 8760, 0, 0, 0),
(2038, 909, 1, 1, 0, 0, 0, 0, 0, 0, 8760, 0, 0, 0),
(2039, 910, 1, 1, 0, 0, 0, 0, 0, 0, 8760, 0, 0, 0),
(2040, 911, 9, 1, 0, 0, 0, 0, 0, 0, 8760, 0, 0, 0),
(2041, 911, 8, 1, 0, 0, 0, 0, 0, 0, 8760, 0, 0, 0),
(2042, 912, 1, 1, 0, 0, 0, 0, 0, 0, 8760, 0, 0, 0),
(2043, 913, 13, 1, 0, 0, 0, 0, 0, 0, 8760, 0, 0, 0),
(2044, 914, 10, 1, 0, 0, 0, 0, 0, 0, 8760, 1, 1, 0),
(2045, 914, 1, 1, 0, 0, 0, 0, 0, 0, 8760, 0, 2, 2),
(2046, 914, 2, 1, 0, 0, 0, 0, 0, 0, 8760, 0, 2, 1),
(2047, 915, 1, 1, 0, 0, 0, 0, 0, 0, 8760, 0, 3, 0),
(2048, 916, 2, 3, 1, 1, 1, 1, 1, 1, 8758, 2, 0, 0),
(2049, 917, 7, 1, 0, 0, 0, 0, 0, 0, 8760, 0, 0, 0),
(2050, 917, 1, 3, 3, 3, 3, 3, 3, 3, 8754, 0, 13, 9),
(2051, 917, 9, 3, 3, 3, 3, 3, 3, 3, 8754, 1, 0, 0),
(2052, 917, 2, 1, 0, 0, 0, 0, 0, 0, 8760, 0, 0, 0),
(2053, 918, 1, 1, 0, 0, 0, 0, 0, 0, 8760, 0, 0, 0),
(2054, 919, 1, 1, 0, 0, 0, 0, 0, 0, 8760, 0, 4, 1),
(2055, 920, 9, 1, 0, 0, 0, 0, 0, 0, 8760, 0, 0, 0),
(2056, 920, 1, 1, 0, 0, 0, 0, 0, 0, 8760, 0, 0, 0),
(2057, 921, 2, 1, 0, 0, 0, 0, 0, 0, 8760, 2, 0, 0),
(2058, 922, 5, 1, 0, 0, 0, 0, 0, 0, 8760, 2, 0, 0),
(2059, 922, 13, 2, 1, 1, 4, 4, 4, 4, 8748, 0, 0, 0),
(2060, 922, 1, 16, 1, 1, 18, 18, 18, 18, 8745, 2, 0, 0),
(2061, 922, 2, 3, 0, 0, 1, 1, 1, 1, 8753, 4, 0, 0),
(2062, 923, 3, 1, 0, 0, 0, 0, 0, 0, 8760, 10, 0, 5),
(2063, 924, 1, 1, 0, 0, 1, 1, 1, 1, 8752, 1, 6, 5),
(2064, 924, 3, 1, 0, 0, 0, 0, 0, 0, 8760, 4, 0, 2),
(2065, 924, 2, 1, 0, 0, 0, 0, 0, 0, 8760, 5, 7, 4),
(2066, 925, 5, 1, 0, 0, 0, 0, 0, 0, 8760, 0, 0, 0),
(2067, 925, 1, 2, 0, 0, 3, 3, 3, 3, 8739, 0, 0, 0),
(2068, 925, 2, 1, 0, 0, 1, 1, 1, 1, 8752, 0, 0, 0),
(2069, 926, 4, 1, 0, 0, 0, 0, 0, 0, 8760, 0, 0, 0),
(2070, 926, 1, 1, 0, 0, 1, 1, 1, 1, 8754, 0, 0, 0),
(2071, 927, 1, 3, 0, 0, 0, 0, 0, 0, 8760, 0, 0, 0),
(2072, 927, 2, 1, 0, 0, 0, 0, 0, 0, 8760, 0, 0, 0),
(2073, 928, 1, 1, 0, 0, 0, 0, 0, 0, 8760, 0, 0, 0),
(2074, 929, 1, 1, 0, 0, 0, 0, 0, 0, 8760, 0, 0, 0),
(2075, 930, 2, 1, 0, 0, 0, 0, 0, 0, 8760, 1, 5, 3),
(2076, 930, 1, 2, 0, 0, 0, 0, 0, 0, 8760, 1, 2, 3),
(2077, 931, 1, 1, 3, 3, 3, 3, 3, 3, 8741, 0, 3, 3),
(2078, 931, 2, 1, 0, 0, 0, 0, 0, 0, 8760, 0, 4, 4),
(2079, 932, 1, 5, 0, 0, 7, 7, 7, 7, 8743, 0, 0, 0),
(2080, 932, 9, 1, 0, 0, 0, 0, 0, 0, 8760, 2, 0, 1),
(2081, 932, 4, 1, 0, 0, 0, 0, 0, 0, 8760, 2, 0, 2),
(2082, 932, 2, 1, 0, 0, 3, 3, 3, 3, 8740, 1, 0, 0),
(2083, 933, 1, 2, 0, 0, 0, 0, 0, 0, 8760, 0, 0, 0),
(2084, 934, 1, 1, 0, 0, 0, 0, 0, 0, 8760, 0, 0, 0),
(2085, 935, 4, 1, 0, 0, 0, 0, 0, 0, 8760, 0, 0, 0),
(2086, 935, 1, 3, 0, 0, 7, 7, 7, 7, 8745, 0, 0, 0),
(2087, 935, 2, 1, 0, 0, 0, 0, 0, 0, 8760, 0, 0, 0),
(2088, 936, 1, 4, 0, 0, 13, 13, 13, 13, 8738, 0, 1, 0),
(2089, 936, 2, 1, 0, 0, 1, 1, 1, 1, 8754, 0, 4, 2),
(2090, 937, 13, 1, 0, 0, 0, 0, 0, 0, 8760, 0, 0, 0),
(2091, 938, 2, 3, 0, 0, 1, 1, 1, 1, 8753, 2, 14, 4),
(2092, 938, 1, 6, 4, 4, 12, 12, 12, 12, 8734, 3, 24, 4),
(2093, 939, 2, 1, 0, 0, 0, 0, 0, 0, 8760, 0, 0, 0),
(2094, 939, 1, 4, 0, 0, 2, 2, 2, 2, 8753, 0, 3, 5),
(2095, 939, 3, 2, 0, 0, 1, 1, 1, 1, 8753, 3, 0, 2),
(2096, 940, 1, 2, 0, 0, 0, 0, 0, 0, 8760, 0, 0, 0),
(2097, 940, 2, 1, 0, 0, 0, 0, 0, 0, 8760, 0, 0, 0),
(2098, 941, 1, 16, 9, 9, 14, 14, 14, 14, 8745, 5, 12, 10),
(2099, 941, 3, 2, 1, 1, 2, 2, 2, 2, 8748, 6, 0, 1),
(2100, 941, 2, 1, 2, 2, 2, 2, 2, 2, 8748, 3, 7, 5),
(2101, 942, 2, 1, 0, 0, 1, 1, 1, 1, 8754, 0, 0, 0),
(2102, 942, 1, 6, 0, 0, 10, 10, 10, 10, 8747, 0, 0, 0),
(2103, 943, 5, 1, 0, 0, 0, 0, 0, 0, 8760, 7, 0, 0),
(2104, 943, 10, 1, 2, 2, 2, 2, 2, 2, 8748, 0, 0, 0),
(2105, 943, 1, 5, 0, 0, 8, 9, 9, 9, 8736, 5, 27, 8),
(2106, 943, 2, 3, 0, 0, 9, 9, 9, 9, 8730, 7, 30, 4),
(2107, 943, 4, 1, 0, 0, 3, 3, 3, 3, 8740, 7, 0, 1),
(2108, 944, 2, 1, 0, 0, 2, 2, 2, 2, 8745, 1, 3, 2),
(2109, 944, 1, 3, 0, 0, 8, 8, 8, 8, 8743, 1, 9, 1),
(2110, 944, 9, 1, 0, 0, 0, 0, 0, 0, 8760, 1, 0, 2),
(2111, 944, 3, 1, 0, 0, 1, 1, 1, 1, 8753, 2, 0, 1),
(2112, 945, 1, 12, 7, 7, 30, 30, 30, 30, 8739, 6, 22, 6),
(2113, 945, 9, 2, 0, 0, 0, 0, 0, 0, 8760, 12, 0, 3),
(2114, 946, 1, 3, 0, 0, 1, 1, 1, 1, 8754, 0, 0, 0),
(2115, 947, 1, 4, 5, 5, 10, 10, 10, 10, 8737, 1, 9, 16),
(2116, 947, 2, 1, 0, 0, 0, 0, 0, 0, 8760, 1, 2, 0),
(2117, 948, 1, 2, 0, 0, 0, 0, 0, 0, 8760, 2, 5, 5),
(2118, 948, 3, 1, 0, 0, 0, 0, 0, 0, 8760, 1, 0, 0),
(2119, 948, 2, 1, 0, 0, 0, 0, 0, 0, 8760, 1, 3, 3),
(2120, 948, 5, 1, 0, 0, 0, 0, 0, 0, 8760, 2, 0, 0),
(2121, 949, 5, 1, 0, 0, 1, 1, 1, 1, 8753, 2, 0, 0),
(2122, 949, 1, 7, 0, 0, 12, 12, 12, 12, 8739, 2, 17, 3),
(2123, 949, 2, 2, 0, 0, 1, 1, 1, 1, 8754, 5, 4, 1),
(2124, 950, 2, 3, 0, 0, 2, 2, 2, 2, 8753, 3, 6, 3),
(2125, 950, 1, 13, 0, 0, 8, 8, 8, 8, 8744, 4, 30, 32),
(2126, 950, 9, 1, 0, 0, 0, 0, 0, 0, 8760, 9, 0, 1),
(2127, 950, 3, 2, 0, 0, 0, 0, 0, 0, 8760, 6, 0, 3),
(2128, 951, 1, 2, 0, 0, 0, 0, 0, 0, 8760, 0, 8, 0),
(2129, 951, 2, 1, 0, 0, 0, 0, 0, 0, 8760, 1, 1, 1),
(2130, 952, 9, 1, 0, 0, 0, 0, 0, 0, 8760, 1, 0, 1),
(2131, 952, 4, 1, 0, 0, 0, 0, 0, 0, 8760, 2, 0, 2),
(2132, 952, 5, 1, 0, 0, 0, 0, 0, 0, 8760, 2, 0, 1),
(2133, 952, 1, 5, 0, 0, 18, 18, 18, 18, 8740, 0, 5, 1),
(2134, 952, 2, 1, 0, 0, 2, 2, 2, 2, 8748, 2, 3, 2),
(2135, 953, 2, 1, 0, 0, 1, 1, 1, 1, 8754, 7, 7, 2),
(2136, 954, 2, 1, 0, 0, 0, 0, 0, 0, 8760, 2, 8, 0),
(2137, 954, 1, 1, 0, 0, 0, 0, 0, 0, 8760, 2, 0, 1),
(2138, 955, 2, 2, 0, 0, 3, 3, 3, 3, 8755, 3, 13, 15),
(2139, 955, 4, 1, 0, 0, 0, 0, 0, 0, 8760, 1, 0, 1),
(2140, 955, 1, 6, 0, 0, 12, 12, 12, 12, 8745, 0, 14, 16),
(2141, 955, 5, 1, 0, 0, 0, 0, 0, 0, 8760, 3, 0, 3),
(2142, 955, 10, 1, 1, 1, 1, 1, 1, 1, 8754, 2, 0, 0),
(2143, 955, 3, 1, 0, 0, 0, 0, 0, 0, 8760, 2, 0, 1),
(2144, 955, 9, 1, 0, 0, 0, 0, 0, 0, 8760, 3, 0, 1),
(2145, 956, 1, 1, 0, 0, 1, 1, 1, 1, 8754, 0, 0, 0),
(2146, 957, 2, 1, 0, 0, 1, 1, 1, 1, 8754, 1, 10, 0),
(2147, 958, 2, 1, 0, 0, 2, 2, 2, 2, 8747, 2, 0, 0),
(2148, 958, 4, 1, 0, 0, 0, 0, 0, 0, 8760, 1, 0, 1),
(2149, 958, 1, 3, 0, 0, 1, 1, 1, 1, 8756, 0, 1, 1),
(2150, 958, 5, 1, 0, 0, 0, 0, 0, 0, 8760, 2, 0, 3),
(2151, 959, 1, 1, 0, 0, 3, 3, 3, 3, 8739, 1, 14, 0),
(2152, 960, 3, 1, 0, 0, 0, 0, 0, 0, 8760, 0, 0, 0),
(2153, 961, 2, 1, 0, 0, 0, 0, 0, 0, 8760, 3, 0, 1),
(2154, 961, 1, 3, 0, 0, 0, 0, 0, 0, 8760, 2, 8, 1),
(2155, 962, 9, 1, 0, 0, 0, 0, 0, 0, 8760, 3, 0, 0),
(2156, 962, 3, 1, 0, 0, 0, 0, 0, 0, 8760, 1, 0, 0),
(2157, 962, 2, 1, 0, 0, 0, 0, 0, 0, 8760, 2, 1, 0),
(2158, 963, 1, 1, 0, 0, 0, 0, 0, 0, 8760, 0, 0, 0),
(2159, 964, 7, 1, 0, 0, 1, 1, 1, 1, 8754, 4, 7, 0),
(2160, 964, 1, 1, 0, 0, 1, 1, 1, 1, 8753, 4, 10, 2),
(2161, 964, 2, 1, 0, 0, 0, 0, 0, 0, 8760, 5, 10, 3),
(2162, 965, 1, 1, 0, 0, 1, 1, 1, 1, 8757, 0, 0, 0),
(2163, 966, 1, 2, 0, 0, 0, 0, 0, 0, 8760, 0, 0, 0),
(2164, 967, 3, 1, 0, 0, 1, 1, 1, 1, 8758, 5, 6, 0),
(2165, 968, 1, 1, 0, 0, 0, 0, 0, 0, 8760, 0, 0, 0),
(2166, 969, 1, 5, 0, 0, 4, 4, 4, 4, 8752, 1, 3, 2),
(2167, 969, 2, 1, 0, 0, 1, 1, 1, 1, 8758, 0, 2, 1),
(2168, 969, 4, 1, 0, 0, 0, 0, 0, 0, 8760, 0, 0, 0),
(2169, 970, 9, 1, 0, 0, 0, 0, 0, 0, 8760, 4, 2, 1),
(2170, 970, 2, 2, 0, 0, 10, 10, 10, 10, 8739, 3, 12, 2),
(2171, 970, 1, 3, 0, 0, 3, 3, 3, 3, 8748, 5, 11, 2),
(2172, 971, 1, 1, 0, 0, 1, 1, 1, 1, 8757, 0, 6, 2),
(2173, 971, 2, 1, 0, 0, 2, 2, 2, 2, 8755, 0, 4, 0),
(2174, 972, 1, 1, 0, 0, 0, 0, 0, 0, 8760, 0, 0, 3),
(2175, 973, 13, 1, 0, 0, 0, 0, 0, 0, 8760, 0, 0, 0),
(2176, 973, 1, 14, 7, 7, 44, 44, 44, 44, 8748, 0, 6, 4),
(2177, 973, 2, 4, 0, 0, 4, 4, 4, 4, 8754, 0, 4, 2),
(2178, 974, 1, 1, 0, 0, 0, 0, 0, 0, 8760, 0, 0, 0),
(2179, 975, 4, 1, 0, 0, 0, 0, 0, 0, 8760, 1, 0, 0),
(2180, 976, 1, 12, 0, 0, 18, 19, 18, 19, 8745, 0, 0, 0),
(2181, 976, 2, 2, 0, 0, 1, 1, 1, 1, 8755, 0, 13, 0),
(2182, 977, 1, 1, 0, 0, 0, 0, 0, 0, 8760, 0, 0, 0),
(2183, 978, 2, 1, 0, 0, 2, 2, 2, 2, 8754, 6, 7, 0),
(2184, 979, 1, 1, 0, 0, 1, 1, 1, 1, 8757, 0, 0, 0),
(2185, 980, 5, 1, 0, 0, 0, 0, 0, 0, 8760, 0, 2, 1),
(2186, 980, 1, 6, 0, 0, 1, 1, 1, 1, 8757, 0, 2, 1),
(2187, 980, 2, 2, 0, 0, 0, 0, 0, 0, 8760, 0, 4, 0),
(2188, 981, 1, 1, 0, 0, 0, 0, 0, 0, 8760, 0, 0, 0),
(2189, 982, 4, 1, 0, 0, 0, 0, 0, 0, 8760, 0, 0, 0),
(2190, 982, 1, 1, 0, 0, 0, 0, 0, 0, 8760, 0, 0, 0),
(2191, 983, 1, 4, 0, 0, 5, 5, 5, 5, 8752, 0, 2, 0),
(2192, 984, 2, 2, 0, 0, 3, 3, 3, 3, 8754, 0, 4, 0),
(2193, 984, 4, 1, 0, 0, 0, 0, 0, 0, 8760, 1, 0, 0),
(2194, 984, 1, 3, 0, 0, 6, 6, 6, 6, 8746, 0, 6, 6),
(2195, 985, 1, 2, 0, 0, 0, 0, 0, 0, 8760, 0, 0, 0),
(2196, 986, 1, 5, 0, 0, 0, 0, 0, 0, 8760, 0, 0, 1),
(2197, 986, 2, 2, 0, 0, 2, 2, 2, 2, 8748, 0, 0, 0),
(2198, 987, 7, 1, 1, 1, 1, 1, 1, 1, 8757, 0, 0, 0),
(2199, 987, 4, 2, 0, 0, 0, 0, 0, 0, 8760, 0, 0, 2),
(2200, 987, 1, 17, 0, 0, 4, 4, 4, 4, 8755, 2, 4, 0),
(2201, 987, 2, 4, 0, 0, 2, 2, 2, 2, 8749, 0, 0, 0),
(2202, 987, 5, 1, 0, 0, 0, 0, 0, 0, 8760, 0, 0, 0),
(2203, 988, 1, 1, 1, 1, 2, 2, 2, 2, 8749, 0, 1, 2),
(2204, 989, 10, 1, 0, 0, 0, 0, 0, 0, 8760, 2, 21, 0),
(2205, 989, 7, 1, 2, 2, 3, 3, 3, 3, 8746, 0, 16, 0),
(2206, 989, 12, 1, 1, 1, 1, 1, 1, 1, 8753, 2, 1, 0),
(2207, 990, 2, 1, 0, 0, 1, 1, 1, 1, 8756, 0, 0, 0),
(2208, 990, 1, 2, 0, 0, 1, 1, 1, 1, 8756, 0, 0, 0),
(2209, 991, 2, 1, 0, 0, 1, 1, 1, 1, 8757, 1, 0, 1),
(2210, 992, 1, 3, 0, 0, 0, 0, 0, 0, 8760, 0, 7, 0),
(2211, 992, 2, 1, 0, 0, 0, 0, 0, 0, 8760, 0, 0, 0),
(2212, 993, 1, 18, 0, 0, 19, 19, 19, 19, 8753, 0, 0, 0),
(2213, 993, 2, 1, 0, 0, 1, 1, 1, 1, 8756, 2, 5, 0),
(2214, 994, 12, 1, 0, 0, 0, 0, 0, 0, 8760, 0, 0, 0),
(2215, 994, 9, 1, 0, 0, 0, 0, 0, 0, 8760, 0, 0, 0),
(2216, 994, 2, 1, 0, 0, 0, 0, 0, 0, 8760, 0, 0, 0),
(2217, 994, 1, 2, 0, 0, 0, 0, 0, 0, 8760, 0, 0, 0),
(2218, 995, 4, 1, 0, 0, 1, 1, 1, 1, 8757, 0, 0, 0),
(2219, 995, 1, 6, 0, 0, 13, 14, 12, 14, 8750, 0, 21, 0),
(2220, 996, 1, 4, 0, 0, 10, 10, 10, 10, 8749, 1, 5, 4),
(2221, 997, 1, 1, 0, 0, 0, 0, 0, 0, 8760, 0, 0, 0),
(2222, 998, 2, 1, 0, 0, 0, 0, 0, 0, 8760, 0, 1, 0),
(2223, 998, 1, 1, 2, 2, 2, 2, 2, 2, 8754, 0, 0, 2),
(2224, 999, 5, 1, 0, 0, 0, 0, 0, 0, 8760, 0, 0, 0),
(2225, 1000, 1, 1, 0, 0, 0, 0, 0, 0, 8760, 3, 5, 11),
(2226, 1001, 1, 4, 0, 0, 0, 0, 0, 0, 8760, 3, 8, 0),
(2227, 1001, 3, 2, 0, 0, 0, 0, 0, 0, 8760, 2, 3, 0),
(2228, 1002, 1, 1, 0, 0, 0, 0, 0, 0, 8760, 0, 0, 0),
(2229, 1003, 2, 1, 0, 0, 0, 0, 0, 0, 8760, 0, 0, 1),
(2230, 1004, 1, 1, 0, 0, 0, 0, 0, 0, 8760, 0, 0, 0),
(2231, 1005, 1, 1, 0, 0, 0, 0, 0, 0, 8760, 0, 4, 0),
(2232, 1005, 13, 1, 0, 0, 0, 0, 0, 0, 8760, 0, 0, 0),
(2233, 1006, 1, 1, 0, 0, 1, 1, 1, 1, 8756, 1, 3, 0),
(2234, 1007, 1, 1, 0, 0, 0, 0, 0, 0, 8760, 0, 0, 0),
(2235, 1008, 2, 1, 0, 0, 1, 1, 0, 1, 8756, 0, 0, 0),
(2236, 1009, 2, 4, 1, 1, 3, 3, 3, 3, 8754, 1, 3, 0),
(2237, 1010, 1, 1, 0, 0, 0, 0, 0, 0, 8760, 0, 0, 0),
(2238, 1011, 1, 1, 0, 0, 0, 0, 0, 0, 8760, 0, 0, 0),
(2239, 1012, 1, 2, 0, 0, 0, 0, 0, 0, 8760, 0, 0, 0),
(2240, 1013, 3, 1, 0, 0, 0, 0, 0, 0, 8760, 0, 0, 0),
(2241, 1013, 2, 1, 0, 0, 0, 0, 0, 0, 8760, 0, 3, 0),
(2242, 1014, 1, 1, 2, 2, 2, 2, 2, 2, 8747, 0, 0, 1),
(2243, 1014, 4, 1, 0, 0, 0, 0, 0, 0, 8760, 0, 0, 0),
(2244, 1015, 1, 2, 0, 0, 0, 0, 0, 0, 8760, 0, 2, 2),
(2245, 1015, 2, 2, 0, 0, 7, 7, 7, 7, 8733, 1, 4, 1),
(2246, 1016, 9, 1, 0, 0, 0, 0, 0, 0, 8760, 0, 0, 4),
(2247, 1017, 9, 1, 0, 0, 0, 0, 0, 0, 8760, 1, 0, 0),
(2248, 1017, 1, 2, 0, 0, 5, 5, 5, 5, 8752, 0, 5, 2),
(2249, 1017, 2, 1, 0, 0, 1, 1, 1, 1, 8758, 0, 5, 0),
(2250, 1018, 2, 2, 0, 0, 3, 3, 3, 3, 8748, 2, 5, 0),
(2251, 1018, 1, 3, 1, 1, 6, 6, 6, 6, 8753, 4, 7, 2),
(2252, 1018, 3, 1, 0, 0, 0, 0, 0, 0, 8760, 1, 4, 0),
(2253, 1019, 1, 3, 0, 0, 3, 3, 3, 3, 8748, 0, 6, 1),
(2254, 1020, 1, 2, 0, 0, 3, 3, 3, 3, 8752, 0, 0, 0),
(2255, 1021, 1, 4, 2, 2, 11, 11, 11, 11, 8750, 2, 7, 0),
(2256, 1022, 1, 1, 0, 0, 0, 0, 0, 0, 8760, 0, 0, 1),
(2257, 1023, 2, 1, 0, 0, 0, 0, 0, 0, 8760, 0, 0, 0),
(2258, 1023, 1, 1, 0, 0, 0, 0, 0, 0, 8760, 0, 1, 0),
(2259, 1023, 9, 2, 0, 0, 0, 0, 0, 0, 8760, 0, 1, 1),
(2260, 1024, 1, 1, 1, 2, 1, 2, 1, 2, 8568, 0, 0, 3),
(2261, 1024, 2, 1, 0, 0, 2, 2, 2, 2, 8754, 0, 0, 0),
(2262, 1025, 13, 1, 0, 0, 0, 0, 0, 0, 8760, 0, 0, 0),
(2263, 1025, 2, 1, 0, 0, 0, 0, 0, 0, 8760, 0, 0, 0),
(2264, 1025, 4, 1, 0, 0, 0, 0, 0, 0, 8760, 0, 0, 0),
(2265, 1026, 2, 1, 0, 0, 0, 0, 0, 0, 8760, 0, 6, 0),
(2266, 1027, 2, 1, 0, 0, 0, 0, 0, 0, 8760, 0, 0, 0),
(2267, 1028, 1, 1, 0, 0, 0, 0, 0, 0, 8760, 0, 1, 0),
(2268, 1029, 1, 1, 0, 0, 2, 2, 2, 2, 8755, 0, 1, 1),
(2269, 1030, 1, 2, 3, 3, 3, 3, 3, 3, 8751, 0, 2, 2),
(2270, 1031, 1, 1, 0, 0, 1, 1, 1, 1, 8757, 0, 3, 1),
(2271, 1031, 5, 1, 0, 0, 1, 1, 1, 1, 8756, 0, 0, 1),
(2272, 1032, 1, 1, 0, 0, 0, 0, 0, 0, 8760, 0, 0, 0),
(2273, 1033, 4, 1, 0, 0, 0, 0, 0, 0, 8760, 2, 0, 0),
(2274, 1033, 1, 1, 0, 0, 0, 0, 0, 0, 8760, 2, 0, 0),
(2275, 1033, 2, 1, 0, 0, 0, 0, 0, 0, 8760, 2, 0, 0),
(2276, 1034, 5, 1, 0, 0, 0, 0, 0, 0, 8760, 0, 0, 0),
(2277, 1034, 3, 1, 0, 0, 0, 0, 0, 0, 8760, 0, 0, 0),
(2278, 1035, 1, 1, 0, 0, 0, 0, 0, 0, 8760, 0, 0, 0),
(2279, 1036, 1, 1, 0, 0, 1, 3, 1, 3, 8654, 0, 0, 0),
(2280, 1036, 2, 1, 0, 0, 0, 1, 0, 1, 8635, 1, 0, 0),
(2281, 1037, 2, 2, 0, 0, 0, 0, 0, 0, 8760, 0, 1, 0),
(2282, 1037, 5, 1, 0, 0, 0, 0, 0, 0, 8760, 0, 0, 0),
(2283, 1037, 1, 3, 0, 0, 1, 1, 1, 1, 8757, 0, 0, 0),
(2284, 1037, 3, 1, 0, 0, 0, 0, 0, 0, 8760, 0, 0, 0),
(2285, 1038, 1, 2, 3, 3, 7, 7, 7, 7, 8734, 0, 4, 3),
(2286, 1038, 3, 1, 0, 0, 0, 0, 0, 0, 8760, 0, 0, 0),
(2287, 1039, 4, 1, 0, 0, 0, 0, 0, 0, 8760, 0, 0, 0),
(2288, 1039, 1, 1, 0, 0, 0, 0, 0, 0, 8760, 0, 0, 0),
(2289, 1039, 2, 1, 0, 0, 0, 0, 0, 0, 8760, 0, 0, 0),
(2290, 1040, 2, 3, 1, 1, 4, 4, 4, 4, 8751, 0, 0, 2),
(2291, 1040, 9, 2, 0, 0, 0, 0, 0, 0, 8760, 0, 0, 0),
(2292, 1040, 10, 2, 0, 0, 0, 0, 0, 0, 8760, 1, 1, 0),
(2293, 1040, 1, 5, 8, 8, 8, 8, 8, 8, 8744, 1, 6, 8),
(2294, 1040, 12, 1, 3, 3, 3, 3, 3, 3, 8745, 0, 0, 0),
(2295, 1041, 3, 3, 0, 0, 0, 0, 0, 0, 8760, 10, 0, 0),
(2296, 1041, 4, 1, 0, 0, 0, 0, 0, 0, 8760, 0, 0, 0),
(2297, 1041, 1, 2, 0, 0, 0, 0, 0, 0, 8760, 0, 0, 0),
(2298, 1041, 2, 1, 0, 0, 1, 1, 1, 1, 8755, 0, 0, 0),
(2299, 1042, 2, 2, 0, 0, 0, 0, 0, 0, 8760, 0, 2, 0),
(2300, 1043, 1, 1, 0, 0, 0, 0, 0, 0, 8760, 0, 1, 0),
(2301, 1044, 9, 1, 0, 0, 0, 0, 0, 0, 8760, 2, 1, 0),
(2302, 1044, 2, 1, 0, 0, 1, 1, 1, 1, 8757, 0, 0, 0),
(2303, 1044, 1, 4, 0, 0, 3, 4, 3, 4, 8643, 0, 0, 0),
(2304, 1045, 1, 1, 0, 0, 0, 0, 0, 0, 8760, 0, 0, 0),
(2305, 1046, 1, 1, 0, 0, 1, 1, 1, 1, 8757, 3, 1, 0),
(2306, 1047, 5, 1, 0, 0, 0, 0, 0, 0, 8760, 0, 1, 0),
(2307, 1047, 2, 1, 0, 0, 0, 0, 0, 0, 8760, 3, 5, 0),
(2308, 1047, 1, 1, 0, 0, 0, 0, 0, 0, 8760, 0, 1, 0),
(2309, 1048, 1, 3, 0, 0, 0, 0, 0, 0, 8760, 0, 4, 0),
(2310, 1049, 1, 1, 0, 0, 0, 0, 0, 0, 8760, 0, 0, 0),
(2311, 1050, 1, 1, 0, 0, 0, 0, 0, 0, 8760, 0, 0, 0),
(2312, 1101, 2, 1, 0, 0, 0, 0, 0, 0, 8760, 1, 0, 0),
(2313, 1051, 3, 1, 0, 0, 0, 0, 0, 0, 8760, 0, 0, 0),
(2314, 1101, 3, 1, 0, 0, 0, 0, 0, 0, 8760, 1, 0, 0),
(2315, 1052, 2, 1, 0, 0, 0, 0, 0, 0, 8760, 1, 2, 0),
(2316, 1101, 4, 1, 0, 0, 0, 0, 0, 0, 8760, 1, 0, 0),
(2317, 1052, 1, 3, 0, 0, 0, 0, 0, 0, 8760, 0, 1, 0),
(2318, 1101, 6, 3, 0, 0, 1, 1, 1, 1, 8757, 1, 0, 0),
(2319, 1053, 1, 1, 0, 0, 0, 0, 0, 0, 8760, 0, 0, 0),
(2320, 1101, 9, 1, 0, 0, 0, 0, 0, 0, 8760, 1, 0, 0),
(2321, 1054, 1, 1, 0, 0, 1, 1, 1, 1, 8756, 0, 0, 0),
(2322, 1103, 2, 1, 0, 0, 1, 1, 1, 1, 8758, 3, 0, 1),
(2323, 1103, 3, 1, 0, 0, 0, 0, 0, 0, 8760, 3, 0, 0),
(2324, 1102, 3, 1, 0, 0, 0, 0, 0, 0, 8760, 0, 0, 0),
(2325, 1118, 2, 2, 0, 0, 2, 2, 2, 2, 8758, 0, 0, 0),
(2326, 1116, 3, 1, 0, 0, 0, 0, 0, 0, 8760, 0, 0, 0),
(2327, 1117, 2, 1, 0, 0, 0, 0, 0, 0, 8760, 4, 0, 2),
(2328, 1117, 3, 1, 0, 0, 0, 0, 0, 0, 8760, 1, 0, 0),
(2329, 1126, 2, 1, 0, 0, 0, 0, 0, 0, 8760, 0, 0, 0),
(2330, 1126, 9, 1, 0, 0, 0, 0, 0, 0, 8760, 0, 0, 0),
(2331, 1134, 2, 1, 0, 0, 0, 0, 0, 0, 8760, 0, 0, 0),
(2332, 1134, 3, 1, 0, 0, 0, 0, 0, 0, 8760, 0, 0, 0),
(2333, 1134, 6, 1, 0, 0, 0, 0, 0, 0, 8760, 0, 0, 0),
(2334, 1143, 2, 1, 0, 0, 0, 0, 0, 0, 8760, 0, 0, 0),
(2335, 1143, 6, 2, 0, 0, 0, 0, 0, 0, 8760, 0, 0, 0),
(2336, 1147, 9, 1, 0, 1, 0, 1, 0, 1, 8471, 1, 0, 1),
(2337, 1160, 2, 1, 0, 0, 1, 1, 1, 1, 8758, 0, 0, 0),
(2338, 1160, 5, 1, 0, 0, 0, 0, 0, 0, 8760, 0, 0, 0),
(2339, 1160, 9, 1, 0, 0, 0, 0, 0, 0, 8760, 1, 0, 0),
(2340, 1163, 2, 1, 0, 0, 2, 2, 2, 2, 8756, 0, 0, 0),
(2341, 1165, 2, 1, 0, 0, 0, 0, 0, 0, 8760, 2, 4, 0),
(2342, 1165, 3, 1, 0, 0, 0, 0, 0, 0, 8760, 0, 0, 0),
(2343, 1165, 9, 1, 0, 0, 0, 0, 0, 0, 8760, 0, 0, 0),
(2344, 1166, 2, 1, 0, 0, 0, 0, 0, 0, 8760, 0, 0, 0),
(2345, 1173, 6, 1, 0, 0, 3, 3, 3, 3, 8752, 0, 0, 1),
(2346, 1183, 2, 1, 0, 0, 0, 0, 0, 0, 8760, 0, 0, 0),
(2347, 1183, 6, 1, 0, 0, 0, 0, 0, 0, 8760, 0, 2, 0),
(2348, 1190, 2, 2, 0, 0, 0, 0, 0, 0, 8760, 2, 3, 0),
(2349, 1190, 6, 1, 0, 0, 11, 11, 10, 11, 8742, 1, 1, 0),
(2350, 1190, 8, 1, 1, 1, 1, 1, 1, 1, 8757, 0, 0, 0),
(2351, 1200, 9, 1, 0, 0, 0, 0, 0, 0, 8760, 0, 0, 0),
(2352, 1203, 2, 1, 0, 0, 0, 0, 0, 0, 8760, 2, 0, 0),
(2353, 1210, 2, 1, 0, 0, 0, 0, 0, 0, 8760, 2, 2, 0),
(2354, 1210, 6, 2, 0, 0, 0, 0, 0, 0, 8760, 3, 2, 0),
(2355, 1220, 6, 1, 0, 0, 5, 5, 5, 5, 8750, 0, 0, 0),
(2356, 1229, 6, 1, 0, 0, 0, 0, 0, 0, 8760, 0, 0, 0),
(2357, 1231, 2, 2, 1, 2, 3, 4, 3, 4, 8634, 5, 7, 1),
(2358, 1231, 3, 2, 1, 1, 1, 1, 1, 1, 8754, 2, 0, 0),
(2359, 1231, 4, 1, 0, 0, 0, 0, 0, 0, 8760, 3, 0, 0),
(2360, 1231, 5, 1, 0, 0, 0, 0, 0, 0, 8760, 4, 2, 0),
(2361, 1231, 6, 1, 1, 1, 6, 6, 6, 6, 8754, 2, 1, 0),
(2362, 1231, 9, 2, 0, 0, 0, 0, 0, 0, 8760, 0, 0, 0),
(2363, 1231, 8, 1, 1, 1, 1, 1, 1, 1, 8756, 0, 0, 0),
(2364, 1238, 2, 1, 0, 0, 1, 1, 1, 1, 8758, 3, 4, 1),
(2365, 1238, 6, 2, 0, 0, 2, 2, 2, 2, 8755, 1, 3, 0),
(2366, 1242, 3, 1, 0, 0, 0, 0, 0, 0, 8760, 0, 0, 0),
(2367, 1247, 6, 3, 2, 2, 5, 6, 5, 6, 8611, 2, 0, 1),
(2368, 1247, 9, 1, 0, 0, 0, 0, 0, 0, 8760, 2, 0, 0),
(2369, 1257, 2, 1, 0, 0, 0, 0, 0, 0, 8760, 1, 0, 0),
(2370, 1257, 6, 1, 0, 0, 0, 0, 0, 0, 8760, 1, 3, 0),
(2371, 1266, 5, 1, 0, 0, 0, 0, 0, 0, 8760, 0, 0, 0),
(2372, 1267, 2, 1, 0, 0, 1, 1, 1, 1, 8758, 1, 0, 0),
(2373, 1270, 3, 1, 0, 0, 0, 0, 0, 0, 8760, 0, 0, 0),
(2374, 1270, 9, 1, 0, 0, 0, 0, 0, 0, 8760, 0, 0, 0),
(2375, 1276, 4, 1, 0, 0, 0, 0, 0, 0, 8760, 0, 0, 0),
(2376, 1279, 3, 1, 0, 0, 0, 0, 0, 0, 8760, 1, 0, 0),
(2377, 1279, 5, 2, 0, 0, 0, 0, 0, 0, 8760, 0, 0, 0),
(2378, 1279, 9, 3, 0, 0, 0, 0, 0, 0, 8760, 0, 0, 0),
(2379, 1282, 2, 1, 0, 0, 0, 0, 0, 0, 8760, 0, 1, 0),
(2380, 1283, 3, 1, 0, 0, 2, 2, 2, 2, 8758, 0, 0, 0),
(2381, 1292, 9, 1, 0, 0, 0, 0, 0, 0, 8760, 0, 0, 0),
(2382, 1292, 8, 1, 0, 0, 0, 0, 0, 0, 8760, 0, 0, 0),
(2383, 1294, 2, 1, 0, 0, 0, 0, 0, 0, 8760, 0, 0, 0),
(2384, 1294, 6, 1, 0, 0, 6, 6, 6, 6, 8747, 0, 5, 0),
(2385, 1294, 9, 1, 0, 0, 0, 0, 0, 0, 8760, 0, 0, 0),
(2386, 1298, 2, 1, 0, 0, 0, 0, 0, 0, 8760, 1, 5, 0),
(2387, 1298, 3, 1, 0, 0, 0, 0, 0, 0, 8760, 0, 0, 0),
(2388, 1298, 6, 2, 0, 0, 8, 8, 8, 8, 8753, 2, 6, 1),
(2389, 1298, 10, 1, 1, 1, 1, 1, 1, 1, 8759, 1, 3, 0),
(2390, 1309, 3, 1, 0, 0, 0, 0, 0, 0, 8760, 1, 1, 0),
(2391, 1310, 4, 1, 0, 0, 0, 0, 0, 0, 8760, 0, 0, 0),
(2392, 1310, 5, 1, 0, 0, 0, 0, 0, 0, 8760, 1, 0, 0),
(2393, 1310, 6, 1, 1, 1, 1, 1, 1, 1, 8758, 0, 3, 0),
(2394, 1310, 9, 1, 0, 0, 0, 0, 0, 0, 8760, 0, 0, 0),
(2395, 1317, 3, 1, 0, 0, 0, 0, 0, 0, 8760, 1, 0, 0),
(2396, 1317, 9, 1, 0, 0, 0, 0, 0, 0, 8760, 1, 0, 0),
(2397, 1319, 6, 2, 0, 0, 2, 2, 2, 2, 8757, 2, 5, 0),
(2398, 1328, 6, 1, 2, 2, 9, 9, 9, 9, 8746, 0, 3, 0),
(2399, 1328, 9, 1, 0, 0, 0, 0, 0, 0, 8760, 0, 0, 0),
(2400, 1328, 7, 1, 0, 0, 0, 0, 0, 0, 8760, 0, 0, 0),
(2401, 1329, 9, 1, 0, 0, 0, 0, 0, 0, 8760, 0, 1, 0),
(2402, 1344, 3, 1, 0, 0, 0, 0, 0, 0, 8760, 0, 0, 0),
(2403, 1344, 9, 1, 0, 0, 0, 0, 0, 0, 8760, 0, 0, 0),
(2404, 1345, 2, 1, 0, 0, 3, 3, 3, 3, 8751, 0, 1, 0),
(2405, 1345, 3, 1, 0, 0, 0, 0, 0, 0, 8760, 0, 0, 0),
(2406, 1345, 6, 1, 0, 0, 1, 1, 1, 1, 8758, 0, 0, 0),
(2407, 1338, 2, 1, 0, 0, 0, 0, 0, 0, 8760, 0, 0, 0),
(2408, 1338, 6, 2, 1, 1, 1, 1, 1, 1, 8758, 0, 0, 0),
(2409, 1346, 8, 1, 0, 0, 0, 0, 0, 0, 8760, 0, 0, 0),
(2410, 1362, 2, 1, 0, 0, 1, 1, 1, 1, 8757, 0, 1, 0),
(2411, 1364, 9, 1, 0, 0, 0, 0, 0, 0, 8760, 0, 0, 0),
(2412, 1115, 2, 1, 0, 0, 1, 1, 1, 1, 8754, 2, 11, 5),
(2413, 1372, 2, 1, 0, 0, 0, 0, 0, 0, 8760, 0, 2, 0),
(2414, 1115, 1, 2, 0, 0, 2, 2, 2, 2, 8749, 1, 10, 5),
(2415, 1372, 3, 1, 0, 0, 0, 0, 0, 0, 8760, 0, 0, 0),
(2416, 1115, 3, 1, 0, 0, 0, 0, 0, 0, 8760, 0, 0, 0),
(2417, 1372, 5, 1, 0, 0, 0, 0, 0, 0, 8760, 0, 0, 0),
(2418, 1372, 6, 1, 0, 0, 2, 2, 2, 2, 8753, 0, 6, 0),
(2419, 1372, 9, 1, 0, 0, 0, 0, 0, 0, 8760, 0, 0, 0),
(2420, 1390, 6, 1, 0, 0, 7, 7, 7, 7, 8741, 1, 0, 0),
(2421, 1409, 2, 2, 0, 0, 0, 0, 0, 0, 8760, 1, 1, 0),
(2422, 1409, 3, 1, 0, 0, 0, 0, 0, 0, 8760, 1, 0, 0),
(2423, 1409, 6, 2, 0, 0, 5, 5, 5, 5, 8755, 3, 1, 0),
(2424, 1409, 9, 2, 0, 0, 0, 0, 0, 0, 8760, 1, 4, 0),
(2425, 1122, 3, 1, 0, 0, 0, 0, 0, 0, 8760, 0, 0, 0),
(2426, 1129, 1, 1, 0, 0, 2, 2, 2, 2, 8745, 4, 2, 1),
(2427, 1136, 1, 3, 3, 3, 7, 7, 7, 7, 8744, 1, 7, 5),
(2428, 1136, 2, 3, 0, 0, 0, 0, 0, 0, 8760, 2, 5, 2),
(2429, 1136, 4, 1, 0, 0, 0, 0, 0, 0, 8760, 3, 0, 3),
(2430, 1136, 5, 1, 0, 0, 0, 0, 0, 0, 8760, 6, 0, 3),
(2431, 1136, 9, 1, 0, 0, 0, 0, 0, 0, 8760, 2, 0, 0),
(2432, 1136, 3, 1, 0, 0, 0, 0, 0, 0, 8760, 2, 0, 0),
(2433, 1179, 1, 1, 0, 0, 0, 0, 0, 0, 8760, 0, 0, 0),
(2434, 1251, 10, 1, 0, 0, 0, 0, 0, 0, 8760, 4, 3, 0),
(2435, 1258, 3, 1, 0, 0, 1, 1, 1, 1, 8757, 0, 0, 0),
(2436, 1334, 2, 1, 0, 0, 0, 0, 0, 0, 8760, 1, 7, 1),
(2437, 1339, 1, 1, 0, 0, 3, 3, 2, 3, 8753, 1, 2, 3),
(2438, 1339, 5, 1, 1, 1, 1, 1, 1, 1, 8758, 0, 0, 1),
(2439, 1339, 9, 1, 0, 0, 0, 0, 0, 0, 8760, 1, 0, 1),
(2440, 1340, 1, 1, 1, 1, 1, 1, 1, 1, 8758, 1, 3, 6),
(2441, 1355, 1, 1, 0, 0, 2, 2, 2, 2, 8754, 2, 7, 2),
(2442, 1355, 2, 1, 0, 0, 0, 0, 0, 0, 8760, 1, 2, 1),
(2443, 1355, 9, 1, 0, 0, 0, 0, 0, 0, 8760, 2, 0, 1),
(2444, 1378, 1, 3, 1, 1, 8, 8, 8, 8, 8754, 2, 9, 5),
(2445, 1378, 2, 1, 0, 0, 2, 2, 2, 2, 8757, 2, 5, 0),
(2446, 1378, 3, 1, 0, 0, 0, 0, 0, 0, 8760, 0, 0, 1),
(2447, 1378, 9, 1, 0, 0, 0, 0, 0, 0, 8760, 1, 0, 0),
(2448, 1401, 5, 1, 0, 0, 0, 0, 0, 0, 8760, 2, 0, 1),
(2449, 1199, 4, 1, 0, 0, 0, 0, 0, 0, 8760, 0, 0, 0),
(2450, 1199, 13, 1, 0, 0, 0, 0, 0, 0, 8760, 0, 0, 0),
(2451, 1205, 9, 1, 2, 2, 2, 2, 2, 2, 8745, 6, 9, 5),
(2452, 1214, 1, 1, 0, 0, 4, 4, 4, 4, 8733, 2, 10, 6),
(2453, 1214, 2, 2, 0, 0, 1, 1, 1, 1, 8753, 5, 22, 7),
(2454, 1214, 3, 1, 0, 0, 0, 0, 0, 0, 8760, 4, 6, 1),
(2455, 1273, 3, 1, 0, 0, 0, 0, 0, 0, 8760, 0, 0, 0),
(2456, 1286, 1, 1, 0, 0, 3, 3, 3, 3, 8742, 3, 4, 3),
(2457, 1286, 2, 1, 0, 0, 0, 0, 0, 0, 8760, 3, 6, 4),
(2458, 1307, 1, 9, 4, 4, 49, 50, 49, 50, 8705, 0, 17, 1),
(2459, 1307, 2, 1, 0, 0, 3, 3, 3, 3, 8741, 3, 25, 7),
(2460, 1307, 3, 2, 0, 0, 0, 0, 0, 0, 8760, 2, 0, 1),
(2461, 1307, 7, 1, 0, 0, 2, 2, 2, 2, 8748, 2, 10, 0),
(2462, 1307, 10, 1, 0, 0, 0, 0, 0, 0, 8760, 3, 0, 0),
(2463, 1318, 2, 1, 0, 0, 0, 0, 0, 0, 8760, 1, 0, 1),
(2464, 1341, 1, 2, 2, 2, 10, 10, 10, 10, 8728, 4, 8, 1),
(2465, 1341, 2, 1, 0, 0, 1, 1, 1, 1, 8754, 4, 11, 2),
(2466, 1363, 1, 2, 0, 0, 0, 0, 0, 0, 8760, 1, 4, 6),
(2467, 1363, 2, 1, 0, 0, 0, 0, 0, 0, 8760, 1, 6, 1),
(2468, 1377, 1, 2, 0, 0, 13, 13, 13, 13, 8725, 3, 12, 14),
(2469, 1377, 2, 1, 0, 0, 0, 0, 0, 0, 8760, 4, 5, 9),
(2470, 1377, 3, 1, 0, 0, 0, 0, 0, 0, 8760, 3, 0, 0),
(2471, 1394, 1, 5, 6, 6, 11, 11, 11, 11, 8745, 3, 10, 3),
(2472, 1394, 2, 1, 0, 0, 0, 0, 0, 0, 8760, 5, 11, 1),
(2473, 1394, 3, 1, 0, 0, 0, 0, 0, 0, 8760, 4, 0, 1),
(2474, 1394, 5, 1, 0, 0, 0, 0, 0, 0, 8760, 3, 0, 1),
(2475, 1394, 9, 1, 1, 1, 1, 1, 1, 1, 8754, 3, 0, 3),
(2476, 1410, 1, 3, 0, 0, 6, 6, 6, 6, 8752, 3, 14, 4),
(2477, 1410, 2, 1, 0, 0, 6, 6, 6, 6, 8719, 4, 0, 1),
(2478, 1410, 3, 1, 0, 0, 0, 0, 0, 0, 8760, 6, 0, 1),
(2479, 1410, 9, 1, 0, 0, 0, 0, 0, 0, 8760, 6, 0, 1),
(2480, 1410, 10, 1, 0, 0, 0, 0, 0, 0, 8760, 2, 0, 0),
(2481, 1054, 2, 1, 0, 0, 0, 0, 0, 0, 8760, 0, 0, 1),
(2482, 1054, 3, 1, 0, 0, 0, 0, 0, 0, 8760, 0, 0, 1),
(2483, 1055, 1, 1, 0, 0, 1, 1, 1, 1, 8757, 0, 0, 0),
(2484, 1055, 2, 1, 0, 0, 0, 0, 0, 0, 8760, 0, 0, 0),
(2485, 1056, 4, 1, 0, 0, 0, 0, 0, 0, 8760, 0, 0, 0),
(2486, 1057, 1, 1, 0, 0, 0, 0, 0, 0, 8760, 0, 0, 0),
(2487, 1057, 2, 1, 0, 0, 2, 2, 2, 2, 8750, 1, 3, 3),
(2488, 1057, 9, 2, 0, 0, 0, 0, 0, 0, 8760, 0, 0, 0),
(2489, 1058, 2, 1, 0, 0, 0, 0, 0, 0, 8760, 2, 3, 0),
(2490, 1058, 9, 1, 0, 0, 0, 0, 0, 0, 8760, 2, 1, 1),
(2491, 1059, 1, 1, 0, 0, 0, 0, 0, 0, 8760, 0, 0, 0),
(2492, 1060, 1, 1, 0, 0, 0, 0, 0, 0, 8760, 0, 5, 4),
(2493, 1060, 2, 1, 0, 0, 0, 0, 0, 0, 8760, 0, 0, 1),
(2494, 1061, 1, 1, 0, 0, 0, 0, 0, 0, 8760, 0, 0, 0),
(2495, 1062, 1, 1, 0, 0, 0, 0, 0, 0, 8760, 0, 0, 14),
(2496, 1063, 1, 2, 0, 0, 0, 0, 0, 0, 8760, 0, 0, 0),
(2497, 1064, 1, 1, 0, 0, 0, 0, 0, 0, 8760, 0, 0, 0),
(2498, 1065, 1, 1, 0, 0, 0, 0, 0, 0, 8760, 0, 0, 0),
(2499, 1066, 1, 2, 0, 0, 0, 0, 0, 0, 8760, 0, 0, 0),
(2500, 1067, 3, 1, 0, 0, 0, 0, 0, 0, 8760, 0, 0, 0),
(2501, 1068, 1, 1, 0, 0, 0, 0, 0, 0, 8760, 1, 0, 0),
(2502, 1069, 1, 1, 0, 0, 1, 1, 1, 1, 8758, 0, 2, 0),
(2503, 1070, 1, 1, 0, 0, 0, 0, 0, 0, 8760, 0, 0, 1),
(2504, 1070, 5, 1, 0, 0, 0, 0, 0, 0, 8760, 0, 0, 1),
(2505, 1071, 3, 1, 0, 0, 0, 0, 0, 0, 8760, 0, 0, 0),
(2506, 1072, 1, 1, 0, 0, 0, 0, 0, 0, 8760, 0, 0, 0),
(2507, 1073, 1, 1, 0, 0, 0, 0, 0, 0, 8760, 3, 5, 4),
(2508, 1073, 2, 1, 0, 0, 0, 0, 0, 0, 8760, 3, 7, 0),
(2509, 1074, 1, 1, 0, 0, 0, 0, 0, 0, 8760, 0, 2, 0),
(2510, 1075, 3, 1, 0, 0, 0, 0, 0, 0, 8760, 0, 0, 0),
(2511, 1076, 1, 1, 2, 2, 2, 2, 2, 2, 8753, 0, 1, 4),
(2512, 1077, 1, 1, 0, 0, 0, 0, 0, 0, 8760, 0, 3, 2),
(2513, 1077, 2, 1, 0, 0, 0, 0, 0, 0, 8760, 0, 3, 2),
(2514, 1078, 1, 1, 0, 0, 1, 1, 1, 1, 8758, 0, 0, 0),
(2515, 1078, 2, 1, 0, 0, 3, 3, 3, 3, 8750, 0, 0, 1),
(2516, 1078, 4, 1, 0, 0, 0, 0, 0, 0, 8760, 0, 0, 0),
(2517, 1079, 1, 2, 0, 0, 2, 2, 2, 2, 8756, 0, 4, 1),
(2518, 1079, 2, 1, 0, 0, 2, 2, 2, 2, 8749, 1, 4, 1),
(2519, 1080, 3, 1, 0, 0, 0, 0, 0, 0, 8760, 0, 0, 0),
(2520, 1081, 1, 1, 0, 0, 3, 3, 3, 3, 8749, 0, 0, 0),
(2521, 1081, 2, 1, 0, 0, 1, 1, 1, 1, 8756, 0, 0, 0),
(2522, 1082, 1, 1, 0, 0, 1, 1, 1, 1, 8757, 0, 0, 2),
(2523, 1083, 3, 1, 0, 0, 0, 0, 0, 0, 8760, 0, 0, 0),
(2524, 1084, 3, 1, 0, 0, 0, 0, 0, 0, 8760, 0, 0, 0),
(2525, 1085, 1, 1, 0, 0, 1, 1, 1, 1, 8760, 0, 0, 0),
(2526, 1086, 1, 1, 0, 0, 0, 0, 0, 0, 8760, 0, 0, 0),
(2527, 1086, 2, 1, 0, 0, 0, 0, 0, 0, 8760, 0, 0, 0),
(2528, 1086, 5, 1, 0, 0, 0, 0, 0, 0, 8760, 0, 0, 0),
(2529, 1087, 13, 1, 0, 0, 1, 1, 1, 1, 8757, 0, 0, 0),
(2530, 1088, 3, 1, 0, 0, 0, 0, 0, 0, 8760, 0, 0, 0),
(2531, 1090, 1, 2, 0, 0, 3, 3, 3, 3, 8751, 0, 0, 0),
(2532, 1090, 2, 1, 0, 0, 0, 0, 0, 0, 8760, 0, 0, 0),
(2533, 1090, 5, 1, 0, 0, 0, 0, 0, 0, 8760, 0, 0, 0),
(2534, 1091, 1, 1, 0, 0, 2, 2, 2, 2, 8751, 0, 1, 0),
(2535, 1092, 1, 1, 0, 0, 0, 0, 0, 0, 8760, 0, 0, 0),
(2536, 1095, 2, 1, 0, 0, 0, 0, 0, 0, 8760, 0, 6, 3),
(2537, 1096, 1, 2, 0, 0, 0, 0, 0, 0, 8760, 0, 0, 0),
(2538, 1096, 2, 1, 0, 0, 1, 2, 1, 2, 8631, 0, 7, 3),
(2539, 1093, 3, 1, 0, 0, 0, 0, 0, 0, 8760, 0, 0, 0),
(2540, 1094, 1, 1, 0, 0, 1, 1, 1, 1, 8757, 0, 0, 3),
(2541, 1097, 1, 1, 0, 0, 1, 1, 1, 1, 8757, 0, 3, 0),
(2542, 1112, 1, 1, 0, 0, 0, 0, 0, 0, 8760, 0, 0, 0),
(2543, 1112, 2, 1, 2, 2, 2, 2, 2, 2, 8754, 0, 0, 0),
(2544, 1112, 3, 1, 0, 0, 1, 1, 1, 1, 8756, 0, 0, 0),
(2545, 1113, 2, 1, 0, 0, 2, 2, 2, 2, 8755, 0, 5, 8),
(2546, 1114, 3, 1, 0, 0, 0, 0, 0, 0, 8760, 0, 0, 0),
(2547, 1123, 3, 1, 0, 0, 0, 0, 0, 0, 8760, 0, 0, 0),
(2548, 1145, 1, 2, 0, 0, 0, 0, 0, 0, 8760, 0, 1, 1),
(2549, 1145, 2, 1, 0, 0, 0, 0, 0, 0, 8760, 0, 1, 1),
(2550, 1145, 3, 1, 0, 0, 0, 0, 0, 0, 8760, 0, 0, 0),
(2551, 1154, 1, 1, 0, 0, 2, 2, 2, 2, 8752, 0, 0, 0),
(2552, 1155, 1, 2, 1, 1, 5, 5, 5, 5, 8747, 0, 4, 4),
(2553, 1155, 2, 1, 0, 0, 5, 5, 5, 5, 8744, 1, 3, 3),
(2554, 1155, 3, 1, 0, 0, 0, 0, 0, 0, 8760, 0, 0, 2),
(2555, 1155, 9, 1, 0, 0, 0, 0, 0, 0, 8760, 0, 0, 0),
(2556, 1155, 7, 1, 2, 2, 4, 4, 4, 4, 8741, 0, 0, 0),
(2557, 1157, 1, 1, 0, 0, 0, 0, 0, 0, 8760, 0, 3, 2),
(2558, 1158, 3, 1, 0, 0, 0, 0, 0, 0, 8760, 0, 0, 1),
(2559, 1159, 1, 1, 0, 0, 0, 0, 0, 0, 8760, 0, 8, 0),
(2560, 1164, 3, 1, 0, 0, 0, 0, 0, 0, 8760, 0, 0, 0),
(2561, 1167, 2, 1, 0, 0, 0, 0, 0, 0, 8760, 1, 2, 1),
(2562, 1167, 10, 1, 0, 0, 0, 0, 0, 0, 8760, 0, 5, 0),
(2563, 1169, 1, 2, 0, 0, 0, 0, 0, 0, 8760, 0, 0, 5),
(2564, 1169, 2, 1, 0, 0, 0, 0, 0, 0, 8760, 0, 0, 0),
(2565, 1169, 7, 1, 0, 0, 0, 0, 0, 0, 8760, 0, 0, 0),
(2566, 1176, 1, 2, 0, 0, 2, 2, 2, 2, 8755, 1, 5, 4),
(2567, 1176, 7, 1, 0, 0, 1, 1, 1, 1, 8756, 0, 3, 0),
(2568, 1176, 10, 1, 0, 0, 0, 0, 0, 0, 8760, 0, 0, 0),
(2569, 1184, 1, 1, 0, 0, 3, 3, 3, 3, 8750, 0, 0, 0),
(2570, 1184, 2, 1, 0, 0, 1, 1, 1, 1, 8755, 0, 8, 0),
(2571, 1188, 2, 1, 0, 0, 0, 0, 0, 0, 8760, 3, 2, 0),
(2572, 1188, 3, 1, 0, 0, 0, 0, 0, 0, 8760, 0, 0, 0),
(2573, 1189, 2, 1, 0, 0, 1, 1, 1, 1, 8759, 0, 0, 0),
(2574, 1193, 1, 1, 0, 0, 0, 0, 0, 0, 8760, 0, 0, 0),
(2575, 1195, 3, 1, 0, 0, 0, 0, 0, 0, 8760, 0, 0, 0),
(2576, 1198, 2, 1, 0, 0, 0, 0, 0, 0, 8760, 0, 0, 0),
(2577, 1201, 1, 1, 0, 0, 0, 0, 0, 0, 8760, 2, 6, 7),
(2578, 1202, 3, 1, 0, 0, 0, 0, 0, 0, 8760, 2, 2, 0),
(2579, 1206, 3, 1, 0, 0, 0, 0, 0, 0, 8760, 0, 0, 0),
(2580, 1207, 1, 3, 4, 4, 8, 8, 8, 8, 8751, 0, 0, 0),
(2581, 1208, 9, 5, 2, 2, 2, 2, 2, 2, 8747, 3, 0, 4),
(2582, 1209, 1, 2, 0, 0, 8, 8, 8, 8, 8749, 0, 9, 3),
(2583, 1209, 2, 1, 0, 0, 2, 2, 2, 2, 8754, 0, 9, 2),
(2584, 1209, 3, 1, 0, 0, 0, 0, 0, 0, 8760, 0, 3, 1),
(2585, 1213, 1, 1, 1, 1, 3, 3, 3, 3, 8750, 2, 7, 9),
(2586, 1215, 1, 2, 0, 0, 7, 7, 7, 7, 8748, 1, 7, 4),
(2587, 1219, 1, 2, 1, 1, 5, 5, 5, 5, 8752, 0, 0, 0),
(2588, 1219, 2, 1, 0, 0, 7, 7, 7, 7, 8736, 1, 1, 0),
(2589, 1219, 5, 1, 0, 0, 0, 0, 0, 0, 8760, 1, 4, 0),
(2590, 1219, 9, 1, 0, 0, 0, 0, 0, 0, 8760, 1, 4, 0),
(2591, 1222, 5, 1, 0, 0, 0, 0, 0, 0, 8760, 0, 0, 0),
(2592, 1223, 2, 1, 0, 0, 0, 0, 0, 0, 8760, 0, 2, 2),
(2593, 1225, 3, 1, 0, 0, 0, 0, 0, 0, 8760, 0, 0, 0),
(2594, 1230, 1, 1, 0, 0, 0, 0, 0, 0, 8760, 0, 2, 0),
(2595, 1233, 1, 3, 0, 0, 2, 2, 2, 2, 8753, 0, 0, 0),
(2596, 1233, 2, 1, 0, 0, 0, 0, 0, 0, 8760, 2, 3, 0),
(2597, 1233, 5, 1, 2, 2, 2, 2, 2, 2, 8752, 0, 0, 0),
(2598, 1233, 9, 1, 2, 2, 2, 2, 2, 2, 8753, 0, 0, 1),
(2599, 1234, 1, 1, 0, 0, 2, 2, 2, 2, 8751, 1, 5, 2),
(2600, 1234, 2, 1, 0, 0, 0, 0, 0, 0, 8760, 0, 3, 1),
(2601, 1239, 2, 1, 1, 1, 1, 1, 1, 1, 8758, 0, 0, 5),
(2602, 1240, 1, 1, 0, 0, 0, 0, 0, 0, 8760, 0, 2, 0),
(2603, 1246, 1, 1, 0, 0, 0, 0, 0, 0, 8760, 0, 1, 0),
(2604, 1249, 2, 1, 0, 0, 0, 0, 0, 0, 8760, 0, 0, 0),
(2605, 1249, 5, 1, 0, 0, 0, 0, 0, 0, 8760, 0, 0, 0),
(2606, 1250, 8, 1, 0, 0, 0, 0, 0, 0, 8760, 0, 0, 0),
(2607, 1252, 1, 3, 0, 0, 4, 4, 4, 4, 8751, 0, 4, 0),
(2608, 1252, 2, 1, 0, 0, 0, 0, 0, 0, 8760, 0, 4, 4),
(2609, 1252, 9, 1, 0, 0, 0, 0, 0, 0, 8760, 0, 1, 0),
(2610, 1265, 1, 1, 0, 0, 0, 0, 0, 0, 8760, 2, 3, 0),
(2611, 1269, 2, 1, 0, 0, 0, 0, 0, 0, 8760, 0, 4, 0),
(2612, 1271, 1, 1, 0, 0, 4, 4, 4, 4, 8745, 0, 8, 2),
(2613, 1271, 2, 1, 0, 0, 1, 1, 1, 1, 8755, 1, 4, 0),
(2614, 1281, 1, 2, 0, 0, 10, 10, 10, 10, 8742, 0, 3, 6),
(2615, 1281, 2, 1, 0, 0, 0, 0, 0, 0, 8760, 0, 0, 3),
(2616, 1281, 9, 1, 0, 0, 0, 0, 0, 0, 8760, 0, 0, 5),
(2617, 1290, 1, 1, 0, 0, 0, 0, 0, 0, 8760, 2, 2, 1),
(2618, 1290, 2, 1, 0, 0, 0, 0, 0, 0, 8760, 2, 2, 1),
(2619, 1290, 5, 1, 0, 0, 0, 0, 0, 0, 8760, 2, 2, 1),
(2620, 1291, 3, 1, 0, 0, 0, 0, 0, 0, 8760, 1, 3, 2),
(2621, 1304, 2, 1, 0, 0, 0, 0, 0, 0, 8760, 0, 0, 0),
(2622, 1313, 12, 1, 0, 0, 0, 0, 0, 0, 8760, 0, 0, 0),
(2623, 1316, 1, 1, 0, 0, 3, 3, 3, 3, 8750, 0, 2, 0),
(2624, 1316, 2, 1, 0, 0, 3, 4, 3, 4, 8702, 1, 2, 0),
(2625, 1320, 1, 1, 0, 0, 4, 4, 4, 4, 8741, 0, 2, 3),
(2626, 1320, 2, 1, 0, 0, 1, 1, 1, 1, 8752, 0, 2, 3),
(2627, 1321, 1, 1, 0, 0, 0, 0, 0, 0, 8760, 0, 0, 0),
(2628, 1321, 2, 1, 0, 0, 0, 0, 0, 0, 8760, 0, 0, 0),
(2629, 1335, 1, 1, 0, 0, 0, 0, 0, 0, 8760, 0, 2, 0),
(2630, 1335, 9, 1, 0, 0, 0, 0, 0, 0, 8760, 0, 2, 0),
(2631, 1342, 1, 1, 0, 0, 3, 3, 3, 3, 8749, 0, 1, 1),
(2632, 1343, 1, 1, 0, 0, 0, 0, 0, 0, 8760, 0, 1, 0),
(2633, 1366, 1, 1, 3, 3, 3, 3, 3, 3, 8748, 2, 4, 3),
(2634, 1374, 1, 1, 0, 0, 2, 3, 2, 3, 8724, 3, 3, 0),
(2635, 1374, 2, 1, 0, 0, 1, 1, 1, 1, 8755, 3, 5, 0),
(2636, 1375, 2, 1, 0, 0, 0, 0, 0, 0, 8760, 2, 23, 18),
(2637, 1375, 3, 1, 0, 0, 0, 0, 0, 0, 8760, 0, 0, 1),
(2638, 1375, 5, 1, 0, 0, 0, 0, 0, 0, 8760, 0, 0, 0),
(2639, 1381, 1, 1, 0, 0, 1, 1, 1, 1, 8758, 1, 5, 0),
(2640, 1381, 2, 1, 0, 0, 1, 1, 1, 1, 8757, 1, 5, 0),
(2641, 1381, 5, 1, 0, 0, 0, 0, 0, 0, 8760, 1, 4, 0),
(2642, 1382, 1, 3, 0, 0, 2, 2, 2, 2, 8752, 0, 0, 0),
(2643, 1382, 2, 1, 0, 0, 0, 0, 0, 0, 8760, 0, 0, 0),
(2644, 1391, 1, 1, 0, 0, 1, 1, 1, 1, 8758, 1, 9, 1),
(2645, 1400, 1, 2, 0, 0, 0, 0, 0, 0, 8760, 0, 1, 0),
(2646, 1400, 2, 2, 0, 0, 0, 0, 0, 0, 8760, 0, 0, 0),
(2647, 1400, 9, 1, 0, 0, 0, 0, 0, 0, 8760, 0, 0, 0),
(2648, 1406, 3, 1, 0, 0, 0, 0, 0, 0, 8760, 1, 1, 0),
(2649, 1407, 1, 1, 0, 0, 3, 3, 3, 3, 8753, 1, 1, 0),
(2650, 9, 1, 2, 0, 0, 0, 0, 0, 0, 8760, 0, 0, 1),
(2651, 38, 1, 1, 0, 0, 1, 1, 1, 1, 8752, 1, 3, 0),
(2652, 38, 3, 1, 0, 0, 0, 0, 0, 0, 8760, 0, 0, 0),
(2653, 44, 1, 1, 0, 0, 2, 2, 2, 2, 8755, 2, 13, 0),
(2654, 44, 13, 1, 4, 4, 4, 4, 4, 4, 8739, 1, 3, 0),
(2655, 46, 1, 1, 0, 0, 7, 7, 7, 7, 8733, 0, 0, 1),
(2656, 46, 9, 1, 0, 0, 0, 0, 0, 0, 8760, 0, 0, 2),
(2657, 56, 1, 1, 0, 0, 0, 0, 0, 0, 8760, 0, 4, 4),
(2658, 56, 2, 1, 0, 0, 0, 0, 0, 0, 8760, 1, 4, 0),
(2659, 64, 1, 2, 1, 1, 9, 10, 9, 10, 8731, 0, 2, 1),
(2660, 65, 1, 1, 0, 0, 1, 1, 1, 1, 8754, 0, 0, 0),
(2661, 66, 1, 6, 5, 5, 5, 5, 5, 5, 8756, 2, 1, 1),
(2662, 85, 1, 1, 0, 0, 1, 1, 1, 1, 8753, 0, 0, 0),
(2663, 85, 2, 1, 0, 0, 0, 0, 0, 0, 8760, 0, 0, 0),
(2664, 71, 1, 1, 0, 0, 0, 0, 0, 0, 8760, 1, 3, 1),
(2665, 72, 1, 1, 0, 0, 2, 2, 2, 2, 8750, 0, 0, 0),
(2666, 76, 1, 1, 1, 1, 9, 10, 9, 10, 8661, 1, 1, 2),
(2667, 78, 3, 1, 0, 0, 0, 0, 0, 0, 8760, 2, 1, 0),
(2668, 82, 1, 1, 0, 0, 0, 0, 0, 0, 8760, 0, 0, 0),
(2669, 83, 1, 2, 0, 0, 0, 0, 0, 0, 8760, 0, 7, 1),
(2670, 90, 5, 1, 0, 0, 0, 0, 0, 0, 8760, 0, 0, 2),
(2671, 94, 1, 2, 10, 10, 12, 12, 12, 12, 8747, 0, 5, 0),
(2672, 94, 5, 1, 0, 0, 0, 0, 0, 0, 8760, 0, 0, 1),
(2673, 95, 1, 1, 0, 0, 0, 0, 0, 0, 8760, 0, 4, 1),
(2674, 99, 3, 1, 0, 0, 0, 0, 0, 0, 8760, 1, 0, 0),
(2675, 100, 1, 1, 0, 0, 1, 1, 1, 1, 8757, 2, 11, 0),
(2676, 104, 2, 1, 0, 0, 0, 0, 0, 0, 8760, 0, 0, 0),
(2677, 107, 1, 3, 1, 1, 7, 7, 7, 7, 8748, 0, 0, 0),
(2678, 110, 3, 1, 0, 0, 0, 0, 0, 0, 8760, 1, 1, 0),
(2679, 115, 1, 3, 0, 0, 0, 0, 0, 0, 8760, 0, 0, 1),
(2680, 122, 1, 1, 0, 0, 1, 1, 1, 1, 8757, 0, 0, 0),
(2681, 129, 1, 1, 0, 0, 0, 0, 0, 0, 8760, 0, 1, 0),
(2682, 132, 1, 1, 2, 2, 2, 2, 2, 2, 8755, 0, 2, 2),
(2683, 132, 2, 1, 1, 1, 1, 1, 1, 1, 8758, 0, 0, 1),
(2684, 132, 10, 1, 0, 0, 0, 0, 0, 0, 8760, 0, 2, 0),
(2685, 137, 2, 1, 1, 1, 1, 2, 1, 2, 8736, 3, 3, 4),
(2686, 140, 9, 1, 0, 0, 0, 0, 0, 0, 8760, 0, 0, 0),
(2687, 143, 1, 5, 0, 0, 0, 0, 0, 0, 8760, 0, 0, 0),
(2688, 143, 2, 2, 0, 0, 0, 0, 0, 0, 8760, 0, 0, 0),
(2689, 143, 12, 2, 2, 2, 2, 2, 2, 2, 8752, 0, 0, 0),
(2690, 144, 1, 1, 0, 0, 0, 0, 0, 0, 8760, 0, 1, 0),
(2691, 160, 9, 1, 0, 0, 0, 0, 0, 0, 8760, 1, 1, 3),
(2692, 162, 1, 1, 0, 0, 0, 0, 0, 0, 8760, 2, 4, 4),
(2693, 170, 1, 1, 0, 0, 1, 1, 1, 1, 8756, 0, 3, 1),
(2694, 165, 1, 1, 0, 0, 0, 0, 0, 0, 8760, 0, 1, 0),
(2695, 165, 2, 1, 0, 0, 0, 0, 0, 0, 8760, 0, 1, 0),
(2696, 165, 9, 1, 0, 0, 0, 0, 0, 0, 8760, 0, 0, 1),
(2697, 176, 1, 1, 0, 0, 3, 4, 3, 4, 8719, 0, 0, 0),
(2698, 176, 2, 2, 0, 0, 0, 0, 0, 0, 8760, 0, 0, 0),
(2699, 168, 1, 1, 0, 0, 0, 0, 0, 0, 8760, 0, 1, 1),
(2700, 178, 2, 1, 0, 0, 0, 0, 0, 0, 8760, 0, 1, 3),
(2701, 185, 1, 1, 2, 2, 2, 2, 2, 2, 8752, 0, 1, 1),
(2702, 189, 1, 1, 0, 0, 0, 0, 0, 0, 8760, 0, 0, 0),
(2703, 189, 2, 1, 0, 0, 0, 0, 0, 0, 8760, 0, 0, 0),
(2704, 191, 1, 1, 0, 0, 0, 0, 0, 0, 8760, 0, 4, 0),
(2705, 198, 1, 1, 0, 0, 0, 0, 0, 0, 8760, 0, 0, 0),
(2706, 200, 1, 1, 0, 0, 0, 0, 0, 0, 8760, 0, 3, 3),
(2707, 200, 5, 1, 0, 0, 0, 0, 0, 0, 8760, 0, 1, 2),
(2708, 200, 10, 1, 0, 0, 0, 0, 0, 0, 8760, 1, 2, 0),
(2709, 202, 2, 1, 0, 0, 0, 0, 0, 0, 8760, 0, 0, 0),
(2710, 206, 1, 3, 3, 3, 3, 3, 3, 3, 8751, 0, 1, 0),
(2711, 208, 1, 1, 0, 0, 1, 1, 1, 1, 8754, 0, 0, 0),
(2712, 232, 1, 1, 0, 0, 0, 0, 0, 0, 8760, 1, 3, 3),
(2713, 232, 2, 1, 0, 0, 0, 0, 0, 0, 8760, 1, 3, 4),
(2714, 235, 1, 1, 0, 0, 0, 0, 0, 0, 8760, 0, 3, 3),
(2715, 270, 1, 2, 6, 6, 15, 15, 15, 15, 8740, 0, 0, 11),
(2716, 271, 1, 1, 0, 0, 0, 0, 0, 0, 8760, 0, 0, 0),
(2717, 274, 1, 2, 0, 0, 0, 0, 0, 0, 8760, 0, 0, 0),
(2718, 274, 7, 1, 0, 0, 0, 0, 0, 0, 8760, 0, 0, 0),
(2719, 274, 10, 1, 0, 0, 0, 0, 0, 0, 8760, 0, 0, 0),
(2720, 277, 1, 1, 0, 0, 0, 0, 0, 0, 8760, 1, 1, 0),
(2721, 277, 2, 1, 0, 0, 0, 0, 0, 0, 8760, 0, 0, 0),
(2722, 277, 10, 1, 0, 0, 0, 0, 0, 0, 8760, 0, 0, 0),
(2723, 282, 1, 1, 0, 0, 0, 0, 0, 0, 8760, 0, 1, 0),
(2724, 290, 1, 2, 0, 0, 0, 0, 0, 0, 8760, 0, 2, 3),
(2725, 295, 1, 1, 0, 0, 0, 0, 0, 0, 8760, 0, 0, 0),
(2726, 297, 1, 1, 0, 0, 1, 1, 1, 1, 8757, 1, 1, 3),
(2727, 298, 1, 1, 0, 0, 0, 0, 0, 0, 8760, 0, 0, 0),
(2728, 299, 3, 1, 0, 0, 0, 0, 0, 0, 8760, 0, 2, 3),
(2729, 299, 5, 1, 0, 0, 0, 0, 0, 0, 8760, 0, 2, 3),
(2730, 299, 10, 1, 0, 0, 0, 0, 0, 0, 8760, 0, 2, 0),
(2731, 300, 2, 1, 0, 0, 0, 0, 0, 0, 8760, 0, 3, 4),
(2732, 301, 1, 1, 0, 0, 0, 0, 0, 0, 8760, 0, 0, 4),
(2733, 304, 2, 2, 0, 0, 0, 0, 0, 0, 8760, 0, 0, 0),
(2734, 304, 10, 1, 0, 0, 0, 0, 0, 0, 8760, 0, 0, 0),
(2735, 305, 1, 1, 0, 0, 0, 0, 0, 0, 8760, 0, 0, 1),
(2736, 306, 1, 1, 0, 0, 0, 0, 0, 0, 8760, 0, 2, 2),
(2737, 306, 10, 1, 0, 0, 0, 0, 0, 0, 8760, 0, 2, 0),
(2738, 307, 1, 1, 0, 0, 0, 0, 0, 0, 8760, 0, 0, 0),
(2739, 311, 10, 1, 0, 0, 0, 0, 0, 0, 8760, 0, 0, 0);

-- --------------------------------------------------------

--
-- Table structure for table `tbl_country`
--

CREATE TABLE `tbl_country` (
  `Country_Id` int(6) NOT NULL,
  `Country_Name` varchar(100) NOT NULL,
  `Country_Latitude` varchar(20) NOT NULL,
  `Country_Longitude` varchar(20) NOT NULL,
  `Country_Zoom` smallint(2) NOT NULL,
  `country_centre_lat` varchar(20) NOT NULL,
  `country_centre_long` varchar(20) NOT NULL,
  `sitecore_lat` varchar(40) NOT NULL,
  `sitecore_lng` varchar(40) NOT NULL,
  `sitecore_zoom` smallint(2) NOT NULL
) ENGINE=InnoDB DEFAULT CHARSET=latin1;

--
-- Dumping data for table `tbl_country`
--

INSERT INTO `tbl_country` (`Country_Id`, `Country_Name`, `Country_Latitude`, `Country_Longitude`, `Country_Zoom`, `country_centre_lat`, `country_centre_long`, `sitecore_lat`, `sitecore_lng`, `sitecore_zoom`) VALUES
(1, 'Saudi Arabia', '24.48868256', '45.16705263', 6, '26.152254', '45.813284', '26.152254', '45.813284', 6),
(2, 'UAE', '24.55207276', '54.219787', 9, '25.11635986', '55.32063336', '25.11635986', '55.32063336', 8),
(3, 'Kuwait', '29.95639876', '47.49615419', 11, '29.27205636', '47.77084376', '29.27205636', '47.77084376', 9),
(4, 'Qatar', '24.50846801', '51.17429137', 10, '25.39609502', '51.18206727', '25.39609502', '51.18206727', 9),
(5, 'Oman', '21.29094899', '56.19732606', 7, '20.991375', '56.18441', '20.991375', '56.18441', 6),
(6, 'Bahrain', '26.62932895', '50.57232606', 12, '26.14547255', '50.5462969', '26.14547255', '50.5462969', 11),
(7, 'Jordan', '30.52586528', '36.68560731', 8, '31.28252776', '36.28675095', '31.28252776', '36.28675095', 7),
(8, 'Lebanon', '33.854721', '35.86228499', 10, '33.854721', '35.86228499', '33.854721', '35.86228499', 10);

-- --------------------------------------------------------

--
-- Table structure for table `tbl_devices`
--

CREATE TABLE `tbl_devices` (
  `Device_Id` int(6) NOT NULL,
  `sort_order` int(11) NOT NULL,
  `Supplier_Id` int(6) NOT NULL,
  `Device_Name` varchar(100) NOT NULL,
  `device_logo` varchar(40) NOT NULL,
  `type` enum('all','kuwait','both') NOT NULL,
  `date` datetime DEFAULT NULL
) ENGINE=InnoDB DEFAULT CHARSET=latin1;

--
-- Dumping data for table `tbl_devices`
--

INSERT INTO `tbl_devices` (`Device_Id`, `sort_order`, `Supplier_Id`, `Device_Name`, `device_logo`, `type`, `date`) VALUES
(1, 1, 1, '01- Hair Removal', 'gentle_laser_logo.png', 'all', '2020-01-26 16:40:08'),
(2, 2, 2, '02- Spectra', 'spectra_logo.png', 'both', '2020-01-26 16:40:43'),
(3, 3, 2, '03- Action II', 'action2_logo.png', 'both', '2020-01-26 16:41:08'),
(4, 4, 2, '04- eCO2', 'eco2_logo.png', 'both', '2020-01-26 16:41:29'),
(5, 5, 2, '05- Infini', 'infini_logo.png', 'both', '2020-01-26 16:41:51'),
(6, 6, 2, '06- Clarity', 'clarity_logo.png', 'kuwait', '2020-01-26 16:42:19'),
(7, 12, 2, '12- enCurve', 'encurve_logo.png', 'both', '2020-01-26 16:42:28'),
(8, 9, 3, '09- Artas', 'artas_logo.png', 'both', '2020-01-26 16:42:29'),
(9, 8, 4, '08- Ultraformer', 'ultraformer_logo.png', 'both', '2020-01-26 16:42:35'),
(10, 15, 2, '15- Lasemd', 'lasemd_logo.png', 'both', '2020-01-26 16:42:38'),
(11, 16, 2, '16- Picoplus', 'picoplus_logo.png', 'kuwait', '2020-01-26 16:42:39'),
(12, 14, 1, '14- Picoway', 'picoway_logo.png', 'all', '2020-01-26 16:42:41'),
(13, 10, 1, '10- VBeam', 'vbeam_logo.png', 'all', '2020-01-26 16:42:43');

-- --------------------------------------------------------

--
-- Table structure for table `tbl_device_install`
--

CREATE TABLE `tbl_device_install` (
  `Install_Id` int(6) NOT NULL,
  `Clinic_Id` int(6) NOT NULL,
  `Device_Id` int(6) NOT NULL
) ENGINE=InnoDB DEFAULT CHARSET=latin1;

--
-- Dumping data for table `tbl_device_install`
--

INSERT INTO `tbl_device_install` (`Install_Id`, `Clinic_Id`, `Device_Id`) VALUES
(1, 1, 1),
(2, 2, 3),
(3, 2, 7),
(4, 2, 9),
(5, 2, 2),
(6, 2, 1),
(7, 2, 5),
(8, 3, 1),
(9, 4, 3),
(10, 4, 2),
(11, 4, 1),
(12, 5, 1),
(13, 6, 1),
(14, 6, 7),
(15, 6, 2),
(16, 7, 1),
(17, 8, 10),
(18, 8, 2),
(19, 8, 1),
(20, 9, 1),
(21, 10, 9),
(22, 10, 2),
(23, 10, 5),
(24, 10, 1),
(25, 11, 2),
(26, 11, 1),
(27, 12, 1),
(28, 13, 1),
(29, 13, 2),
(30, 14, 2),
(31, 14, 1),
(32, 15, 1),
(33, 15, 7),
(34, 15, 2),
(35, 15, 4),
(36, 16, 3),
(37, 17, 5),
(38, 18, 2),
(39, 18, 1),
(40, 19, 3),
(41, 19, 5),
(42, 19, 1),
(43, 19, 2),
(44, 20, 6),
(45, 21, 1),
(46, 21, 2),
(47, 22, 1),
(48, 22, 3),
(49, 22, 2),
(50, 23, 2),
(51, 23, 1),
(52, 24, 4),
(53, 24, 1),
(54, 24, 2),
(55, 25, 3),
(56, 26, 9),
(57, 26, 1),
(58, 27, 6),
(59, 28, 2),
(60, 28, 1),
(61, 29, 1),
(62, 30, 1),
(63, 31, 1),
(64, 31, 9),
(65, 32, 3),
(66, 32, 2),
(67, 32, 1),
(68, 33, 6),
(69, 33, 2),
(70, 34, 1),
(71, 35, 1),
(72, 35, 2),
(73, 36, 9),
(74, 36, 3),
(75, 36, 4),
(76, 37, 1),
(77, 38, 1),
(78, 38, 3),
(79, 39, 1),
(80, 40, 1),
(81, 40, 2),
(82, 41, 1),
(83, 41, 2),
(84, 41, 5),
(85, 42, 2),
(86, 42, 7),
(87, 42, 1),
(88, 42, 4),
(89, 43, 5),
(90, 43, 2),
(91, 43, 1),
(92, 44, 13),
(93, 44, 1),
(94, 45, 3),
(95, 45, 10),
(96, 45, 9),
(97, 45, 5),
(98, 46, 1),
(99, 46, 9),
(100, 47, 1),
(101, 48, 1),
(102, 48, 5),
(103, 48, 2),
(104, 49, 1),
(105, 50, 1),
(106, 51, 1),
(107, 52, 1),
(108, 52, 2),
(109, 53, 3),
(110, 54, 1),
(111, 54, 7),
(112, 55, 1),
(113, 56, 2),
(114, 56, 1),
(115, 57, 6),
(116, 58, 9),
(117, 58, 6),
(118, 59, 6),
(119, 60, 1),
(120, 61, 1),
(121, 62, 9),
(122, 62, 4),
(123, 62, 1),
(124, 62, 2),
(125, 63, 1),
(126, 64, 1),
(127, 65, 1),
(128, 66, 1),
(129, 67, 3),
(130, 67, 2),
(131, 67, 1),
(132, 68, 2),
(133, 69, 2),
(134, 69, 1),
(135, 69, 4),
(136, 70, 2),
(137, 71, 1),
(138, 72, 1),
(139, 73, 2),
(140, 73, 5),
(141, 74, 2),
(142, 75, 2),
(143, 75, 1),
(144, 75, 7),
(145, 75, 4),
(146, 76, 1),
(147, 77, 1),
(148, 78, 3),
(149, 79, 5),
(150, 79, 1),
(151, 79, 2),
(152, 79, 3),
(153, 80, 1),
(154, 81, 4),
(155, 82, 1),
(156, 83, 1),
(157, 84, 1),
(158, 85, 2),
(159, 85, 1),
(160, 86, 2),
(161, 87, 1),
(162, 88, 1),
(163, 89, 1),
(164, 90, 5),
(165, 91, 1),
(166, 92, 1),
(167, 93, 1),
(168, 94, 1),
(169, 94, 5),
(170, 95, 1),
(171, 96, 10),
(172, 96, 2),
(173, 97, 10),
(174, 98, 1),
(175, 98, 4),
(176, 98, 2),
(177, 99, 3),
(178, 100, 1),
(179, 101, 10),
(180, 101, 1),
(181, 101, 7),
(182, 101, 9),
(183, 102, 1),
(184, 103, 6),
(185, 104, 2),
(186, 105, 1),
(187, 106, 3),
(188, 106, 2),
(189, 106, 9),
(190, 106, 1),
(191, 107, 1),
(192, 108, 1),
(193, 108, 7),
(194, 108, 10),
(195, 109, 1),
(196, 110, 3),
(197, 111, 9),
(198, 112, 5),
(199, 112, 1),
(200, 113, 2),
(201, 113, 4),
(202, 113, 1),
(203, 114, 1),
(204, 115, 1),
(205, 116, 2),
(206, 116, 3),
(207, 116, 6),
(208, 117, 3),
(209, 117, 2),
(210, 117, 1),
(211, 118, 2),
(212, 118, 6),
(213, 119, 2),
(214, 119, 1),
(215, 120, 2),
(216, 120, 7),
(217, 120, 9),
(218, 120, 1),
(219, 120, 4),
(220, 121, 1),
(221, 121, 4),
(222, 121, 2),
(223, 122, 1),
(224, 123, 1),
(225, 123, 2),
(226, 124, 1),
(227, 124, 2),
(228, 124, 9),
(229, 124, 12),
(230, 124, 7),
(231, 124, 5),
(232, 125, 1),
(233, 126, 7),
(234, 126, 9),
(235, 126, 10),
(236, 126, 1),
(237, 127, 2),
(238, 127, 1),
(239, 128, 1),
(240, 129, 1),
(241, 130, 1),
(242, 131, 13),
(243, 131, 5),
(244, 132, 2),
(245, 132, 10),
(246, 132, 1),
(247, 133, 1),
(248, 134, 5),
(249, 134, 7),
(250, 134, 9),
(251, 135, 2),
(252, 136, 1),
(253, 136, 2),
(254, 137, 2),
(255, 138, 5),
(256, 138, 1),
(257, 138, 2),
(258, 139, 1),
(259, 139, 2),
(260, 140, 9),
(261, 141, 1),
(262, 142, 1),
(263, 142, 2),
(264, 143, 2),
(265, 143, 12),
(266, 143, 1),
(267, 144, 1),
(268, 145, 1),
(269, 146, 1),
(270, 146, 2),
(271, 147, 1),
(272, 147, 4),
(273, 147, 2),
(274, 148, 1),
(275, 148, 2),
(276, 149, 1),
(277, 150, 9),
(278, 151, 10),
(279, 151, 4),
(280, 151, 1),
(281, 151, 12),
(282, 151, 2),
(283, 151, 5),
(284, 151, 7),
(285, 151, 9),
(286, 152, 9),
(287, 153, 1),
(288, 153, 4),
(289, 153, 2),
(290, 154, 1),
(291, 154, 2),
(292, 155, 2),
(293, 155, 1),
(294, 156, 10),
(295, 156, 9),
(296, 156, 2),
(297, 156, 1),
(298, 157, 1),
(299, 157, 9),
(300, 158, 7),
(301, 158, 1),
(302, 158, 9),
(303, 159, 7),
(304, 159, 9),
(305, 159, 6),
(306, 159, 2),
(307, 159, 5),
(308, 159, 3),
(309, 159, 10),
(310, 160, 9),
(311, 161, 1),
(312, 162, 1),
(313, 163, 2),
(314, 163, 1),
(315, 163, 7),
(316, 163, 9),
(317, 164, 12),
(318, 164, 10),
(319, 164, 1),
(320, 164, 5),
(321, 164, 7),
(322, 165, 2),
(323, 165, 9),
(324, 165, 1),
(325, 166, 2),
(326, 166, 1),
(327, 167, 1),
(328, 168, 1),
(329, 169, 10),
(330, 169, 1),
(331, 169, 2),
(332, 169, 7),
(333, 170, 1),
(334, 171, 1),
(335, 171, 2),
(336, 171, 3),
(337, 172, 2),
(338, 172, 7),
(339, 172, 9),
(340, 172, 6),
(341, 172, 4),
(342, 173, 2),
(343, 173, 4),
(344, 173, 5),
(345, 173, 9),
(346, 173, 7),
(347, 173, 6),
(348, 174, 2),
(349, 175, 1),
(350, 176, 2),
(351, 176, 1),
(352, 177, 1),
(353, 177, 2),
(354, 177, 4),
(355, 178, 2),
(356, 179, 1),
(357, 180, 9),
(358, 180, 3),
(359, 180, 5),
(360, 181, 2),
(361, 181, 1),
(362, 182, 10),
(363, 182, 12),
(364, 183, 1),
(365, 184, 10),
(366, 184, 1),
(367, 185, 1),
(368, 186, 7),
(369, 186, 9),
(370, 186, 5),
(371, 187, 1),
(372, 187, 2),
(373, 188, 1),
(374, 188, 2),
(375, 188, 5),
(376, 189, 1),
(377, 189, 2),
(378, 190, 6),
(379, 190, 3),
(380, 190, 5),
(381, 191, 1),
(382, 192, 7),
(383, 192, 10),
(384, 192, 4),
(385, 192, 1),
(386, 192, 5),
(387, 192, 2),
(388, 193, 3),
(389, 193, 1),
(390, 194, 1),
(391, 194, 4),
(392, 194, 2),
(393, 195, 2),
(394, 195, 1),
(395, 196, 4),
(396, 196, 1),
(397, 196, 5),
(398, 196, 2),
(399, 197, 1),
(400, 198, 1),
(401, 199, 2),
(402, 199, 1),
(403, 199, 7),
(404, 199, 4),
(405, 200, 10),
(406, 200, 5),
(407, 200, 1),
(408, 201, 1),
(409, 202, 2),
(410, 203, 1),
(411, 204, 2),
(412, 205, 1),
(413, 206, 1),
(414, 207, 9),
(415, 208, 1),
(416, 209, 1),
(417, 210, 1),
(418, 210, 3),
(419, 211, 9),
(420, 211, 5),
(421, 211, 2),
(422, 211, 10),
(423, 211, 4),
(424, 211, 1),
(425, 212, 1),
(426, 212, 2),
(427, 213, 10),
(428, 214, 2),
(429, 214, 1),
(430, 215, 1),
(431, 216, 4),
(432, 216, 2),
(433, 216, 1),
(434, 216, 9),
(435, 216, 7),
(436, 217, 1),
(437, 218, 9),
(438, 218, 12),
(439, 218, 1),
(440, 219, 5),
(441, 219, 1),
(442, 219, 9),
(443, 219, 4),
(444, 220, 1),
(445, 221, 1),
(446, 221, 7),
(447, 222, 2),
(448, 222, 7),
(449, 222, 1),
(450, 223, 1),
(451, 223, 2),
(452, 224, 2),
(453, 224, 1),
(454, 225, 9),
(455, 225, 1),
(456, 225, 2),
(457, 226, 1),
(458, 227, 2),
(459, 227, 1),
(460, 228, 2),
(461, 228, 1),
(462, 229, 2),
(463, 229, 1),
(464, 230, 2),
(465, 230, 1),
(466, 231, 1),
(467, 232, 2),
(468, 232, 1),
(469, 233, 2),
(470, 233, 1),
(471, 233, 4),
(472, 234, 1),
(473, 235, 1),
(474, 236, 2),
(475, 236, 1),
(476, 237, 1),
(477, 237, 10),
(478, 238, 2),
(479, 238, 1),
(480, 239, 1),
(481, 240, 1),
(482, 240, 2),
(483, 241, 1),
(484, 242, 1),
(485, 243, 1),
(486, 243, 2),
(487, 244, 3),
(488, 245, 1),
(489, 246, 1),
(490, 247, 1),
(491, 248, 2),
(492, 248, 1),
(493, 249, 1),
(494, 250, 1),
(495, 251, 2),
(496, 252, 10),
(497, 252, 9),
(498, 253, 4),
(499, 253, 1),
(500, 253, 2),
(501, 254, 7),
(502, 254, 9),
(503, 254, 1),
(504, 255, 2),
(505, 256, 2),
(506, 256, 1),
(507, 257, 1),
(508, 257, 4),
(509, 258, 1),
(510, 259, 2),
(511, 259, 1),
(512, 260, 1),
(513, 261, 1),
(514, 261, 4),
(515, 262, 1),
(516, 263, 1),
(517, 264, 6),
(518, 264, 2),
(519, 264, 3),
(520, 265, 1),
(521, 266, 3),
(522, 267, 1),
(523, 267, 10),
(524, 268, 1),
(525, 269, 1),
(526, 270, 1),
(527, 271, 1),
(528, 272, 2),
(529, 272, 5),
(530, 273, 2),
(531, 273, 1),
(532, 274, 7),
(533, 274, 10),
(534, 274, 1),
(535, 275, 1),
(536, 275, 9),
(537, 276, 6),
(538, 276, 10),
(539, 277, 10),
(540, 277, 1),
(541, 277, 2),
(542, 278, 6),
(543, 279, 4),
(544, 280, 6),
(545, 280, 12),
(546, 280, 2),
(547, 281, 10),
(548, 282, 1),
(549, 283, 6),
(550, 284, 1),
(551, 284, 2),
(552, 285, 6),
(553, 285, 2),
(554, 285, 4),
(555, 285, 5),
(556, 285, 7),
(557, 286, 1),
(558, 286, 3),
(559, 287, 2),
(560, 287, 5),
(561, 288, 2),
(562, 288, 6),
(563, 289, 10),
(564, 289, 2),
(565, 290, 1),
(566, 291, 10),
(567, 291, 6),
(568, 291, 2),
(569, 291, 5),
(570, 292, 2),
(571, 292, 5),
(572, 292, 6),
(573, 293, 10),
(574, 293, 9),
(575, 293, 6),
(576, 293, 4),
(577, 293, 2),
(578, 293, 5),
(579, 294, 5),
(580, 295, 1),
(581, 296, 1),
(582, 296, 2),
(583, 297, 1),
(584, 298, 1),
(585, 299, 5),
(586, 299, 3),
(587, 299, 10),
(588, 300, 2),
(589, 301, 1),
(590, 302, 3),
(591, 302, 2),
(592, 302, 1),
(593, 303, 13),
(594, 304, 10),
(595, 304, 2),
(596, 305, 1),
(597, 306, 1),
(598, 306, 10),
(599, 307, 1),
(600, 308, 2),
(601, 308, 1),
(602, 308, 4),
(603, 309, 2),
(604, 310, 2),
(605, 310, 3),
(606, 311, 10),
(607, 312, 1),
(608, 313, 2),
(609, 313, 5),
(610, 313, 1),
(611, 313, 4),
(612, 314, 1),
(613, 315, 5),
(614, 315, 1),
(615, 316, 1),
(616, 317, 13),
(617, 317, 1),
(618, 317, 4),
(619, 317, 3),
(620, 318, 1),
(621, 319, 1),
(622, 320, 1),
(623, 321, 1),
(624, 321, 2),
(625, 321, 3),
(626, 322, 1),
(627, 323, 3),
(628, 323, 1),
(629, 323, 2),
(630, 324, 1),
(631, 324, 2),
(632, 325, 2),
(633, 325, 4),
(634, 325, 1),
(635, 326, 1),
(636, 327, 1),
(637, 328, 9),
(638, 329, 1),
(639, 330, 3),
(640, 330, 1),
(641, 330, 2),
(642, 331, 1),
(643, 332, 1),
(644, 333, 1),
(645, 334, 1),
(646, 335, 1),
(647, 336, 2),
(648, 336, 4),
(649, 336, 1),
(650, 336, 13),
(651, 337, 1),
(652, 338, 2),
(653, 338, 4),
(654, 338, 1),
(655, 339, 2),
(656, 339, 1),
(657, 340, 1),
(658, 341, 1),
(659, 341, 2),
(660, 341, 4),
(661, 342, 4),
(662, 342, 1),
(663, 342, 13),
(664, 343, 1),
(665, 343, 3),
(666, 344, 5),
(667, 344, 3),
(668, 344, 1),
(669, 345, 1),
(670, 345, 7),
(671, 346, 9),
(672, 346, 1),
(673, 347, 1),
(674, 348, 1),
(675, 349, 3),
(676, 349, 4),
(677, 349, 1),
(678, 350, 1),
(679, 351, 1),
(680, 352, 1),
(681, 353, 1),
(682, 354, 1),
(683, 355, 1),
(684, 355, 2),
(685, 355, 4),
(686, 356, 1),
(687, 357, 4),
(688, 358, 1),
(689, 358, 3),
(690, 359, 13),
(691, 359, 1),
(692, 360, 1),
(693, 360, 13),
(694, 361, 4),
(695, 361, 13),
(696, 361, 2),
(697, 362, 13),
(698, 362, 4),
(699, 362, 3),
(700, 363, 3),
(701, 363, 1),
(702, 363, 13),
(703, 364, 13),
(704, 365, 4),
(705, 365, 13),
(706, 365, 1),
(707, 366, 1),
(708, 367, 1),
(709, 367, 13),
(710, 368, 4),
(711, 369, 1),
(712, 370, 3),
(713, 370, 4),
(714, 370, 1),
(715, 370, 12),
(716, 370, 13),
(717, 371, 13),
(718, 371, 4),
(719, 371, 1),
(720, 371, 5),
(721, 372, 13),
(722, 373, 1),
(723, 374, 4),
(724, 374, 1),
(725, 375, 4),
(726, 375, 1),
(727, 376, 2),
(728, 376, 1),
(729, 377, 3),
(730, 377, 2),
(731, 377, 4),
(732, 377, 10),
(733, 377, 1),
(734, 378, 1),
(735, 379, 1),
(736, 380, 2),
(737, 380, 1),
(738, 381, 2),
(739, 381, 1),
(740, 382, 4),
(741, 382, 1),
(742, 382, 2),
(743, 382, 5),
(744, 383, 1),
(745, 384, 9),
(746, 385, 1),
(747, 386, 1),
(748, 386, 2),
(749, 387, 1),
(750, 387, 2),
(751, 387, 3),
(752, 388, 1),
(753, 389, 1),
(754, 390, 9),
(755, 390, 4),
(756, 390, 2),
(757, 390, 1),
(758, 390, 5),
(759, 391, 1),
(760, 392, 1),
(761, 393, 2),
(762, 394, 1),
(763, 395, 1),
(764, 395, 2),
(765, 396, 2),
(766, 396, 1),
(767, 397, 1),
(768, 397, 2),
(769, 398, 1),
(770, 399, 1),
(771, 399, 2),
(772, 400, 2),
(773, 400, 1),
(774, 401, 2),
(775, 401, 4),
(776, 401, 1),
(777, 402, 1),
(778, 403, 1),
(779, 404, 4),
(780, 404, 1),
(781, 404, 2),
(782, 405, 5),
(783, 405, 4),
(784, 405, 2),
(785, 405, 1),
(786, 406, 1),
(787, 407, 9),
(788, 407, 10),
(789, 407, 3),
(790, 407, 5),
(791, 407, 2),
(792, 407, 1),
(793, 407, 4),
(794, 408, 4),
(795, 408, 3),
(796, 408, 2),
(797, 408, 1),
(798, 409, 1),
(799, 410, 1),
(800, 411, 4),
(801, 411, 1),
(802, 411, 2),
(803, 412, 1),
(804, 413, 1),
(805, 414, 2),
(806, 415, 1),
(807, 415, 2),
(808, 415, 3),
(809, 416, 4),
(810, 416, 1),
(811, 417, 1),
(812, 418, 4),
(813, 418, 1),
(814, 418, 3),
(815, 419, 1),
(816, 419, 13),
(817, 419, 2),
(818, 420, 1),
(819, 420, 2),
(820, 421, 1),
(821, 422, 1),
(822, 422, 2),
(823, 423, 1),
(824, 424, 1),
(825, 424, 2),
(826, 424, 3),
(827, 425, 1),
(828, 426, 4),
(829, 426, 1),
(830, 427, 4),
(831, 427, 1),
(832, 427, 3),
(833, 428, 2),
(834, 428, 3),
(835, 428, 1),
(836, 428, 13),
(837, 429, 4),
(838, 430, 1),
(839, 431, 1),
(840, 432, 2),
(841, 432, 13),
(842, 432, 4),
(843, 432, 1),
(844, 433, 3),
(845, 433, 2),
(846, 433, 1),
(847, 434, 1),
(848, 435, 2),
(849, 435, 4),
(850, 435, 1),
(851, 435, 9),
(852, 435, 5),
(853, 436, 1),
(854, 437, 1),
(855, 438, 1),
(856, 439, 1),
(857, 439, 4),
(858, 440, 1),
(859, 441, 1),
(860, 441, 2),
(861, 441, 4),
(862, 441, 9),
(863, 441, 5),
(864, 442, 1),
(865, 442, 2),
(866, 443, 2),
(867, 444, 3),
(868, 445, 2),
(869, 445, 1),
(870, 446, 2),
(871, 446, 4),
(872, 446, 1),
(873, 446, 9),
(874, 446, 5),
(875, 447, 1),
(876, 447, 2),
(877, 447, 3),
(878, 447, 4),
(879, 447, 5),
(880, 448, 1),
(881, 448, 3),
(882, 448, 9),
(883, 449, 1),
(884, 449, 4),
(885, 449, 10),
(886, 449, 2),
(887, 450, 1),
(888, 451, 1),
(889, 451, 13),
(890, 452, 1),
(891, 452, 13),
(892, 452, 3),
(893, 452, 7),
(894, 453, 2),
(895, 453, 1),
(896, 454, 2),
(897, 454, 7),
(898, 454, 1),
(899, 454, 9),
(900, 455, 3),
(901, 455, 1),
(902, 455, 4),
(903, 456, 2),
(904, 457, 1),
(905, 458, 13),
(906, 458, 1),
(907, 459, 1),
(908, 459, 2),
(909, 460, 1),
(910, 461, 1),
(911, 462, 1),
(912, 463, 1),
(913, 464, 4),
(914, 464, 1),
(915, 464, 9),
(916, 465, 1),
(917, 466, 4),
(918, 466, 1),
(919, 466, 13),
(920, 467, 1),
(921, 468, 9),
(922, 468, 13),
(923, 469, 2),
(924, 469, 1),
(925, 469, 9),
(926, 470, 13),
(927, 470, 9),
(928, 470, 1),
(929, 471, 1),
(930, 472, 1),
(931, 473, 2),
(932, 473, 1),
(933, 473, 5),
(934, 474, 1),
(935, 475, 1),
(936, 475, 2),
(937, 476, 1),
(938, 477, 1),
(939, 478, 1),
(940, 479, 2),
(941, 479, 1),
(942, 480, 2),
(943, 480, 1),
(944, 481, 13),
(945, 481, 4),
(946, 481, 2),
(947, 482, 1),
(948, 483, 1),
(949, 484, 4),
(950, 484, 13),
(951, 485, 1),
(952, 485, 2),
(953, 486, 1),
(954, 487, 1),
(955, 488, 1),
(956, 488, 9),
(957, 488, 3),
(958, 488, 2),
(959, 489, 1),
(960, 489, 2),
(961, 489, 9),
(962, 490, 1),
(963, 491, 2),
(964, 492, 4),
(965, 492, 9),
(966, 492, 1),
(967, 492, 5),
(968, 492, 2),
(969, 492, 3),
(970, 493, 1),
(971, 494, 2),
(972, 494, 1),
(973, 494, 4),
(974, 495, 2),
(975, 495, 1),
(976, 496, 1),
(977, 496, 2),
(978, 497, 2),
(979, 497, 4),
(980, 497, 9),
(981, 497, 5),
(982, 497, 1),
(983, 498, 1),
(984, 499, 3),
(985, 499, 1),
(986, 499, 2),
(987, 500, 2),
(988, 500, 4),
(989, 500, 1),
(990, 501, 2),
(991, 501, 13),
(992, 501, 1),
(993, 501, 4),
(994, 502, 1),
(995, 502, 9),
(996, 503, 1),
(997, 504, 4),
(998, 504, 1),
(999, 505, 1),
(1000, 505, 2),
(1001, 506, 1),
(1002, 506, 2),
(1003, 507, 3),
(1004, 508, 1),
(1005, 509, 1),
(1006, 510, 10),
(1007, 510, 3),
(1008, 510, 2),
(1009, 510, 9),
(1010, 510, 1),
(1011, 511, 1),
(1012, 512, 1),
(1013, 513, 1),
(1014, 513, 2),
(1015, 514, 3),
(1016, 514, 1),
(1017, 515, 1),
(1018, 516, 1),
(1019, 517, 4),
(1020, 517, 1),
(1021, 518, 1),
(1022, 519, 3),
(1023, 519, 1),
(1024, 520, 1),
(1025, 521, 4),
(1026, 521, 9),
(1027, 521, 1),
(1028, 521, 2),
(1029, 522, 1),
(1030, 523, 5),
(1031, 523, 1),
(1032, 523, 2),
(1033, 524, 1),
(1034, 525, 2),
(1035, 525, 1),
(1036, 525, 9),
(1037, 526, 5),
(1038, 526, 1),
(1039, 527, 1),
(1040, 527, 2),
(1041, 528, 1),
(1042, 528, 4),
(1043, 528, 13),
(1044, 529, 1),
(1045, 530, 1),
(1046, 530, 2),
(1047, 531, 1),
(1048, 532, 1),
(1049, 532, 2),
(1050, 532, 3),
(1051, 533, 1),
(1052, 534, 2),
(1053, 534, 1),
(1054, 534, 9),
(1055, 535, 1),
(1056, 536, 2),
(1057, 537, 3),
(1058, 537, 1),
(1059, 538, 9),
(1060, 538, 10),
(1061, 539, 1),
(1062, 540, 1),
(1063, 541, 1),
(1064, 542, 1),
(1065, 543, 1),
(1066, 544, 1),
(1067, 544, 13),
(1068, 545, 1),
(1069, 546, 1),
(1070, 547, 4),
(1071, 547, 2),
(1072, 547, 1),
(1073, 547, 10),
(1074, 547, 5),
(1075, 548, 1),
(1076, 549, 2),
(1077, 549, 1),
(1078, 549, 4),
(1079, 550, 2),
(1080, 550, 1),
(1081, 550, 4),
(1082, 550, 5),
(1083, 550, 13),
(1084, 551, 2),
(1085, 551, 1),
(1086, 552, 2),
(1087, 552, 3),
(1088, 552, 1),
(1089, 553, 1),
(1090, 554, 1),
(1091, 555, 1),
(1092, 555, 5),
(1093, 556, 4),
(1094, 556, 1),
(1095, 557, 1),
(1096, 558, 2),
(1097, 558, 1),
(1098, 559, 3),
(1099, 559, 13),
(1100, 560, 1),
(1101, 561, 1),
(1102, 561, 4),
(1103, 561, 2),
(1104, 562, 1),
(1105, 563, 1),
(1106, 563, 3),
(1107, 564, 1),
(1108, 565, 1),
(1109, 565, 2),
(1110, 566, 7),
(1111, 567, 2),
(1112, 567, 1),
(1113, 568, 2),
(1114, 568, 13),
(1115, 569, 1),
(1116, 570, 10),
(1117, 570, 1),
(1118, 570, 3),
(1119, 570, 4),
(1120, 570, 2),
(1121, 571, 1),
(1122, 572, 9),
(1123, 572, 2),
(1124, 572, 1),
(1125, 573, 1),
(1126, 573, 2),
(1127, 574, 4),
(1128, 574, 1),
(1129, 574, 13),
(1130, 575, 1),
(1131, 576, 1),
(1132, 577, 1),
(1133, 578, 1),
(1134, 578, 13),
(1135, 579, 1),
(1136, 580, 1),
(1137, 581, 1),
(1138, 582, 1),
(1139, 582, 2),
(1140, 583, 1),
(1141, 583, 2),
(1142, 584, 3),
(1143, 584, 1),
(1144, 585, 1),
(1145, 585, 4),
(1146, 586, 9),
(1147, 586, 1),
(1148, 586, 2),
(1149, 587, 1),
(1150, 588, 1),
(1151, 589, 2),
(1152, 589, 9),
(1153, 589, 1),
(1154, 590, 1),
(1155, 591, 4),
(1156, 591, 1),
(1157, 592, 1),
(1158, 593, 1),
(1159, 594, 1),
(1160, 595, 1),
(1161, 596, 1),
(1162, 596, 2),
(1163, 597, 1),
(1164, 598, 1),
(1165, 599, 3),
(1166, 599, 5),
(1167, 599, 1),
(1168, 599, 4),
(1169, 599, 9),
(1170, 599, 2),
(1171, 599, 7),
(1172, 600, 13),
(1173, 600, 2),
(1174, 601, 1),
(1175, 602, 1),
(1176, 603, 1),
(1177, 604, 4),
(1178, 604, 2),
(1179, 604, 9),
(1180, 604, 13),
(1181, 604, 1),
(1182, 605, 1),
(1183, 605, 9),
(1184, 606, 1),
(1185, 606, 2),
(1186, 607, 4),
(1187, 608, 2),
(1188, 608, 1),
(1189, 608, 5),
(1190, 609, 2),
(1191, 609, 1),
(1192, 609, 3),
(1193, 610, 2),
(1194, 610, 1),
(1195, 611, 2),
(1196, 611, 5),
(1197, 611, 1),
(1198, 611, 4),
(1199, 611, 9),
(1200, 612, 2),
(1201, 612, 1),
(1202, 613, 1),
(1203, 614, 1),
(1204, 614, 2),
(1205, 615, 1),
(1206, 616, 1),
(1207, 617, 1),
(1208, 617, 9),
(1209, 617, 2),
(1210, 618, 1),
(1211, 619, 2),
(1212, 619, 1),
(1213, 620, 1),
(1214, 620, 9),
(1215, 620, 2),
(1216, 621, 1),
(1217, 622, 2),
(1218, 622, 4),
(1219, 622, 1),
(1220, 622, 3),
(1221, 623, 1),
(1222, 624, 1),
(1223, 624, 2),
(1224, 625, 3),
(1225, 625, 1),
(1226, 625, 2),
(1227, 626, 1),
(1228, 627, 2),
(1229, 627, 1),
(1230, 627, 4),
(1231, 628, 1),
(1232, 629, 1),
(1233, 630, 1),
(1234, 631, 1),
(1235, 632, 4),
(1236, 632, 1),
(1237, 633, 7),
(1238, 633, 2),
(1239, 633, 1),
(1240, 634, 1),
(1241, 635, 3),
(1242, 635, 2),
(1243, 635, 4),
(1244, 635, 1),
(1245, 636, 1),
(1246, 637, 1),
(1247, 638, 1),
(1248, 639, 4),
(1249, 639, 1),
(1250, 640, 1),
(1251, 641, 1),
(1252, 642, 1),
(1253, 643, 1),
(1254, 643, 2),
(1255, 643, 4),
(1256, 643, 5),
(1257, 644, 1),
(1258, 645, 2),
(1259, 645, 1),
(1260, 646, 3),
(1261, 646, 1),
(1262, 646, 2),
(1263, 647, 2),
(1264, 647, 1),
(1265, 648, 1),
(1266, 648, 2),
(1267, 648, 5),
(1268, 649, 4),
(1269, 649, 3),
(1270, 649, 1),
(1271, 650, 2),
(1272, 651, 2),
(1273, 651, 1),
(1274, 652, 1),
(1275, 653, 1),
(1276, 654, 2),
(1277, 655, 1),
(1278, 656, 1),
(1279, 657, 2),
(1280, 657, 1),
(1281, 658, 2),
(1282, 658, 4),
(1283, 658, 1),
(1284, 659, 3),
(1285, 659, 2),
(1286, 659, 9),
(1287, 659, 1),
(1288, 660, 1),
(1289, 661, 4),
(1290, 661, 2),
(1291, 661, 1),
(1292, 662, 1),
(1293, 662, 2),
(1294, 662, 9),
(1295, 663, 1),
(1296, 664, 1),
(1297, 665, 1),
(1298, 665, 4),
(1299, 665, 2),
(1300, 666, 1),
(1301, 667, 1),
(1302, 668, 5),
(1303, 668, 1),
(1304, 668, 2),
(1305, 669, 1),
(1306, 670, 1),
(1307, 671, 2),
(1308, 671, 4),
(1309, 671, 1),
(1310, 672, 1),
(1311, 672, 4),
(1312, 673, 1),
(1313, 674, 1),
(1314, 675, 1),
(1315, 676, 2),
(1316, 676, 1),
(1317, 676, 3),
(1318, 676, 4),
(1319, 677, 1),
(1320, 677, 2),
(1321, 678, 1),
(1322, 679, 1),
(1323, 680, 1),
(1324, 680, 2),
(1325, 681, 4),
(1326, 681, 1),
(1327, 681, 13),
(1328, 681, 2),
(1329, 682, 2),
(1330, 683, 1),
(1331, 684, 2),
(1332, 684, 1),
(1333, 685, 4),
(1334, 685, 1),
(1335, 686, 1),
(1336, 686, 2),
(1337, 687, 3),
(1338, 687, 1),
(1339, 687, 5),
(1340, 688, 1),
(1341, 688, 2),
(1342, 689, 1),
(1343, 690, 1),
(1344, 690, 2),
(1345, 691, 1),
(1346, 692, 1),
(1347, 693, 1),
(1348, 693, 2),
(1349, 694, 1),
(1350, 695, 1),
(1351, 696, 1),
(1352, 697, 1),
(1353, 697, 2),
(1354, 697, 5),
(1355, 698, 1),
(1356, 699, 3),
(1357, 700, 1),
(1358, 701, 1),
(1359, 702, 1),
(1360, 703, 1),
(1361, 704, 2),
(1362, 704, 3),
(1363, 704, 4),
(1364, 704, 9),
(1365, 704, 1),
(1366, 705, 1),
(1367, 705, 9),
(1368, 705, 2),
(1369, 706, 1),
(1370, 706, 4),
(1371, 707, 1),
(1372, 708, 1),
(1373, 709, 2),
(1374, 709, 1),
(1375, 710, 1),
(1376, 711, 2),
(1377, 711, 4),
(1378, 711, 1),
(1379, 711, 9),
(1380, 712, 1),
(1381, 712, 2),
(1382, 712, 9),
(1383, 712, 5),
(1384, 713, 1),
(1385, 714, 1),
(1386, 714, 5),
(1387, 715, 2),
(1388, 715, 1),
(1389, 716, 4),
(1390, 716, 2),
(1391, 716, 5),
(1392, 716, 1),
(1393, 717, 1),
(1394, 717, 9),
(1395, 717, 5),
(1396, 717, 2),
(1397, 717, 3),
(1398, 718, 1),
(1399, 719, 7),
(1400, 719, 2),
(1401, 719, 1),
(1402, 719, 9),
(1403, 720, 4),
(1404, 720, 1),
(1405, 720, 10),
(1406, 720, 2),
(1407, 721, 1),
(1408, 722, 1),
(1409, 722, 2),
(1410, 722, 7),
(1411, 723, 4),
(1412, 724, 3),
(1413, 724, 2),
(1414, 724, 9),
(1415, 724, 4),
(1416, 724, 1),
(1417, 725, 1),
(1418, 726, 3),
(1419, 726, 2),
(1420, 726, 1),
(1421, 727, 4),
(1422, 728, 9),
(1423, 728, 3),
(1424, 728, 1),
(1425, 728, 2),
(1426, 729, 1),
(1427, 730, 5),
(1428, 730, 2),
(1429, 730, 3),
(1430, 730, 4),
(1431, 730, 1),
(1432, 731, 2),
(1433, 731, 1),
(1434, 732, 1),
(1435, 733, 5),
(1436, 733, 2),
(1437, 733, 1),
(1438, 733, 4),
(1439, 734, 1),
(1440, 735, 1),
(1441, 736, 1),
(1442, 737, 1),
(1443, 738, 4),
(1444, 738, 1),
(1445, 738, 2),
(1446, 739, 1),
(1447, 740, 1),
(1448, 741, 1),
(1449, 742, 2),
(1450, 742, 1),
(1451, 743, 1),
(1452, 744, 1),
(1453, 745, 1),
(1454, 746, 1),
(1455, 747, 1),
(1456, 748, 9),
(1457, 748, 5),
(1458, 748, 1),
(1459, 749, 1),
(1460, 750, 1),
(1461, 751, 1),
(1462, 751, 2),
(1463, 752, 1),
(1464, 753, 4),
(1465, 754, 1),
(1466, 755, 1),
(1467, 756, 1),
(1468, 756, 2),
(1469, 757, 1),
(1470, 758, 1),
(1471, 758, 4),
(1472, 759, 2),
(1473, 759, 3),
(1474, 759, 1),
(1475, 760, 1),
(1476, 761, 9),
(1477, 761, 4),
(1478, 761, 1),
(1479, 762, 1),
(1480, 763, 1),
(1481, 763, 2),
(1482, 764, 1),
(1483, 765, 4),
(1484, 766, 1),
(1485, 767, 1),
(1486, 767, 2),
(1487, 768, 9),
(1488, 768, 3),
(1489, 768, 1),
(1490, 769, 1),
(1491, 770, 1),
(1492, 770, 2),
(1493, 771, 1),
(1494, 772, 1),
(1495, 773, 1),
(1496, 774, 1),
(1497, 775, 9),
(1498, 776, 1),
(1499, 776, 4),
(1500, 777, 2),
(1501, 777, 4),
(1502, 777, 1),
(1503, 778, 1),
(1504, 779, 2),
(1505, 779, 1),
(1506, 780, 1),
(1507, 781, 2),
(1508, 781, 1),
(1509, 782, 2),
(1510, 782, 1),
(1511, 783, 1),
(1512, 784, 1),
(1513, 784, 2),
(1514, 785, 2),
(1515, 785, 1),
(1516, 786, 1),
(1517, 787, 2),
(1518, 788, 1),
(1519, 789, 2),
(1520, 789, 9),
(1521, 789, 1),
(1522, 789, 5),
(1523, 790, 2),
(1524, 790, 1),
(1525, 790, 4),
(1526, 790, 5),
(1527, 790, 13),
(1528, 791, 1),
(1529, 792, 2),
(1530, 792, 1),
(1531, 793, 1),
(1532, 794, 2),
(1533, 794, 1),
(1534, 794, 9),
(1535, 794, 4),
(1536, 795, 1),
(1537, 796, 1),
(1538, 797, 5),
(1539, 797, 1),
(1540, 797, 2),
(1541, 797, 3),
(1542, 798, 1),
(1543, 799, 1),
(1544, 799, 2),
(1545, 800, 1),
(1546, 801, 2),
(1547, 801, 1),
(1548, 801, 4),
(1549, 802, 2),
(1550, 802, 1),
(1551, 803, 1),
(1552, 804, 2),
(1553, 804, 3),
(1554, 804, 1),
(1555, 805, 4),
(1556, 805, 3),
(1557, 805, 2),
(1558, 805, 1),
(1559, 806, 4),
(1560, 807, 1),
(1561, 807, 2),
(1562, 808, 1),
(1563, 808, 4),
(1564, 808, 2),
(1565, 809, 2),
(1566, 809, 1),
(1567, 810, 1),
(1568, 810, 5),
(1569, 811, 4),
(1570, 811, 1),
(1571, 812, 2),
(1572, 812, 3),
(1573, 812, 1),
(1574, 812, 9),
(1575, 813, 2),
(1576, 813, 1),
(1577, 813, 4),
(1578, 814, 1),
(1579, 815, 1),
(1580, 815, 4),
(1581, 816, 1),
(1582, 817, 1),
(1583, 817, 2),
(1584, 818, 9),
(1585, 819, 4),
(1586, 819, 1),
(1587, 820, 1),
(1588, 821, 1),
(1589, 822, 1),
(1590, 823, 2),
(1591, 823, 1),
(1592, 824, 2),
(1593, 824, 1),
(1594, 825, 1),
(1595, 826, 3),
(1596, 826, 1),
(1597, 827, 2),
(1598, 827, 3),
(1599, 827, 7),
(1600, 827, 9),
(1601, 827, 5),
(1602, 827, 1),
(1603, 828, 5),
(1604, 828, 2),
(1605, 828, 1),
(1606, 829, 1),
(1607, 830, 3),
(1608, 831, 2),
(1609, 831, 1),
(1610, 832, 1),
(1611, 833, 10),
(1612, 833, 1),
(1613, 833, 7),
(1614, 833, 2),
(1615, 833, 9),
(1616, 834, 1),
(1617, 835, 1),
(1618, 836, 2),
(1619, 836, 7),
(1620, 837, 1),
(1621, 838, 1),
(1622, 839, 1),
(1623, 840, 5),
(1624, 840, 2),
(1625, 840, 9),
(1626, 841, 1),
(1627, 842, 1),
(1628, 843, 2),
(1629, 843, 3),
(1630, 844, 1),
(1631, 844, 9),
(1632, 844, 3),
(1633, 844, 2),
(1634, 844, 5),
(1635, 844, 10),
(1636, 845, 1),
(1637, 845, 2),
(1638, 846, 1),
(1639, 847, 1),
(1640, 848, 4),
(1641, 848, 1),
(1642, 849, 1),
(1643, 849, 2),
(1644, 850, 1),
(1645, 851, 1),
(1646, 852, 9),
(1647, 852, 2),
(1648, 852, 1),
(1649, 853, 4),
(1650, 853, 2),
(1651, 854, 6),
(1652, 854, 2),
(1653, 855, 2),
(1654, 855, 9),
(1655, 856, 2),
(1656, 857, 2),
(1657, 857, 9),
(1658, 858, 2),
(1659, 858, 5),
(1660, 859, 6),
(1661, 860, 3),
(1662, 860, 2),
(1663, 861, 5),
(1664, 861, 4),
(1665, 862, 2),
(1666, 863, 4),
(1667, 863, 6),
(1668, 863, 5),
(1669, 864, 4),
(1670, 864, 9),
(1671, 864, 3),
(1672, 864, 2),
(1673, 864, 5),
(1674, 865, 6),
(1675, 866, 2),
(1676, 867, 6),
(1677, 867, 2),
(1678, 867, 3),
(1679, 868, 3),
(1680, 868, 6),
(1681, 869, 10),
(1682, 869, 6),
(1683, 869, 7),
(1684, 869, 9),
(1685, 869, 2),
(1686, 869, 3),
(1687, 869, 5),
(1688, 870, 2),
(1689, 871, 9),
(1690, 871, 3),
(1691, 872, 2),
(1692, 872, 4),
(1693, 873, 2),
(1694, 873, 6),
(1695, 874, 2),
(1696, 874, 6),
(1697, 875, 2),
(1698, 876, 2),
(1699, 877, 2),
(1700, 878, 2),
(1701, 879, 9),
(1702, 880, 3),
(1703, 881, 5),
(1704, 882, 9),
(1705, 882, 3),
(1706, 882, 2),
(1707, 883, 2),
(1708, 883, 6),
(1709, 884, 6),
(1710, 885, 2),
(1711, 885, 6),
(1712, 885, 4),
(1713, 885, 9),
(1714, 886, 2),
(1715, 886, 3),
(1716, 887, 2),
(1717, 887, 5),
(1718, 887, 9),
(1719, 887, 6),
(1720, 888, 9),
(1721, 889, 2),
(1722, 889, 5),
(1723, 890, 3),
(1724, 891, 6),
(1725, 892, 2),
(1726, 893, 5),
(1727, 894, 2),
(1728, 895, 6),
(1729, 895, 2),
(1730, 896, 2),
(1731, 896, 10),
(1732, 896, 4),
(1733, 897, 2),
(1734, 897, 4),
(1735, 898, 3),
(1736, 898, 6),
(1737, 898, 2),
(1738, 899, 6),
(1739, 899, 2),
(1740, 899, 3),
(1741, 900, 6),
(1742, 900, 2),
(1743, 901, 2),
(1744, 901, 5),
(1745, 901, 9),
(1746, 902, 6),
(1747, 903, 3),
(1748, 904, 4),
(1749, 905, 4),
(1750, 906, 6),
(1751, 907, 9),
(1752, 907, 2),
(1753, 907, 4),
(1754, 907, 6),
(1755, 908, 3),
(1756, 909, 1),
(1757, 910, 1),
(1758, 911, 9),
(1759, 911, 8),
(1760, 912, 1),
(1761, 913, 13),
(1762, 914, 10),
(1763, 914, 1),
(1764, 914, 2),
(1765, 915, 1),
(1766, 916, 2),
(1767, 917, 7),
(1768, 917, 1),
(1769, 917, 9),
(1770, 917, 2),
(1771, 918, 1),
(1772, 919, 1),
(1773, 920, 9),
(1774, 920, 1),
(1775, 921, 2),
(1776, 922, 5),
(1777, 922, 13),
(1778, 922, 1),
(1779, 922, 2),
(1780, 923, 3),
(1781, 924, 1),
(1782, 924, 3),
(1783, 924, 2),
(1784, 925, 5),
(1785, 925, 1),
(1786, 925, 2),
(1787, 926, 4),
(1788, 926, 1),
(1789, 927, 1),
(1790, 927, 2),
(1791, 928, 1),
(1792, 929, 1),
(1793, 930, 2),
(1794, 930, 1),
(1795, 931, 1),
(1796, 931, 2),
(1797, 932, 1),
(1798, 932, 9),
(1799, 932, 4),
(1800, 932, 2),
(1801, 933, 1),
(1802, 934, 1),
(1803, 935, 4),
(1804, 935, 1),
(1805, 935, 2),
(1806, 936, 1),
(1807, 936, 2),
(1808, 937, 13),
(1809, 938, 2),
(1810, 938, 1),
(1811, 939, 2),
(1812, 939, 1),
(1813, 939, 3),
(1814, 940, 1),
(1815, 940, 2),
(1816, 941, 1),
(1817, 941, 3),
(1818, 941, 2),
(1819, 942, 2),
(1820, 942, 1),
(1821, 943, 5),
(1822, 943, 10),
(1823, 943, 1),
(1824, 943, 2),
(1825, 943, 4),
(1826, 944, 2),
(1827, 944, 1),
(1828, 944, 9),
(1829, 944, 3),
(1830, 945, 1),
(1831, 945, 9),
(1832, 946, 1),
(1833, 947, 1),
(1834, 947, 2),
(1835, 948, 1),
(1836, 948, 3),
(1837, 948, 2),
(1838, 948, 5),
(1839, 949, 5),
(1840, 949, 1),
(1841, 949, 2),
(1842, 950, 2),
(1843, 950, 1),
(1844, 950, 9),
(1845, 950, 3),
(1846, 951, 1),
(1847, 951, 2),
(1848, 952, 9),
(1849, 952, 4),
(1850, 952, 5),
(1851, 952, 1),
(1852, 952, 2),
(1853, 953, 2),
(1854, 954, 2),
(1855, 954, 1),
(1856, 955, 2),
(1857, 955, 4),
(1858, 955, 1),
(1859, 955, 5),
(1860, 955, 10),
(1861, 955, 3),
(1862, 955, 9),
(1863, 956, 1),
(1864, 957, 2),
(1865, 958, 2),
(1866, 958, 4),
(1867, 958, 1),
(1868, 958, 5),
(1869, 959, 1),
(1870, 960, 3),
(1871, 961, 2),
(1872, 961, 1),
(1873, 962, 9),
(1874, 962, 3),
(1875, 962, 2),
(1876, 963, 1),
(1877, 964, 7),
(1878, 964, 1),
(1879, 964, 2),
(1880, 965, 1),
(1881, 966, 1),
(1882, 967, 3),
(1883, 968, 1),
(1884, 969, 1),
(1885, 969, 2),
(1886, 969, 4),
(1887, 970, 9),
(1888, 970, 2),
(1889, 970, 1),
(1890, 971, 1),
(1891, 971, 2),
(1892, 972, 1),
(1893, 973, 13),
(1894, 973, 1),
(1895, 973, 2),
(1896, 974, 1),
(1897, 975, 4),
(1898, 976, 1),
(1899, 976, 2),
(1900, 977, 1),
(1901, 978, 2),
(1902, 979, 1),
(1903, 980, 5),
(1904, 980, 1),
(1905, 980, 2),
(1906, 981, 1),
(1907, 982, 4),
(1908, 982, 1),
(1909, 983, 1),
(1910, 984, 2),
(1911, 984, 4),
(1912, 984, 1),
(1913, 985, 1),
(1914, 986, 1),
(1915, 986, 2),
(1916, 987, 7),
(1917, 987, 4),
(1918, 987, 1),
(1919, 987, 2),
(1920, 987, 5),
(1921, 988, 1),
(1922, 989, 10),
(1923, 989, 7),
(1924, 989, 12),
(1925, 990, 2),
(1926, 990, 1),
(1927, 991, 2),
(1928, 992, 1),
(1929, 992, 2),
(1930, 993, 1),
(1931, 993, 2),
(1932, 994, 12),
(1933, 994, 9),
(1934, 994, 2),
(1935, 994, 1),
(1936, 995, 4),
(1937, 995, 1),
(1938, 996, 1),
(1939, 997, 1),
(1940, 998, 2),
(1941, 998, 1),
(1942, 999, 5),
(1943, 1000, 1),
(1944, 1001, 1),
(1945, 1001, 3),
(1946, 1002, 1),
(1947, 1003, 2),
(1948, 1004, 1),
(1949, 1005, 1),
(1950, 1005, 13),
(1951, 1006, 1),
(1952, 1007, 1),
(1953, 1008, 2),
(1954, 1009, 2),
(1955, 1010, 1),
(1956, 1011, 1),
(1957, 1012, 1),
(1958, 1013, 3),
(1959, 1013, 2),
(1960, 1014, 1),
(1961, 1014, 4),
(1962, 1015, 1),
(1963, 1015, 2),
(1964, 1016, 9),
(1965, 1017, 9),
(1966, 1017, 1),
(1967, 1017, 2),
(1968, 1018, 2),
(1969, 1018, 1),
(1970, 1018, 3),
(1971, 1019, 1),
(1972, 1020, 1),
(1973, 1021, 1),
(1974, 1022, 1),
(1975, 1023, 2),
(1976, 1023, 1),
(1977, 1023, 9),
(1978, 1024, 1),
(1979, 1024, 2),
(1980, 1025, 13),
(1981, 1025, 2),
(1982, 1025, 4),
(1983, 1026, 2),
(1984, 1027, 2),
(1985, 1028, 1),
(1986, 1029, 1),
(1987, 1030, 1),
(1988, 1031, 1),
(1989, 1031, 5),
(1990, 1032, 1),
(1991, 1033, 4),
(1992, 1033, 1),
(1993, 1033, 2),
(1994, 1034, 5),
(1995, 1034, 3),
(1996, 1035, 1),
(1997, 1036, 1),
(1998, 1036, 2),
(1999, 1037, 2),
(2000, 1037, 5),
(2001, 1037, 1),
(2002, 1037, 3),
(2003, 1038, 1),
(2004, 1038, 3),
(2005, 1039, 4),
(2006, 1039, 1),
(2007, 1039, 2),
(2008, 1040, 2),
(2009, 1040, 9),
(2010, 1040, 10),
(2011, 1040, 1),
(2012, 1040, 12),
(2013, 1041, 3),
(2014, 1041, 4),
(2015, 1041, 1),
(2016, 1041, 2),
(2017, 1042, 2),
(2018, 1043, 1),
(2019, 1044, 9),
(2020, 1044, 2),
(2021, 1044, 1),
(2022, 1045, 1),
(2023, 1046, 1),
(2024, 1047, 5),
(2025, 1047, 2),
(2026, 1047, 1),
(2027, 1048, 1),
(2028, 1049, 1),
(2029, 1050, 1),
(2030, 1051, 3),
(2031, 1052, 2),
(2032, 1052, 1),
(2033, 1053, 1),
(2034, 1054, 1),
(2035, 1054, 3),
(2036, 1054, 2),
(2037, 1055, 2),
(2038, 1055, 1),
(2039, 1056, 4),
(2040, 1057, 9),
(2041, 1057, 1),
(2042, 1057, 2),
(2043, 1058, 2),
(2044, 1058, 9),
(2045, 1059, 1),
(2046, 1060, 1),
(2047, 1060, 2),
(2048, 1061, 1),
(2049, 1062, 1),
(2050, 1063, 1),
(2051, 1064, 1),
(2052, 1065, 1),
(2053, 1066, 1),
(2054, 1067, 3),
(2055, 1068, 1),
(2056, 1069, 1),
(2057, 1070, 5),
(2058, 1070, 1),
(2059, 1071, 3),
(2060, 1072, 1),
(2061, 1073, 2),
(2062, 1073, 1),
(2063, 1074, 1),
(2064, 1075, 3),
(2065, 1076, 1),
(2066, 1077, 2),
(2067, 1077, 1),
(2068, 1078, 2),
(2069, 1078, 4),
(2070, 1078, 1),
(2071, 1079, 2),
(2072, 1079, 1),
(2073, 1080, 3),
(2074, 1081, 2),
(2075, 1081, 1),
(2076, 1082, 1),
(2077, 1083, 3),
(2078, 1084, 3),
(2079, 1085, 1),
(2080, 1086, 5),
(2081, 1086, 2),
(2082, 1086, 1),
(2083, 1087, 13),
(2084, 1088, 3),
(2085, 1089, 1),
(2086, 1090, 2),
(2087, 1090, 1),
(2088, 1090, 5),
(2089, 1091, 1),
(2090, 1092, 1),
(2091, 1093, 3),
(2092, 1094, 1),
(2093, 1095, 2),
(2094, 1096, 2),
(2095, 1096, 1),
(2096, 1097, 1),
(2097, 1098, 2),
(2098, 1098, 3),
(2099, 1098, 1),
(2100, 1099, 1),
(2101, 1100, 2),
(2102, 1100, 3),
(2103, 1100, 1),
(2104, 1101, 3),
(2105, 1101, 4),
(2106, 1101, 9),
(2107, 1101, 2),
(2108, 1101, 6),
(2109, 1102, 3),
(2110, 1103, 2),
(2111, 1103, 3),
(2112, 1104, 1),
(2113, 1105, 2),
(2114, 1105, 4),
(2115, 1105, 1),
(2116, 1106, 1),
(2117, 1107, 1),
(2118, 1107, 2),
(2119, 1108, 3),
(2120, 1109, 2),
(2121, 1109, 3),
(2122, 1109, 1),
(2123, 1110, 2),
(2124, 1110, 4),
(2125, 1110, 1),
(2126, 1111, 1),
(2127, 1112, 3),
(2128, 1112, 2),
(2129, 1112, 1),
(2130, 1113, 2),
(2131, 1114, 3),
(2132, 1115, 2),
(2133, 1115, 1),
(2134, 1115, 3),
(2135, 1116, 3),
(2136, 1117, 2),
(2137, 1117, 3),
(2138, 1118, 2),
(2139, 1119, 1),
(2140, 1120, 2),
(2141, 1120, 3),
(2142, 1120, 1),
(2143, 1121, 2),
(2144, 1121, 1),
(2145, 1121, 4),
(2146, 1122, 3),
(2147, 1123, 3),
(2148, 1124, 1),
(2149, 1125, 2),
(2150, 1126, 9),
(2151, 1126, 2),
(2152, 1127, 1),
(2153, 1128, 1),
(2154, 1129, 1),
(2155, 1130, 4),
(2156, 1130, 9),
(2157, 1130, 2),
(2158, 1130, 1),
(2159, 1131, 1),
(2160, 1131, 2),
(2161, 1132, 1),
(2162, 1133, 1),
(2163, 1134, 6),
(2164, 1134, 2),
(2165, 1134, 3),
(2166, 1135, 1),
(2167, 1136, 1),
(2168, 1136, 2),
(2169, 1136, 4),
(2170, 1136, 5),
(2171, 1136, 9),
(2172, 1136, 3),
(2173, 1137, 1),
(2174, 1137, 9),
(2175, 1138, 10),
(2176, 1138, 1),
(2177, 1138, 9),
(2178, 1138, 2),
(2179, 1139, 2),
(2180, 1139, 1),
(2181, 1139, 4),
(2182, 1140, 2),
(2183, 1140, 1),
(2184, 1140, 3),
(2185, 1141, 1),
(2186, 1142, 4),
(2187, 1142, 7),
(2188, 1142, 1),
(2189, 1142, 9),
(2190, 1142, 2),
(2191, 1143, 2),
(2192, 1143, 6),
(2193, 1144, 2),
(2194, 1144, 3),
(2195, 1144, 1),
(2196, 1144, 9),
(2197, 1144, 4),
(2198, 1145, 2),
(2199, 1145, 1),
(2200, 1145, 3),
(2201, 1146, 2),
(2202, 1146, 1),
(2203, 1147, 9),
(2204, 1148, 2),
(2205, 1148, 1),
(2206, 1149, 2),
(2207, 1149, 1),
(2208, 1150, 2),
(2209, 1151, 1),
(2210, 1152, 1),
(2211, 1152, 4),
(2212, 1152, 2),
(2213, 1153, 1),
(2214, 1153, 4),
(2215, 1154, 1),
(2216, 1155, 7),
(2217, 1155, 2),
(2218, 1155, 3),
(2219, 1155, 1),
(2220, 1155, 9),
(2221, 1156, 2),
(2222, 1156, 1),
(2223, 1157, 1),
(2224, 1158, 3),
(2225, 1159, 1),
(2226, 1160, 9),
(2227, 1160, 2),
(2228, 1160, 5),
(2229, 1161, 4),
(2230, 1161, 1),
(2231, 1161, 2),
(2232, 1162, 1),
(2233, 1163, 2),
(2234, 1164, 3),
(2235, 1165, 3),
(2236, 1165, 9),
(2237, 1165, 2),
(2238, 1166, 2),
(2239, 1167, 2),
(2240, 1167, 10),
(2241, 1168, 4),
(2242, 1168, 1),
(2243, 1168, 2),
(2244, 1169, 7),
(2245, 1169, 2),
(2246, 1169, 1),
(2247, 1170, 1),
(2248, 1170, 4),
(2249, 1170, 2),
(2250, 1171, 1),
(2251, 1171, 4),
(2252, 1171, 9),
(2253, 1172, 2),
(2254, 1172, 4),
(2255, 1172, 1),
(2256, 1173, 6),
(2257, 1174, 3),
(2258, 1174, 1),
(2259, 1175, 1),
(2260, 1176, 1),
(2261, 1176, 7),
(2262, 1176, 10),
(2263, 1177, 1),
(2264, 1178, 2),
(2265, 1179, 1),
(2266, 1180, 1),
(2267, 1181, 5),
(2268, 1181, 2),
(2269, 1181, 1),
(2270, 1182, 1),
(2271, 1182, 3),
(2272, 1182, 2),
(2273, 1182, 7),
(2274, 1183, 6),
(2275, 1183, 2),
(2276, 1184, 2),
(2277, 1184, 1),
(2278, 1185, 1),
(2279, 1186, 2),
(2280, 1186, 1),
(2281, 1187, 2),
(2282, 1187, 4),
(2283, 1187, 1),
(2284, 1188, 2),
(2285, 1188, 3),
(2286, 1189, 2),
(2287, 1190, 6),
(2288, 1190, 8),
(2289, 1190, 2),
(2290, 1191, 1),
(2291, 1192, 2),
(2292, 1192, 1),
(2293, 1192, 3),
(2294, 1193, 1),
(2295, 1194, 1),
(2296, 1195, 3),
(2297, 1196, 2),
(2298, 1196, 9),
(2299, 1196, 1),
(2300, 1196, 5),
(2301, 1196, 3),
(2302, 1197, 1),
(2303, 1198, 2),
(2304, 1199, 4),
(2305, 1199, 13),
(2306, 1200, 9),
(2307, 1201, 1),
(2308, 1202, 3),
(2309, 1203, 2),
(2310, 1204, 3),
(2311, 1205, 9),
(2312, 1206, 3),
(2313, 1207, 1),
(2314, 1208, 9),
(2315, 1209, 3),
(2316, 1209, 2),
(2317, 1209, 1),
(2318, 1210, 2),
(2319, 1210, 6),
(2320, 1211, 1),
(2321, 1211, 9),
(2322, 1212, 1),
(2323, 1213, 1),
(2324, 1214, 1),
(2325, 1214, 2),
(2326, 1214, 3),
(2327, 1215, 1),
(2328, 1216, 5),
(2329, 1216, 1),
(2330, 1216, 10),
(2331, 1216, 9),
(2332, 1216, 2),
(2333, 1217, 1),
(2334, 1217, 2),
(2335, 1218, 1),
(2336, 1219, 1),
(2337, 1219, 9),
(2338, 1219, 5),
(2339, 1219, 2),
(2340, 1220, 6),
(2341, 1221, 1),
(2342, 1222, 5),
(2343, 1223, 2),
(2344, 1224, 2),
(2345, 1224, 1),
(2346, 1225, 3),
(2347, 1226, 1),
(2348, 1226, 2),
(2349, 1227, 1),
(2350, 1228, 2),
(2351, 1229, 6),
(2352, 1230, 1),
(2353, 1231, 8),
(2354, 1231, 5),
(2355, 1231, 9),
(2356, 1231, 4),
(2357, 1231, 6),
(2358, 1231, 3),
(2359, 1231, 2),
(2360, 1232, 2),
(2361, 1232, 1),
(2362, 1232, 9),
(2363, 1232, 7),
(2364, 1232, 5),
(2365, 1233, 1),
(2366, 1233, 9),
(2367, 1233, 2),
(2368, 1233, 5),
(2369, 1234, 2),
(2370, 1234, 1),
(2371, 1235, 4),
(2372, 1235, 9),
(2373, 1235, 1),
(2374, 1235, 2),
(2375, 1236, 3),
(2376, 1236, 2),
(2377, 1236, 7),
(2378, 1236, 1),
(2379, 1237, 2),
(2380, 1238, 6),
(2381, 1238, 2),
(2382, 1239, 2),
(2383, 1240, 1),
(2384, 1241, 9),
(2385, 1241, 1),
(2386, 1241, 3),
(2387, 1241, 2),
(2388, 1242, 3),
(2389, 1243, 5),
(2390, 1243, 10),
(2391, 1243, 1),
(2392, 1243, 4),
(2393, 1243, 2),
(2394, 1243, 7),
(2395, 1243, 9),
(2396, 1244, 2),
(2397, 1244, 1),
(2398, 1245, 1),
(2399, 1246, 1),
(2400, 1247, 9),
(2401, 1247, 6),
(2402, 1248, 1),
(2403, 1249, 2),
(2404, 1249, 5),
(2405, 1250, 8),
(2406, 1251, 10),
(2407, 1252, 9),
(2408, 1252, 2),
(2409, 1252, 1),
(2410, 1253, 1),
(2411, 1253, 2),
(2412, 1254, 1),
(2413, 1255, 1),
(2414, 1256, 2),
(2415, 1256, 1),
(2416, 1256, 4),
(2417, 1256, 9),
(2418, 1257, 6),
(2419, 1257, 2),
(2420, 1258, 3),
(2421, 1259, 1),
(2422, 1260, 2),
(2423, 1260, 1),
(2424, 1261, 4),
(2425, 1261, 1),
(2426, 1261, 2),
(2427, 1262, 2),
(2428, 1263, 2),
(2429, 1264, 1),
(2430, 1265, 1),
(2431, 1266, 5),
(2432, 1267, 2),
(2433, 1268, 1),
(2434, 1269, 2),
(2435, 1270, 3),
(2436, 1270, 9),
(2437, 1271, 2),
(2438, 1271, 1),
(2439, 1272, 1),
(2440, 1272, 2),
(2441, 1273, 3),
(2442, 1274, 1),
(2443, 1274, 2),
(2444, 1274, 9),
(2445, 1274, 3),
(2446, 1275, 5),
(2447, 1275, 1),
(2448, 1276, 4),
(2449, 1277, 2),
(2450, 1277, 1),
(2451, 1278, 1),
(2452, 1279, 5),
(2453, 1279, 3),
(2454, 1279, 9),
(2455, 1280, 1),
(2456, 1281, 2),
(2457, 1281, 1),
(2458, 1281, 9),
(2459, 1282, 2),
(2460, 1283, 3),
(2461, 1284, 3),
(2462, 1284, 2),
(2463, 1284, 1),
(2464, 1284, 9),
(2465, 1284, 5),
(2466, 1285, 1),
(2467, 1285, 2),
(2468, 1286, 1),
(2469, 1286, 2),
(2470, 1287, 1),
(2471, 1288, 1),
(2472, 1289, 1),
(2473, 1290, 2),
(2474, 1290, 1),
(2475, 1290, 5),
(2476, 1291, 3),
(2477, 1292, 9),
(2478, 1292, 8),
(2479, 1293, 1),
(2480, 1294, 2),
(2481, 1294, 9),
(2482, 1294, 6),
(2483, 1295, 3),
(2484, 1295, 1),
(2485, 1296, 2),
(2486, 1296, 1),
(2487, 1297, 1),
(2488, 1298, 10),
(2489, 1298, 2),
(2490, 1298, 3),
(2491, 1298, 6),
(2492, 1299, 9),
(2493, 1300, 3),
(2494, 1301, 1),
(2495, 1301, 2),
(2496, 1301, 4),
(2497, 1301, 9),
(2498, 1302, 2),
(2499, 1302, 1),
(2500, 1303, 1),
(2501, 1303, 4),
(2502, 1304, 2),
(2503, 1305, 2),
(2504, 1305, 4),
(2505, 1305, 1),
(2506, 1306, 3),
(2507, 1306, 1),
(2508, 1306, 2),
(2509, 1307, 10),
(2510, 1307, 3),
(2511, 1307, 7),
(2512, 1307, 2),
(2513, 1307, 1),
(2514, 1308, 2),
(2515, 1308, 1),
(2516, 1309, 3),
(2517, 1310, 4),
(2518, 1310, 5),
(2519, 1310, 9),
(2520, 1310, 6),
(2521, 1311, 1),
(2522, 1312, 1),
(2523, 1313, 12),
(2524, 1314, 1),
(2525, 1315, 3),
(2526, 1316, 1),
(2527, 1316, 2),
(2528, 1317, 3),
(2529, 1317, 9),
(2530, 1318, 2),
(2531, 1319, 6),
(2532, 1320, 2),
(2533, 1320, 1),
(2534, 1321, 2),
(2535, 1321, 1),
(2536, 1322, 2),
(2537, 1322, 1),
(2538, 1323, 1),
(2539, 1323, 2),
(2540, 1324, 1),
(2541, 1325, 1),
(2542, 1325, 2),
(2543, 1325, 9),
(2544, 1325, 3),
(2545, 1326, 1),
(2546, 1327, 1),
(2547, 1328, 7),
(2548, 1328, 9),
(2549, 1328, 6),
(2550, 1329, 9),
(2551, 1330, 1),
(2552, 1331, 1),
(2553, 1332, 3),
(2554, 1332, 2),
(2555, 1332, 1),
(2556, 1333, 9),
(2557, 1333, 5),
(2558, 1333, 1),
(2559, 1334, 2),
(2560, 1335, 9),
(2561, 1335, 1),
(2562, 1336, 1),
(2563, 1336, 9),
(2564, 1337, 1),
(2565, 1337, 2),
(2566, 1337, 4),
(2567, 1338, 6),
(2568, 1338, 2),
(2569, 1339, 5),
(2570, 1339, 9),
(2571, 1339, 1),
(2572, 1340, 1),
(2573, 1341, 1),
(2574, 1341, 2),
(2575, 1342, 1),
(2576, 1343, 1),
(2577, 1344, 9),
(2578, 1344, 3),
(2579, 1345, 6),
(2580, 1345, 3),
(2581, 1345, 2),
(2582, 1346, 8),
(2583, 1347, 1),
(2584, 1347, 9),
(2585, 1347, 4),
(2586, 1348, 1),
(2587, 1348, 12),
(2588, 1348, 7),
(2589, 1348, 9),
(2590, 1348, 10),
(2591, 1349, 1),
(2592, 1350, 2),
(2593, 1350, 7),
(2594, 1350, 1),
(2595, 1351, 2),
(2596, 1352, 1),
(2597, 1353, 2),
(2598, 1353, 1),
(2599, 1354, 2),
(2600, 1354, 1),
(2601, 1355, 2),
(2602, 1355, 1),
(2603, 1355, 9),
(2604, 1356, 4),
(2605, 1356, 1),
(2606, 1356, 13),
(2607, 1356, 2),
(2608, 1357, 3),
(2609, 1357, 1),
(2610, 1358, 1),
(2611, 1359, 1),
(2612, 1360, 1),
(2613, 1360, 2),
(2614, 1361, 4),
(2615, 1361, 1),
(2616, 1361, 2),
(2617, 1362, 2),
(2618, 1363, 1),
(2619, 1363, 2),
(2620, 1364, 9),
(2621, 1365, 9),
(2622, 1365, 4),
(2623, 1365, 7),
(2624, 1365, 1),
(2625, 1365, 5),
(2626, 1365, 2),
(2627, 1365, 10),
(2628, 1366, 1),
(2629, 1367, 1),
(2630, 1368, 1),
(2631, 1368, 2),
(2632, 1368, 3),
(2633, 1369, 1),
(2634, 1369, 2),
(2635, 1370, 1),
(2636, 1370, 5),
(2637, 1371, 1),
(2638, 1372, 2),
(2639, 1372, 5),
(2640, 1372, 9),
(2641, 1372, 3),
(2642, 1372, 6),
(2643, 1373, 2),
(2644, 1373, 1),
(2645, 1373, 4),
(2646, 1374, 2),
(2647, 1374, 1),
(2648, 1375, 3),
(2649, 1375, 5),
(2650, 1375, 2),
(2651, 1376, 2),
(2652, 1376, 1),
(2653, 1376, 4),
(2654, 1377, 1),
(2655, 1377, 2),
(2656, 1377, 3),
(2657, 1378, 9),
(2658, 1378, 2),
(2659, 1378, 1),
(2660, 1378, 3),
(2661, 1379, 2),
(2662, 1379, 9),
(2663, 1379, 7),
(2664, 1379, 1),
(2665, 1379, 5),
(2666, 1379, 8),
(2667, 1380, 1),
(2668, 1380, 2),
(2669, 1381, 2),
(2670, 1381, 5),
(2671, 1381, 1),
(2672, 1382, 2),
(2673, 1382, 1),
(2674, 1383, 1),
(2675, 1383, 2),
(2676, 1383, 7),
(2677, 1383, 10),
(2678, 1384, 1),
(2679, 1385, 1),
(2680, 1385, 4),
(2681, 1385, 2),
(2682, 1386, 2),
(2683, 1386, 1),
(2684, 1387, 2),
(2685, 1387, 1),
(2686, 1388, 1),
(2687, 1389, 1),
(2688, 1390, 6),
(2689, 1391, 1),
(2690, 1392, 1),
(2691, 1392, 2),
(2692, 1393, 1),
(2693, 1394, 5),
(2694, 1394, 9),
(2695, 1394, 3),
(2696, 1394, 1),
(2697, 1394, 2),
(2698, 1395, 2),
(2699, 1395, 3),
(2700, 1395, 1),
(2701, 1395, 7),
(2702, 1396, 1),
(2703, 1397, 1),
(2704, 1398, 1),
(2705, 1399, 2),
(2706, 1399, 1),
(2707, 1400, 2),
(2708, 1400, 1),
(2709, 1400, 9),
(2710, 1401, 5),
(2711, 1402, 4),
(2712, 1402, 2),
(2713, 1403, 2),
(2714, 1403, 7),
(2715, 1403, 10),
(2716, 1403, 1),
(2717, 1404, 2),
(2718, 1404, 4),
(2719, 1404, 1),
(2720, 1404, 9),
(2721, 1405, 1),
(2722, 1405, 2),
(2723, 1405, 3),
(2724, 1406, 3),
(2725, 1407, 1),
(2726, 1408, 1),
(2727, 1409, 9),
(2728, 1409, 6),
(2729, 1409, 3),
(2730, 1409, 2),
(2731, 1410, 9),
(2732, 1410, 3),
(2733, 1410, 2),
(2734, 1410, 10),
(2735, 1410, 1),
(2736, 1411, 4),
(2737, 1411, 1),
(2738, 1411, 9),
(2739, 1411, 2);

-- --------------------------------------------------------

--
-- Table structure for table `tbl_map_report`
--

CREATE TABLE `tbl_map_report` (
  `Report_Id` int(6) NOT NULL,
  `Country_Id` int(6) NOT NULL,
  `City_Id` int(6) NOT NULL,
  `Device_Id` int(6) NOT NULL,
  `Installation_Base` int(6) NOT NULL COMMENT 'Installation base',
  `Total_Installation_Base` int(6) NOT NULL COMMENT 'Total Installation base',
  `U_W_AVG_Repair_Time_12_h` int(6) NOT NULL COMMENT 'Under warranty Avergae repair time < 12 hours',
  `U_W_AVG_Repair_Time` int(6) NOT NULL COMMENT 'Under Warranty Average repair time',
  `AVG_Repair_Time_12_h` int(6) NOT NULL COMMENT 'Avergae repair time < 12 hours - All',
  `AVG_Repair_Time_All` int(6) NOT NULL COMMENT 'Average repair time - All',
  `First_Time_Call` int(6) NOT NULL COMMENT 'First time Call',
  `Total_Repair_Calls_All` int(6) NOT NULL COMMENT 'Total repair calls All',
  `Up_Time` int(6) NOT NULL,
  `Doctors_Trained` int(6) NOT NULL,
  `Nurses_Trained` int(6) NOT NULL,
  `E_Learning_Course_Delivered` int(6) NOT NULL
) ENGINE=InnoDB DEFAULT CHARSET=latin1;

--
-- Dumping data for table `tbl_map_report`
--

INSERT INTO `tbl_map_report` (`Report_Id`, `Country_Id`, `City_Id`, `Device_Id`, `Installation_Base`, `Total_Installation_Base`, `U_W_AVG_Repair_Time_12_h`, `U_W_AVG_Repair_Time`, `AVG_Repair_Time_12_h`, `AVG_Repair_Time_All`, `First_Time_Call`, `Total_Repair_Calls_All`, `Up_Time`, `Doctors_Trained`, `Nurses_Trained`, `E_Learning_Course_Delivered`) VALUES
(1, 6, 74, 1, 21, 68, 14, 17, 18, 26, 18, 26, 8676, 4, 39, 21),
(2, 3, 53, 6, 9, 35, 2, 2, 21, 22, 21, 22, 8731, 5, 19, 2),
(3, 5, 71, 1, 5, 15, 2, 2, 9, 9, 9, 9, 8757, 2, 10, 10),
(4, 6, 74, 2, 8, 18, 1, 1, 4, 6, 5, 6, 8736, 3, 16, 5),
(5, 3, 53, 2, 4, 12, 0, 0, 1, 1, 1, 1, 8759, 1, 9, 0),
(6, 1, 6, 1, 78, 135, 35, 43, 104, 121, 114, 121, 8733, 19, 99, 66),
(7, 1, 25, 3, 5, 7, 0, 0, 0, 1, 0, 1, 8675, 3, 0, 0),
(8, 1, 6, 2, 21, 29, 1, 1, 3, 4, 3, 4, 8703, 6, 28, 14),
(9, 3, 53, 9, 3, 6, 0, 0, 0, 0, 0, 0, 8760, 3, 0, 0),
(10, 1, 6, 3, 3, 11, 0, 0, 0, 0, 0, 0, 8760, 5, 0, 1),
(11, 6, 74, 7, 1, 18, 0, 0, 1, 1, 1, 1, 8759, 0, 8, 0),
(12, 1, 28, 1, 44, 89, 10, 21, 24, 45, 31, 45, 8436, 11, 38, 41),
(13, 1, 25, 7, 3, 12, 5, 5, 5, 5, 5, 5, 8756, 4, 18, 0),
(14, 1, 28, 7, 2, 26, 1, 3, 1, 3, 1, 3, 8406, 0, 0, 0),
(15, 1, 25, 9, 2, 3, 0, 0, 0, 0, 0, 0, 8760, 4, 0, 0),
(16, 1, 9, 1, 10, 14, 13, 15, 23, 26, 26, 26, 8744, 1, 13, 3),
(17, 1, 28, 2, 18, 35, 11, 16, 20, 31, 20, 31, 8616, 4, 16, 24),
(18, 1, 28, 9, 5, 7, 0, 0, 0, 5, 0, 5, 8193, 4, 1, 1),
(19, 1, 25, 2, 14, 25, 15, 17, 17, 22, 17, 22, 8566, 8, 19, 10),
(20, 1, 12, 1, 5, 10, 8, 8, 23, 28, 24, 28, 8581, 7, 14, 6),
(21, 1, 28, 3, 2, 16, 3, 3, 3, 3, 3, 3, 8757, 7, 1, 3),
(22, 1, 12, 2, 2, 3, 1, 1, 1, 2, 1, 2, 8729, 7, 16, 6),
(23, 1, 25, 1, 50, 76, 53, 77, 85, 148, 125, 148, 8625, 21, 63, 16),
(24, 1, 32, 1, 4, 12, 0, 0, 2, 4, 4, 4, 8752, 1, 2, 1),
(25, 1, 16, 1, 109, 155, 32, 41, 106, 123, 116, 123, 8713, 28, 123, 45),
(26, 1, 25, 5, 2, 9, 0, 0, 0, 0, 0, 0, 8760, 5, 0, 0),
(27, 6, 74, 5, 3, 16, 0, 0, 0, 0, 0, 0, 8760, 2, 7, 7),
(28, 1, 16, 5, 4, 18, 0, 0, 0, 0, 0, 0, 8760, 5, 5, 6),
(29, 1, 32, 3, 1, 3, 0, 0, 0, 0, 0, 0, 8760, 0, 0, 1),
(30, 4, 67, 3, 27, 40, 1, 1, 6, 6, 6, 6, 8758, 72, 8, 23),
(31, 6, 74, 9, 2, 16, 0, 0, 0, 0, 0, 0, 8760, 0, 3, 0),
(32, 2, 47, 1, 197, 554, 41, 41, 232, 237, 232, 237, 8754, 28, 166, 110),
(33, 4, 67, 2, 67, 79, 9, 9, 53, 53, 53, 53, 8754, 117, 276, 129),
(34, 1, 21, 1, 52, 68, 14, 24, 58, 82, 75, 82, 8678, 4, 51, 29),
(35, 1, 36, 3, 41, 126, 2, 2, 2, 3, 2, 3, 8750, 36, 23, 13),
(36, 4, 67, 1, 200, 260, 69, 69, 343, 345, 344, 345, 8748, 81, 353, 221),
(37, 1, 36, 7, 7, 206, 10, 11, 10, 11, 10, 11, 8743, 7, 17, 0),
(38, 1, 22, 1, 237, 436, 85, 135, 239, 390, 274, 390, 8567, 66, 306, 104),
(39, 6, 74, 3, 2, 8, 0, 0, 0, 2, 0, 2, 8643, 1, 4, 2),
(40, 1, 22, 2, 54, 129, 13, 24, 41, 71, 48, 71, 8657, 17, 64, 18),
(41, 1, 36, 1, 853, 1347, 236, 286, 562, 713, 572, 713, 8717, 181, 1228, 287),
(42, 1, 22, 3, 11, 55, 1, 4, 4, 8, 4, 8, 8551, 2, 1, 1),
(43, 4, 67, 7, 5, 14, 10, 10, 13, 13, 13, 13, 8746, 9, 32, 1),
(44, 1, 22, 4, 22, 66, 4, 7, 5, 10, 7, 10, 8729, 4, 5, 5),
(45, 1, 30, 1, 92, 134, 25, 33, 96, 141, 102, 141, 8612, 38, 155, 53),
(46, 1, 22, 5, 17, 109, 2, 6, 2, 6, 3, 6, 8642, 18, 20, 19),
(47, 1, 30, 9, 4, 6, 0, 1, 0, 1, 0, 1, 8634, 15, 1, 0),
(48, 1, 22, 9, 25, 60, 10, 28, 13, 39, 15, 39, 8478, 23, 17, 7),
(49, 1, 36, 10, 9, 18, 1, 1, 1, 1, 1, 1, 8759, 2, 0, 0),
(50, 1, 22, 7, 20, 172, 21, 36, 22, 37, 22, 37, 8421, 4, 22, 3),
(51, 1, 30, 2, 22, 46, 8, 13, 9, 20, 9, 20, 8611, 18, 47, 10),
(52, 1, 22, 10, 8, 14, 6, 9, 6, 9, 8, 9, 8686, 3, 10, 0),
(53, 1, 36, 2, 194, 405, 37, 43, 113, 162, 116, 162, 8713, 104, 303, 117),
(54, 1, 24, 1, 5, 10, 5, 9, 7, 13, 11, 13, 8657, 4, 15, 3),
(55, 6, 74, 10, 1, 2, 0, 0, 0, 0, 0, 0, 8760, 0, 0, 0),
(56, 1, 26, 2, 7, 31, 0, 1, 0, 1, 0, 1, 8731, 3, 2, 6),
(57, 1, 36, 4, 82, 201, 5, 7, 11, 17, 11, 17, 8728, 90, 12, 43),
(58, 1, 28, 4, 8, 15, 2, 2, 2, 2, 2, 2, 8759, 0, 0, 2),
(59, 1, 26, 9, 2, 4, 0, 1, 0, 1, 0, 1, 8682, 0, 0, 1),
(60, 1, 15, 1, 17, 23, 20, 26, 29, 43, 38, 43, 8558, 8, 9, 3),
(61, 1, 30, 4, 13, 26, 1, 1, 2, 3, 2, 3, 8743, 14, 0, 3),
(62, 1, 26, 1, 22, 84, 3, 9, 9, 30, 9, 30, 8313, 2, 5, 11),
(63, 1, 15, 2, 5, 9, 0, 1, 0, 3, 1, 3, 8669, 4, 1, 2),
(64, 6, 75, 1, 3, 12, 2, 2, 8, 11, 8, 11, 8522, 4, 9, 11),
(65, 1, 41, 2, 13, 24, 4, 12, 11, 23, 15, 23, 8461, 12, 10, 4),
(66, 6, 75, 2, 1, 4, 0, 0, 0, 0, 0, 0, 8760, 4, 7, 1),
(67, 1, 25, 10, 1, 4, 2, 2, 2, 2, 2, 2, 8749, 0, 0, 0),
(68, 1, 41, 1, 39, 68, 12, 32, 40, 80, 59, 80, 8463, 23, 47, 8),
(69, 1, 36, 5, 19, 95, 0, 0, 1, 1, 1, 1, 8760, 18, 1, 4),
(70, 3, 65, 4, 7, 12, 0, 0, 0, 0, 0, 0, 8760, 4, 0, 0),
(71, 1, 36, 9, 45, 79, 5, 8, 6, 10, 6, 10, 8748, 56, 1, 39),
(72, 3, 65, 6, 35, 194, 18, 18, 60, 61, 60, 61, 8753, 5, 12, 1),
(73, 1, 30, 7, 2, 22, 2, 2, 2, 2, 2, 2, 8758, 0, 3, 1),
(74, 3, 65, 2, 25, 79, 1, 1, 11, 11, 11, 11, 8759, 9, 27, 3),
(75, 1, 38, 1, 8, 16, 0, 0, 3, 5, 4, 5, 8619, 1, 11, 3),
(76, 5, 69, 1, 28, 115, 18, 18, 43, 43, 42, 43, 8755, 10, 94, 78),
(77, 4, 67, 9, 13, 27, 3, 3, 3, 3, 3, 3, 8758, 50, 9, 18),
(78, 7, 77, 3, 4, 5, 2, 2, 2, 2, 2, 2, 8759, 2, 0, 2),
(79, 1, 16, 7, 1, 17, 0, 0, 0, 0, 0, 0, 8760, 1, 9, 0),
(80, 3, 102, 5, 20, 72, 1, 1, 1, 1, 1, 1, 8760, 10, 19, 5),
(81, 1, 16, 3, 7, 14, 1, 1, 2, 2, 2, 2, 8759, 5, 0, 0),
(82, 1, 29, 2, 10, 18, 1, 3, 1, 5, 4, 5, 8684, 0, 0, 0),
(83, 2, 47, 3, 11, 44, 0, 0, 0, 0, 0, 0, 8760, 3, 5, 1),
(84, 1, 29, 1, 22, 40, 12, 20, 16, 31, 22, 31, 8347, 6, 16, 5),
(85, 2, 47, 2, 63, 141, 1, 1, 37, 37, 36, 37, 8757, 28, 98, 19),
(86, 1, 23, 3, 1, 6, 0, 0, 0, 0, 0, 0, 8760, 0, 0, 0),
(87, 3, 65, 5, 1, 29, 0, 0, 0, 0, 0, 0, 8760, 3, 5, 0),
(88, 1, 23, 5, 1, 4, 0, 0, 0, 0, 0, 0, 8760, 2, 2, 0),
(89, 3, 102, 2, 53, 159, 3, 3, 23, 23, 23, 23, 8759, 35, 34, 12),
(90, 3, 102, 6, 39, 329, 34, 35, 115, 116, 114, 116, 8750, 9, 30, 3),
(91, 1, 23, 1, 14, 23, 3, 3, 17, 19, 19, 19, 8751, 5, 9, 2),
(92, 7, 77, 1, 39, 74, 90, 94, 220, 230, 230, 230, 8751, 4, 18, 6),
(93, 3, 102, 9, 20, 50, 2, 2, 2, 2, 2, 2, 8760, 7, 5, 4),
(94, 1, 37, 1, 12, 13, 15, 16, 15, 16, 15, 16, 8725, 25, 5, 4),
(95, 1, 23, 2, 8, 14, 2, 2, 2, 3, 3, 3, 8732, 5, 3, 3),
(96, 1, 37, 2, 4, 8, 0, 0, 0, 0, 0, 0, 8760, 7, 0, 0),
(97, 7, 77, 4, 1, 2, 0, 0, 0, 0, 0, 0, 8760, 0, 0, 0),
(98, 5, 69, 2, 15, 33, 5, 5, 6, 6, 6, 6, 8759, 12, 28, 24),
(99, 7, 77, 2, 11, 18, 2, 4, 30, 32, 30, 32, 8753, 3, 5, 1),
(100, 5, 69, 9, 8, 22, 5, 5, 5, 5, 5, 5, 8757, 8, 0, 6),
(101, 3, 65, 7, 1, 20, 1, 1, 2, 2, 2, 2, 8757, 0, 0, 0),
(102, 2, 46, 1, 17, 115, 7, 8, 37, 38, 37, 38, 8738, 4, 50, 35),
(103, 1, 24, 4, 1, 2, 0, 0, 0, 0, 0, 0, 8760, 2, 0, 0),
(104, 2, 46, 2, 9, 29, 0, 0, 8, 9, 8, 9, 8752, 1, 22, 8),
(105, 3, 65, 3, 6, 11, 0, 0, 1, 1, 1, 1, 8760, 5, 0, 0),
(106, 3, 102, 3, 20, 28, 0, 0, 5, 5, 5, 5, 8760, 13, 9, 1),
(107, 1, 16, 4, 3, 12, 1, 2, 1, 2, 2, 2, 8509, 2, 0, 0),
(108, 1, 16, 10, 1, 3, 0, 0, 0, 0, 0, 0, 8760, 1, 3, 0),
(109, 7, 77, 7, 1, 3, 0, 0, 8, 8, 8, 8, 8751, 1, 0, 0),
(110, 1, 28, 5, 2, 13, 0, 0, 0, 0, 0, 0, 8760, 3, 0, 0),
(111, 1, 41, 3, 3, 5, 1, 1, 1, 1, 1, 1, 8759, 1, 0, 1),
(112, 7, 78, 1, 3, 5, 6, 6, 12, 14, 12, 14, 8747, 0, 0, 1),
(113, 7, 77, 5, 1, 2, 0, 0, 0, 0, 0, 0, 8760, 0, 0, 0),
(114, 5, 69, 5, 3, 34, 1, 1, 1, 1, 1, 1, 8759, 3, 0, 3),
(115, 5, 69, 7, 2, 18, 4, 4, 4, 4, 4, 4, 8756, 1, 1, 0),
(116, 1, 41, 5, 2, 10, 0, 0, 0, 0, 0, 0, 8760, 1, 0, 0),
(117, 1, 43, 1, 7, 17, 1, 4, 3, 10, 6, 10, 8318, 1, 0, 2),
(118, 3, 60, 2, 12, 34, 1, 2, 5, 6, 5, 6, 8747, 7, 10, 1),
(119, 1, 43, 2, 4, 7, 2, 3, 2, 3, 3, 3, 8752, 0, 0, 0),
(120, 3, 60, 6, 11, 90, 4, 4, 26, 26, 26, 26, 8755, 6, 17, 0),
(121, 3, 60, 5, 3, 15, 0, 0, 0, 0, 0, 0, 8760, 4, 2, 0),
(122, 2, 44, 1, 50, 214, 9, 9, 44, 47, 43, 47, 8754, 29, 144, 56),
(123, 2, 44, 5, 4, 53, 0, 0, 0, 0, 0, 0, 8760, 1, 6, 3),
(124, 2, 44, 2, 21, 80, 3, 3, 8, 11, 8, 11, 8746, 18, 85, 51),
(125, 3, 65, 9, 7, 29, 0, 1, 0, 1, 0, 1, 8719, 5, 0, 1),
(126, 1, 19, 2, 5, 8, 0, 1, 0, 1, 1, 1, 8756, 0, 0, 2),
(127, 1, 19, 1, 15, 24, 10, 20, 12, 24, 21, 24, 8549, 2, 20, 12),
(128, 1, 36, 13, 30, 43, 4, 5, 16, 20, 16, 20, 8712, 4, 23, 0),
(129, 1, 12, 9, 1, 2, 0, 0, 0, 0, 0, 0, 8760, 1, 1, 1),
(130, 2, 47, 8, 1, 11, 0, 0, 0, 0, 0, 0, 8760, 0, 0, 0),
(131, 1, 20, 1, 41, 69, 17, 22, 37, 50, 38, 50, 8570, 17, 27, 20),
(132, 1, 2, 1, 57, 69, 25, 30, 108, 153, 134, 153, 8650, 7, 57, 15),
(133, 2, 46, 3, 4, 13, 0, 0, 0, 0, 0, 0, 8760, 0, 4, 1),
(134, 1, 2, 2, 18, 24, 1, 2, 8, 13, 10, 13, 8630, 5, 11, 1),
(135, 1, 16, 2, 36, 55, 2, 3, 4, 5, 5, 5, 8759, 5, 35, 10),
(136, 1, 33, 1, 3, 5, 1, 1, 1, 1, 1, 1, 8758, 0, 0, 1),
(137, 1, 43, 4, 1, 4, 0, 0, 0, 0, 0, 0, 8760, 0, 0, 0),
(138, 1, 35, 1, 3, 4, 0, 0, 1, 3, 1, 3, 8727, 1, 0, 2),
(139, 3, 52, 6, 1, 25, 0, 0, 5, 5, 5, 5, 8753, 1, 2, 0),
(140, 1, 35, 3, 1, 2, 0, 0, 0, 0, 0, 0, 8760, 0, 0, 0),
(141, 3, 52, 2, 3, 8, 0, 0, 5, 6, 5, 6, 8746, 1, 0, 0),
(142, 3, 52, 5, 3, 8, 1, 1, 2, 2, 2, 2, 8759, 4, 0, 0),
(143, 1, 21, 7, 1, 7, 0, 0, 0, 0, 0, 0, 8760, 2, 6, 0),
(144, 4, 67, 4, 10, 15, 0, 0, 3, 3, 3, 3, 8758, 17, 0, 11),
(145, 1, 13, 1, 4, 7, 2, 3, 3, 4, 3, 4, 8746, 3, 11, 2),
(146, 2, 44, 9, 2, 16, 0, 0, 0, 0, 0, 0, 8760, 4, 3, 2),
(147, 1, 15, 5, 5, 6, 2, 2, 2, 2, 2, 2, 8757, 1, 0, 0),
(148, 2, 47, 5, 14, 110, 0, 0, 1, 1, 1, 1, 8760, 3, 10, 9),
(149, 1, 6, 9, 7, 10, 1, 1, 1, 1, 1, 1, 8759, 23, 15, 21),
(150, 2, 88, 2, 1, 2, 0, 0, 0, 0, 0, 0, 8760, 0, 1, 3),
(151, 1, 7, 1, 1, 4, 0, 0, 0, 0, 0, 0, 8760, 0, 0, 2),
(152, 1, 6, 4, 9, 20, 3, 3, 3, 3, 3, 3, 8759, 9, 0, 11),
(153, 2, 44, 4, 1, 19, 0, 0, 1, 1, 1, 1, 8757, 0, 4, 0),
(154, 1, 40, 1, 23, 48, 9, 34, 15, 49, 26, 49, 8027, 1, 4, 11),
(155, 1, 20, 2, 14, 27, 5, 6, 11, 14, 11, 14, 8706, 6, 0, 5),
(156, 5, 69, 10, 4, 5, 0, 0, 0, 0, 0, 0, 8760, 6, 4, 0),
(157, 2, 47, 10, 6, 21, 0, 0, 0, 0, 0, 0, 8760, 3, 30, 0),
(158, 5, 69, 4, 1, 4, 0, 0, 0, 0, 0, 0, 8760, 0, 0, 1),
(159, 2, 47, 7, 2, 176, 2, 2, 3, 3, 3, 3, 8753, 0, 16, 0),
(160, 1, 86, 1, 7, 9, 0, 0, 5, 6, 5, 6, 8672, 2, 20, 0),
(161, 1, 33, 2, 1, 2, 0, 0, 0, 0, 0, 0, 8760, 0, 0, 1),
(162, 1, 23, 4, 5, 7, 0, 0, 0, 0, 0, 0, 8760, 0, 0, 0),
(163, 1, 39, 4, 1, 2, 0, 0, 0, 0, 0, 0, 8760, 1, 0, 1),
(164, 1, 39, 1, 1, 2, 2, 2, 2, 2, 2, 2, 8748, 2, 4, 0),
(165, 1, 41, 7, 3, 7, 4, 7, 4, 7, 3, 7, 8380, 4, 13, 0),
(166, 1, 22, 13, 4, 7, 0, 1, 0, 1, 0, 1, 8088, 0, 0, 0),
(167, 2, 47, 9, 15, 80, 2, 2, 2, 2, 2, 2, 8759, 9, 9, 18),
(168, 1, 6, 13, 3, 5, 0, 0, 1, 1, 1, 1, 8759, 0, 0, 0),
(169, 1, 30, 3, 6, 11, 0, 0, 0, 0, 0, 0, 8760, 9, 0, 0),
(170, 3, 102, 7, 4, 41, 5, 5, 6, 6, 6, 6, 8758, 3, 6, 0),
(171, 1, 20, 3, 3, 8, 0, 0, 0, 0, 0, 0, 8760, 8, 0, 0),
(172, 2, 50, 5, 1, 25, 0, 0, 0, 0, 0, 0, 8760, 0, 0, 0),
(173, 2, 50, 7, 3, 34, 3, 3, 6, 6, 6, 6, 8751, 0, 3, 0),
(174, 1, 9, 2, 1, 2, 0, 0, 0, 0, 0, 0, 8760, 1, 4, 3),
(175, 2, 50, 1, 59, 150, 5, 5, 45, 46, 45, 46, 8753, 8, 62, 41),
(176, 1, 30, 5, 1, 5, 0, 0, 0, 0, 0, 0, 8760, 0, 0, 0),
(177, 4, 67, 5, 13, 20, 0, 0, 1, 1, 1, 1, 8759, 31, 3, 16),
(178, 1, 2, 4, 4, 10, 1, 1, 1, 1, 1, 1, 8760, 2, 0, 1),
(179, 1, 20, 5, 2, 5, 0, 0, 0, 0, 0, 0, 8760, 0, 0, 0),
(180, 1, 6, 5, 7, 20, 0, 0, 0, 1, 1, 1, 8518, 10, 10, 2),
(181, 1, 21, 2, 12, 19, 1, 2, 8, 10, 9, 10, 8680, 1, 2, 17),
(182, 1, 19, 7, 1, 2, 1, 2, 1, 2, 2, 2, 8712, 0, 0, 0),
(183, 1, 16, 9, 7, 11, 0, 0, 1, 1, 1, 1, 8760, 12, 7, 12),
(184, 2, 50, 2, 18, 49, 0, 0, 20, 20, 20, 20, 8754, 9, 34, 10),
(185, 1, 17, 1, 2, 6, 1, 1, 1, 1, 1, 1, 8758, 0, 0, 0),
(186, 1, 40, 2, 5, 22, 0, 1, 1, 4, 0, 4, 8385, 1, 0, 2),
(187, 1, 25, 4, 5, 10, 0, 0, 1, 2, 1, 2, 8669, 2, 0, 1),
(188, 1, 40, 3, 5, 9, 1, 2, 1, 2, 1, 2, 8661, 1, 0, 0),
(189, 1, 15, 4, 1, 3, 0, 0, 0, 0, 0, 0, 8760, 0, 0, 0),
(190, 2, 50, 10, 2, 4, 0, 0, 0, 0, 0, 0, 8760, 0, 0, 0),
(191, 3, 65, 10, 2, 4, 2, 2, 2, 2, 2, 2, 8758, 0, 16, 1),
(192, 1, 41, 4, 6, 8, 1, 1, 1, 1, 1, 1, 8760, 6, 4, 1),
(193, 2, 47, 13, 3, 8, 0, 0, 0, 0, 0, 0, 8760, 0, 0, 0),
(194, 1, 3, 2, 3, 4, 1, 1, 1, 1, 1, 1, 8759, 3, 8, 0),
(195, 1, 16, 13, 1, 2, 0, 0, 0, 0, 0, 0, 8760, 0, 0, 0),
(196, 1, 40, 4, 3, 7, 0, 0, 0, 0, 0, 0, 8760, 0, 0, 0),
(197, 1, 32, 4, 1, 3, 0, 0, 0, 0, 0, 0, 8760, 0, 0, 0),
(198, 5, 69, 3, 3, 15, 3, 3, 4, 4, 4, 4, 8757, 10, 0, 6),
(199, 1, 32, 2, 2, 6, 1, 1, 3, 3, 3, 3, 8752, 2, 4, 0),
(200, 1, 29, 4, 5, 8, 0, 0, 0, 0, 0, 0, 8760, 0, 0, 0),
(201, 1, 1, 1, 7, 9, 0, 1, 1, 6, 5, 6, 8713, 2, 6, 0),
(202, 1, 8, 2, 2, 3, 0, 1, 0, 1, 0, 1, 8512, 2, 0, 2),
(203, 3, 102, 4, 9, 16, 0, 0, 0, 0, 0, 0, 8760, 14, 7, 5),
(204, 1, 21, 4, 3, 6, 0, 0, 0, 0, 0, 0, 8760, 2, 0, 1),
(205, 2, 50, 3, 8, 20, 0, 0, 1, 1, 1, 1, 8760, 7, 8, 6),
(206, 2, 50, 9, 5, 17, 0, 0, 0, 0, 0, 0, 8760, 1, 1, 3),
(207, 5, 87, 2, 2, 4, 2, 2, 2, 2, 2, 2, 8758, 2, 1, 6),
(208, 5, 87, 1, 2, 11, 3, 3, 3, 3, 3, 3, 8757, 3, 9, 13),
(209, 5, 98, 1, 1, 5, 1, 1, 1, 1, 1, 1, 8758, 0, 5, 6),
(210, 1, 5, 1, 7, 22, 2, 2, 4, 5, 4, 5, 8756, 4, 12, 0),
(211, 1, 26, 4, 1, 5, 0, 0, 0, 0, 0, 0, 8760, 3, 2, 4),
(212, 3, 61, 6, 1, 11, 3, 3, 3, 3, 3, 3, 8756, 0, 1, 0),
(213, 2, 47, 4, 6, 32, 0, 0, 0, 0, 0, 0, 8760, 3, 0, 0),
(214, 2, 45, 2, 2, 9, 0, 0, 1, 1, 1, 1, 8756, 2, 6, 3),
(215, 3, 61, 5, 1, 4, 1, 1, 1, 1, 1, 1, 8757, 0, 0, 0),
(216, 2, 45, 3, 1, 4, 0, 0, 0, 0, 0, 0, 8760, 1, 1, 0),
(217, 2, 45, 1, 7, 33, 0, 0, 6, 6, 6, 6, 8755, 3, 9, 14),
(218, 1, 25, 13, 1, 3, 0, 0, 0, 0, 0, 0, 8760, 0, 0, 0),
(219, 1, 43, 3, 3, 4, 0, 0, 0, 0, 0, 0, 8760, 4, 0, 0),
(220, 2, 45, 9, 1, 6, 2, 2, 2, 2, 2, 2, 8753, 0, 0, 1),
(221, 3, 60, 7, 1, 8, 0, 0, 0, 0, 0, 0, 8760, 0, 0, 0),
(222, 1, 21, 5, 3, 9, 0, 0, 0, 0, 0, 0, 8760, 3, 9, 1),
(223, 1, 86, 2, 3, 6, 0, 0, 0, 0, 0, 0, 8760, 0, 8, 0),
(224, 2, 46, 7, 1, 16, 0, 0, 0, 0, 0, 0, 8760, 0, 0, 0),
(225, 2, 44, 3, 12, 39, 0, 0, 0, 0, 0, 0, 8760, 8, 10, 8),
(226, 2, 46, 5, 1, 15, 0, 0, 0, 0, 0, 0, 8760, 0, 0, 0),
(227, 2, 46, 9, 2, 7, 0, 0, 0, 0, 0, 0, 8760, 0, 2, 1),
(228, 1, 40, 9, 1, 5, 0, 0, 0, 0, 0, 0, 8760, 0, 0, 0),
(229, 1, 85, 2, 1, 2, 2, 2, 2, 2, 2, 2, 8747, 0, 0, 0),
(230, 1, 80, 1, 7, 9, 0, 0, 0, 0, 0, 0, 8760, 0, 4, 6),
(231, 3, 63, 3, 1, 2, 0, 0, 1, 1, 1, 1, 8758, 0, 0, 0),
(232, 8, 82, 1, 5, 6, 0, 0, 0, 0, 0, 0, 8760, 1, 1, 1),
(233, 3, 102, 10, 6, 15, 1, 1, 1, 1, 1, 1, 8760, 1, 9, 0),
(234, 2, 50, 4, 6, 8, 0, 0, 0, 0, 0, 0, 8760, 1, 0, 2),
(235, 3, 60, 3, 7, 13, 1, 1, 1, 1, 1, 1, 8759, 4, 0, 0),
(236, 1, 29, 3, 1, 4, 0, 0, 0, 0, 0, 0, 8760, 0, 0, 0),
(237, 2, 49, 2, 3, 8, 0, 0, 11, 11, 11, 11, 8748, 3, 12, 2),
(238, 2, 49, 1, 13, 30, 3, 3, 15, 15, 15, 15, 8752, 9, 24, 15),
(239, 1, 27, 1, 4, 13, 0, 0, 2, 2, 2, 2, 8751, 1, 6, 0),
(240, 3, 60, 9, 11, 21, 0, 0, 0, 0, 0, 0, 8760, 1, 4, 0),
(241, 2, 48, 2, 4, 9, 1, 1, 5, 5, 5, 5, 8753, 0, 0, 2),
(242, 2, 48, 1, 12, 26, 8, 8, 8, 8, 8, 8, 8756, 1, 10, 10),
(243, 5, 71, 9, 1, 3, 0, 0, 0, 0, 0, 0, 8760, 1, 0, 0),
(244, 5, 71, 3, 1, 2, 0, 0, 0, 0, 0, 0, 8760, 0, 0, 1),
(245, 1, 20, 7, 1, 5, 1, 1, 1, 1, 1, 1, 8758, 4, 8, 0),
(246, 1, 12, 3, 1, 2, 0, 0, 0, 0, 0, 0, 8760, 1, 0, 0),
(247, 1, 31, 1, 2, 4, 0, 0, 0, 0, 0, 0, 8760, 0, 0, 0),
(248, 1, 1, 2, 1, 2, 0, 0, 0, 0, 0, 0, 8760, 0, 3, 0),
(249, 3, 63, 6, 2, 9, 0, 0, 2, 2, 2, 2, 8755, 1, 3, 0),
(250, 2, 88, 1, 1, 2, 0, 0, 0, 0, 0, 0, 8760, 2, 4, 4),
(251, 5, 71, 2, 1, 3, 0, 0, 2, 2, 2, 2, 8757, 3, 8, 0),
(252, 1, 5, 3, 1, 5, 0, 0, 0, 0, 0, 0, 8760, 3, 0, 0),
(253, 1, 37, 3, 1, 7, 0, 0, 0, 0, 0, 0, 8760, 8, 0, 0),
(254, 1, 37, 5, 3, 5, 0, 0, 0, 0, 0, 0, 8760, 8, 3, 0),
(255, 1, 37, 7, 2, 3, 1, 2, 1, 2, 1, 2, 7891, 8, 0, 0),
(256, 1, 15, 7, 1, 4, 1, 1, 1, 1, 1, 1, 8754, 0, 0, 0),
(257, 1, 19, 5, 1, 3, 0, 0, 0, 0, 0, 0, 8760, 1, 0, 0),
(258, 1, 29, 10, 1, 2, 0, 0, 0, 0, 0, 0, 8760, 0, 0, 0),
(259, 3, 52, 4, 1, 3, 0, 0, 0, 0, 0, 0, 8760, 1, 0, 0),
(260, 3, 63, 2, 1, 4, 0, 0, 1, 1, 1, 1, 8758, 3, 4, 1),
(261, 2, 45, 5, 1, 3, 2, 2, 2, 2, 2, 2, 8752, 0, 0, 0),
(262, 3, 64, 6, 1, 14, 0, 0, 2, 2, 2, 2, 8754, 0, 0, 0),
(263, 3, 64, 2, 3, 11, 0, 0, 0, 0, 0, 0, 8760, 4, 10, 0),
(264, 3, 64, 9, 1, 2, 0, 0, 0, 0, 0, 0, 8760, 1, 0, 0),
(265, 3, 55, 6, 1, 4, 0, 0, 0, 0, 0, 0, 8760, 0, 0, 0),
(266, 8, 82, 8, 1, 2, 0, 0, 0, 0, 0, 0, 8760, 0, 0, 0),
(267, 2, 49, 9, 1, 3, 0, 0, 0, 0, 0, 0, 8760, 4, 2, 1),
(268, 2, 49, 3, 1, 2, 0, 0, 0, 0, 0, 0, 8760, 0, 0, 0),
(269, 2, 48, 9, 2, 3, 0, 0, 0, 0, 0, 0, 8760, 0, 0, 0),
(270, 2, 48, 3, 4, 6, 0, 0, 0, 0, 0, 0, 8760, 10, 0, 0),
(271, 3, 57, 6, 1, 6, 0, 0, 5, 5, 5, 5, 8750, 0, 3, 0),
(272, 3, 54, 9, 1, 4, 0, 0, 0, 0, 0, 0, 8760, 1, 0, 0),
(273, 2, 44, 13, 2, 3, 4, 4, 5, 5, 5, 5, 8748, 1, 3, 0),
(274, 2, 51, 1, 2, 3, 0, 0, 0, 0, 0, 0, 8760, 0, 0, 0),
(275, 2, 44, 10, 2, 5, 0, 0, 0, 0, 0, 0, 8760, 0, 4, 0),
(276, 1, 10, 1, 1, 2, 0, 0, 4, 6, 5, 6, 8552, 0, 1, 0),
(277, 6, 73, 2, 1, 2, 0, 0, 1, 2, 1, 2, 8433, 0, 1, 2),
(278, 6, 73, 1, 3, 5, 0, 0, 7, 7, 7, 7, 8756, 0, 17, 4),
(279, 1, 17, 2, 1, 2, 0, 0, 0, 0, 0, 0, 8760, 0, 0, 0),
(280, 2, 46, 10, 1, 4, 0, 0, 0, 0, 0, 0, 8760, 0, 0, 0),
(281, 1, 11, 4, 1, 2, 0, 0, 0, 0, 0, 0, 8760, 0, 0, 0),
(282, 1, 11, 1, 6, 9, 4, 4, 7, 7, 7, 7, 8751, 1, 9, 0),
(283, 1, 11, 2, 3, 4, 0, 0, 1, 2, 2, 2, 8742, 2, 0, 0),
(284, 3, 57, 9, 2, 5, 0, 0, 0, 0, 0, 0, 8760, 1, 3, 0),
(285, 3, 57, 2, 1, 5, 0, 0, 0, 0, 0, 0, 8760, 2, 4, 0),
(286, 1, 15, 3, 1, 2, 0, 0, 0, 0, 0, 0, 8760, 1, 0, 0),
(287, 3, 57, 3, 2, 4, 0, 0, 0, 0, 0, 0, 8760, 1, 3, 0),
(288, 1, 20, 4, 6, 7, 0, 0, 0, 1, 0, 1, 8732, 7, 0, 1),
(289, 1, 5, 4, 1, 2, 0, 0, 0, 0, 0, 0, 8760, 0, 0, 0),
(290, 3, 53, 10, 2, 3, 1, 1, 1, 1, 1, 1, 8760, 1, 8, 0),
(291, 6, 76, 9, 1, 3, 0, 0, 0, 0, 0, 0, 8760, 1, 7, 0),
(292, 3, 58, 4, 1, 2, 0, 0, 0, 0, 0, 0, 8760, 1, 0, 0),
(293, 3, 58, 9, 2, 3, 0, 0, 0, 0, 0, 0, 8760, 0, 0, 0),
(294, 1, 29, 7, 1, 2, 0, 0, 0, 0, 0, 0, 8760, 0, 0, 0),
(295, 1, 3, 1, 3, 4, 2, 2, 3, 3, 3, 3, 8753, 2, 5, 0),
(296, 1, 24, 2, 1, 2, 1, 1, 1, 1, 1, 1, 8755, 2, 2, 3),
(297, 6, 75, 5, 1, 4, 0, 0, 0, 0, 0, 0, 8760, 1, 0, 2),
(298, 6, 75, 9, 1, 8, 0, 0, 0, 0, 0, 0, 8760, 3, 8, 0),
(299, 1, 7, 2, 1, 2, 0, 0, 0, 0, 0, 0, 8760, 0, 0, 2),
(300, 1, 27, 2, 2, 4, 0, 0, 3, 3, 3, 3, 8751, 0, 0, 0),
(301, 6, 72, 1, 1, 1, 0, 0, 0, 0, 0, 0, 8760, 0, 0, 0),
(302, 6, 73, 5, 1, 1, 0, 0, 0, 0, 0, 0, 8760, 0, 0, 0),
(303, 6, 75, 8, 1, 1, 0, 0, 0, 0, 0, 0, 8760, 0, 0, 0),
(304, 6, 75, 7, 1, 1, 0, 0, 3, 4, 3, 4, 8393, 0, 0, 0),
(305, 7, 77, 9, 2, 2, 0, 0, 0, 0, 0, 0, 8760, 0, 0, 1),
(306, 1, 34, 2, 1, 1, 0, 0, 0, 0, 0, 0, 8760, 1, 6, 0),
(307, 1, 34, 1, 1, 1, 0, 0, 0, 2, 2, 2, 7462, 2, 6, 0),
(308, 1, 41, 9, 5, 5, 0, 1, 0, 1, 0, 1, 8732, 1, 1, 2),
(309, 3, 58, 3, 5, 5, 0, 0, 0, 0, 0, 0, 8760, 1, 2, 0),
(310, 7, 77, 10, 1, 1, 2, 2, 2, 2, 2, 2, 8758, 0, 0, 0),
(311, 4, 84, 5, 1, 1, 0, 0, 0, 0, 0, 0, 8760, 1, 0, 2),
(312, 4, 84, 2, 1, 1, 0, 0, 2, 2, 2, 2, 8748, 2, 0, 3),
(313, 4, 84, 1, 2, 2, 4, 4, 8, 8, 8, 8, 8732, 1, 0, 1),
(314, 3, 57, 10, 1, 1, 0, 0, 0, 0, 0, 0, 8760, 0, 0, 0),
(315, 3, 57, 5, 1, 1, 0, 0, 2, 2, 2, 2, 8756, 1, 8, 0),
(316, 1, 2, 5, 6, 6, 0, 0, 0, 0, 0, 0, 8760, 0, 1, 0),
(317, 1, 13, 2, 4, 4, 0, 0, 0, 0, 0, 0, 8760, 3, 9, 1),
(318, 1, 13, 7, 1, 1, 3, 3, 3, 3, 3, 3, 8744, 1, 1, 0),
(319, 1, 13, 4, 3, 3, 0, 1, 0, 1, 0, 1, 8463, 1, 1, 0),
(320, 5, 68, 10, 1, 1, 0, 0, 0, 0, 0, 0, 8760, 1, 0, 0),
(321, 5, 68, 2, 1, 1, 0, 0, 0, 0, 0, 0, 8760, 2, 5, 7),
(322, 1, 86, 13, 4, 4, 0, 0, 0, 0, 0, 0, 8760, 0, 0, 0),
(323, 1, 23, 13, 1, 1, 0, 0, 0, 0, 0, 0, 8760, 0, 0, 0),
(324, 1, 39, 2, 1, 1, 1, 1, 1, 1, 1, 1, 8754, 3, 8, 0),
(325, 3, 53, 3, 2, 2, 0, 0, 0, 0, 0, 0, 8760, 0, 0, 0),
(326, 1, 36, 12, 1, 1, 2, 2, 2, 2, 2, 2, 8752, 0, 0, 0),
(327, 1, 20, 10, 2, 2, 0, 0, 0, 0, 0, 0, 8760, 0, 0, 0),
(328, 1, 22, 12, 3, 3, 11, 16, 11, 16, 14, 16, 8355, 0, 0, 0),
(329, 1, 85, 1, 2, 2, 6, 6, 6, 6, 6, 6, 8744, 1, 5, 2),
(330, 4, 67, 13, 6, 6, 3, 3, 6, 6, 6, 6, 8755, 4, 0, 0),
(331, 1, 20, 9, 3, 3, 1, 1, 1, 1, 1, 1, 8758, 4, 6, 0),
(332, 1, 17, 10, 1, 1, 0, 0, 0, 0, 0, 0, 8760, 0, 0, 0),
(333, 1, 17, 9, 1, 1, 0, 0, 0, 0, 0, 0, 8760, 0, 0, 0),
(334, 1, 19, 9, 3, 3, 0, 0, 0, 0, 0, 0, 8760, 5, 4, 3),
(335, 5, 69, 12, 1, 1, 2, 2, 2, 2, 2, 2, 8747, 0, 0, 0),
(336, 1, 21, 13, 1, 1, 0, 0, 0, 0, 0, 0, 8760, 0, 0, 0),
(337, 1, 21, 3, 3, 3, 0, 0, 0, 0, 0, 0, 8760, 4, 0, 0),
(338, 4, 67, 10, 6, 6, 4, 4, 4, 4, 4, 4, 8756, 12, 4, 0),
(339, 3, 61, 3, 1, 1, 0, 0, 0, 0, 0, 0, 8760, 0, 0, 0),
(340, 1, 42, 1, 3, 3, 3, 3, 3, 3, 3, 3, 8755, 3, 26, 2),
(341, 1, 13, 3, 1, 1, 0, 0, 0, 0, 0, 0, 8760, 0, 0, 0),
(342, 1, 41, 13, 2, 2, 0, 0, 0, 0, 0, 0, 8760, 0, 0, 0),
(343, 1, 6, 12, 1, 1, 1, 1, 1, 1, 1, 1, 8754, 1, 0, 0),
(344, 1, 26, 13, 1, 1, 0, 0, 0, 0, 0, 0, 8760, 3, 2, 0),
(345, 1, 106, 2, 1, 1, 2, 3, 2, 3, 2, 3, 8405, 0, 0, 0),
(346, 1, 106, 1, 1, 1, 1, 2, 1, 2, 1, 2, 8732, 0, 0, 0),
(347, 1, 40, 10, 1, 1, 0, 0, 0, 0, 0, 0, 8760, 0, 0, 0),
(348, 1, 86, 4, 1, 1, 0, 0, 0, 0, 0, 0, 8760, 7, 0, 1),
(349, 1, 2, 13, 2, 2, 0, 0, 0, 0, 0, 0, 8760, 0, 0, 0),
(350, 3, 102, 12, 1, 1, 2, 2, 2, 2, 2, 2, 8750, 0, 0, 0),
(351, 5, 87, 10, 1, 1, 0, 0, 0, 0, 0, 0, 8760, 1, 0, 0),
(352, 5, 98, 3, 1, 1, 0, 0, 0, 0, 0, 0, 8760, 0, 0, 0),
(353, 1, 15, 10, 1, 1, 0, 0, 0, 0, 0, 0, 8760, 0, 0, 0),
(354, 1, 35, 2, 1, 1, 0, 0, 0, 0, 0, 0, 8760, 0, 0, 2),
(355, 1, 30, 13, 1, 1, 0, 1, 0, 1, 0, 1, 8517, 0, 0, 0),
(356, 1, 11, 13, 1, 1, 0, 0, 0, 0, 0, 0, 8760, 0, 0, 0),
(357, 1, 30, 10, 2, 2, 2, 2, 2, 2, 2, 2, 8755, 3, 0, 0),
(358, 1, 28, 13, 1, 1, 0, 0, 0, 0, 0, 0, 8760, 0, 0, 0),
(359, 1, 29, 5, 1, 1, 0, 0, 0, 0, 0, 0, 8760, 0, 0, 0),
(360, 1, 11, 9, 1, 1, 0, 0, 0, 0, 0, 0, 8760, 2, 0, 0),
(361, 1, 32, 5, 1, 1, 0, 0, 0, 0, 0, 0, 8760, 0, 0, 0),
(362, 1, 23, 9, 1, 1, 0, 0, 0, 0, 0, 0, 8760, 0, 0, 0),
(363, 1, 1, 4, 1, 1, 0, 0, 0, 0, 0, 0, 8760, 0, 0, 0),
(364, 1, 14, 1, 2, 2, 0, 0, 0, 0, 0, 0, 8760, 1, 0, 0),
(365, 1, 14, 2, 1, 1, 0, 0, 0, 0, 0, 0, 8760, 0, 0, 0),
(366, 1, 8, 1, 6, 6, 1, 1, 3, 4, 3, 4, 8685, 2, 1, 3),
(367, 1, 27, 3, 1, 1, 0, 0, 0, 0, 0, 0, 8760, 0, 0, 0),
(368, 1, 27, 4, 2, 2, 0, 0, 0, 0, 0, 0, 8760, 0, 0, 1),
(369, 1, 37, 9, 3, 3, 0, 1, 0, 1, 0, 1, 8587, 10, 7, 0),
(370, 1, 31, 3, 1, 1, 0, 0, 0, 0, 0, 0, 8760, 1, 0, 0),
(371, 1, 10, 2, 1, 1, 0, 0, 0, 0, 0, 0, 8760, 0, 0, 0),
(372, 1, 85, 3, 1, 1, 0, 0, 0, 0, 0, 0, 8760, 0, 0, 0),
(373, 1, 19, 10, 1, 1, 0, 0, 0, 0, 0, 0, 8760, 0, 0, 0),
(374, 1, 15, 9, 1, 1, 0, 0, 0, 0, 0, 0, 8760, 0, 0, 0),
(375, 1, 29, 9, 1, 1, 0, 0, 0, 0, 0, 0, 8760, 0, 0, 0),
(376, 1, 28, 12, 1, 1, 0, 0, 0, 0, 0, 0, 8760, 0, 0, 0),
(377, 1, 28, 10, 1, 1, 0, 1, 0, 1, 1, 1, 8746, 0, 0, 0),
(378, 1, 42, 2, 1, 1, 1, 1, 1, 1, 1, 1, 8758, 2, 12, 0),
(379, 1, 42, 3, 1, 1, 0, 0, 2, 2, 2, 2, 8754, 1, 1, 0),
(380, 1, 42, 7, 1, 1, 0, 0, 0, 0, 0, 0, 8760, 1, 1, 0),
(381, 3, 64, 3, 1, 1, 0, 0, 0, 0, 0, 0, 8760, 0, 0, 0),
(382, 3, 66, 2, 1, 1, 0, 0, 0, 0, 0, 0, 8760, 1, 2, 3),
(383, 3, 55, 4, 1, 1, 0, 0, 0, 0, 0, 0, 8760, 1, 0, 0),
(384, 3, 55, 5, 1, 1, 0, 0, 0, 0, 0, 0, 8760, 1, 0, 0),
(385, 8, 82, 9, 1, 1, 0, 0, 0, 0, 0, 0, 8760, 0, 0, 0),
(386, 8, 83, 13, 1, 1, 0, 0, 0, 0, 0, 0, 8760, 0, 0, 0),
(387, 2, 47, 12, 3, 3, 3, 3, 3, 3, 3, 3, 8753, 4, 1, 0),
(388, 2, 44, 12, 2, 2, 0, 0, 0, 0, 0, 0, 8760, 4, 5, 0),
(389, 2, 48, 10, 2, 2, 0, 0, 0, 0, 0, 0, 8760, 1, 1, 0),
(390, 2, 48, 12, 1, 1, 3, 3, 3, 3, 3, 3, 8745, 0, 0, 0),
(391, 2, 48, 4, 1, 1, 0, 0, 0, 0, 0, 0, 8760, 0, 0, 0),
(392, 3, 102, 8, 1, 1, 1, 1, 1, 1, 1, 1, 8757, 0, 0, 0),
(393, 3, 60, 4, 1, 1, 0, 0, 0, 0, 0, 0, 8760, 3, 0, 0),
(394, 3, 60, 8, 3, 3, 1, 1, 1, 1, 1, 1, 8759, 0, 0, 0),
(395, 3, 61, 4, 1, 1, 0, 0, 0, 0, 0, 0, 8760, 0, 0, 0),
(396, 3, 54, 3, 1, 1, 0, 0, 0, 0, 0, 0, 8760, 1, 0, 0),
(397, 2, 51, 2, 1, 1, 2, 2, 2, 2, 2, 2, 8754, 0, 0, 0),
(398, 2, 51, 3, 1, 1, 0, 0, 1, 1, 1, 1, 8756, 0, 0, 0);

-- --------------------------------------------------------

--
-- Table structure for table `tbl_map_report_marketing`
--

CREATE TABLE `tbl_map_report_marketing` (
  `Report_Id` int(6) NOT NULL,
  `Country_Id` int(6) NOT NULL,
  `City_Id` int(6) NOT NULL,
  `Device_Id` int(6) NOT NULL,
  `Microsite_Visitors` int(6) NOT NULL,
  `Locator_Actions` int(6) NOT NULL,
  `Qualified_Leads` int(6) NOT NULL
) ENGINE=InnoDB DEFAULT CHARSET=latin1;

--
-- Dumping data for table `tbl_map_report_marketing`
--

INSERT INTO `tbl_map_report_marketing` (`Report_Id`, `Country_Id`, `City_Id`, `Device_Id`, `Microsite_Visitors`, `Locator_Actions`, `Qualified_Leads`) VALUES
(1, 6, 0, 2, 4779, 44, 2),
(2, 6, 0, 3, 15502, 502, 10),
(3, 6, 0, 5, 15312, 113, 2),
(4, 6, 0, 9, 42584, 219, 16),
(5, 6, 0, 8, 8144, 55, 0),
(6, 6, 0, 7, 19836, 2670, 147),
(7, 5, 0, 2, 11693, 201, 0),
(8, 5, 0, 3, 26740, 438, 1),
(9, 5, 0, 5, 21482, 121, 2),
(10, 5, 0, 9, 35700, 381, 30),
(11, 5, 0, 8, 16392, 613, 1),
(12, 5, 0, 7, 53372, 5985, 211),
(13, 2, 0, 2, 19686, 383, 17),
(14, 2, 0, 3, 56190, 422, 7),
(15, 2, 0, 5, 54187, 188, 9),
(16, 2, 0, 9, 138339, 933, 79),
(17, 2, 0, 8, 75056, 128, 5),
(18, 2, 0, 7, 44199, 7658, 455),
(19, 1, 0, 2, 71540, 748, 20),
(20, 1, 0, 3, 495789, 3534, 57),
(21, 1, 0, 5, 313090, 1352, 26),
(22, 1, 0, 9, 364013, 2363, 234),
(23, 1, 0, 8, 455873, 1774, 7),
(24, 1, 0, 7, 314137, 49442, 1504),
(25, 4, 0, 2, 5726, 77, 3),
(26, 4, 0, 3, 18585, 211, 4),
(27, 4, 0, 5, 24575, 45, 4),
(28, 4, 0, 9, 48161, 377, 44),
(29, 4, 0, 8, 5824, 113, 0),
(30, 4, 0, 7, 25577, 5457, 249),
(31, 3, 0, 2, 14328, 728, 0),
(32, 3, 0, 3, 45051, 425, 5),
(33, 3, 0, 5, 44699, 136, 1),
(34, 3, 0, 9, 56476, 375, 36),
(35, 3, 0, 8, 40669, 256, 4),
(36, 3, 0, 7, 50711, 5630, 186),
(37, 7, 0, 2, 2974, 26, 0),
(38, 7, 0, 3, 23707, 40, 0),
(39, 7, 0, 5, 2042, 4, 0),
(40, 7, 0, 9, 135122, 39, 5),
(41, 7, 0, 8, 2406, 5, 0),
(42, 7, 0, 7, 87183, 2761, 20),
(43, 8, 0, 2, 296, 6, 0),
(44, 8, 0, 3, 12150, 19, 0),
(45, 8, 0, 5, 11336, 6, 0),
(46, 8, 0, 9, 51346, 25, 0),
(47, 8, 0, 8, 36074, 122, 0),
(48, 8, 0, 7, 118940, 11725, 0);

-- --------------------------------------------------------

--
-- Table structure for table `tbl_service_hubs`
--

CREATE TABLE `tbl_service_hubs` (
  `Service_Hub_Id` int(6) NOT NULL,
  `Country_Id` int(6) NOT NULL,
  `City_Id` int(6) NOT NULL,
  `Service_Hub_Latitude` varchar(20) NOT NULL,
  `Service_Hub_Longitude` varchar(20) NOT NULL,
  `Service_Hub_Marker` varchar(50) NOT NULL,
  `Service_Hub_Name` varchar(250) NOT NULL DEFAULT 'Service Hub'
) ENGINE=InnoDB DEFAULT CHARSET=latin1;

-- --------------------------------------------------------

--
-- Table structure for table `tbl_supplier`
--

CREATE TABLE `tbl_supplier` (
  `Supplier_Id` int(4) NOT NULL,
  `sort_order` int(11) NOT NULL,
  `Supplier_Name` varchar(100) NOT NULL,
  `supplier_logo` varchar(20) NOT NULL,
  `type` enum('all','kuwait','both') NOT NULL
) ENGINE=InnoDB DEFAULT CHARSET=latin1;

--
-- Dumping data for table `tbl_supplier`
--

INSERT INTO `tbl_supplier` (`Supplier_Id`, `sort_order`, `Supplier_Name`, `supplier_logo`, `type`) VALUES
(1, 1, 'Candela', 'candela.png', 'all'),
(2, 2, 'Lutronics', 'lutronic.png', 'both'),
(3, 4, 'Restoration robotics', 'robotics.png', 'both'),
(4, 3, 'Classys', 'classys.png', 'both');

-- --------------------------------------------------------

--
-- Table structure for table `tbl_users`
--

CREATE TABLE `tbl_users` (
  `id` int(11) NOT NULL,
  `name` varchar(100) COLLATE utf8_unicode_ci NOT NULL,
  `email` varchar(100) COLLATE utf8_unicode_ci NOT NULL,
  `password` varchar(255) COLLATE utf8_unicode_ci NOT NULL,
  `gender` enum('Male','Female') COLLATE utf8_unicode_ci NOT NULL,
  `phone` varchar(15) COLLATE utf8_unicode_ci NOT NULL,
  `created` datetime NOT NULL,
  `modified` datetime NOT NULL,
  `status` enum('1','0') COLLATE utf8_unicode_ci NOT NULL
) ENGINE=InnoDB DEFAULT CHARSET=utf8 COLLATE=utf8_unicode_ci;

--
-- Dumping data for table `tbl_users`
--

INSERT INTO `tbl_users` (`id`, `name`, `email`, `password`, `gender`, `phone`, `created`, `modified`, `status`) VALUES
(1, 'Mazen Jubayli', 'mazen.jubayli@imdad.com', 'a813bd61a2473b57c551b3a5bd060f03', 'Male', '9446187481', '2018-08-02 07:43:13', '2018-08-02 07:43:13', '1'),
(2, 'Admin', 'admin@admin.com', 'e10adc3949ba59abbe56e057f20f883e', 'Male', '9446187481', '2018-08-02 07:43:13', '2018-08-02 07:43:13', '1');

-- --------------------------------------------------------

--
-- Table structure for table `tbl_version`
--

CREATE TABLE `tbl_version` (
  `Version_Id` int(6) NOT NULL,
  `Version` varchar(20) CHARACTER SET latin1 NOT NULL,
  `Updated_Date` date DEFAULT NULL
) ENGINE=InnoDB DEFAULT CHARSET=utf8;

--
-- Dumping data for table `tbl_version`
--

INSERT INTO `tbl_version` (`Version_Id`, `Version`, `Updated_Date`) VALUES
(1, 'Version 1', '2018-06-10'),
(2, 'Version : 2.1', '2020-01-26');

--
-- Indexes for dumped tables
--

--
-- Indexes for table `tbl_city`
--
ALTER TABLE `tbl_city`
  ADD PRIMARY KEY (`City_Id`),
  ADD KEY `Country_Id` (`Country_Id`);

--
-- Indexes for table `tbl_clinics`
--
ALTER TABLE `tbl_clinics`
  ADD PRIMARY KEY (`Clinic_Id`),
  ADD KEY `Country_Id` (`Country_Id`),
  ADD KEY `City_Id` (`City_Id`);

--
-- Indexes for table `tbl_clinic_device`
--
ALTER TABLE `tbl_clinic_device`
  ADD PRIMARY KEY (`id`),
  ADD KEY `Clinic_Id` (`Clinic_Id`),
  ADD KEY `Device_Id` (`Device_Id`);

--
-- Indexes for table `tbl_country`
--
ALTER TABLE `tbl_country`
  ADD PRIMARY KEY (`Country_Id`);

--
-- Indexes for table `tbl_devices`
--
ALTER TABLE `tbl_devices`
  ADD PRIMARY KEY (`Device_Id`),
  ADD KEY `Supplier_Id` (`Supplier_Id`);

--
-- Indexes for table `tbl_device_install`
--
ALTER TABLE `tbl_device_install`
  ADD PRIMARY KEY (`Install_Id`),
  ADD KEY `Clinic_Id` (`Clinic_Id`),
  ADD KEY `Device_Id` (`Device_Id`);

--
-- Indexes for table `tbl_map_report`
--
ALTER TABLE `tbl_map_report`
  ADD PRIMARY KEY (`Report_Id`),
  ADD KEY `Country_Id` (`Country_Id`),
  ADD KEY `City_Id` (`City_Id`),
  ADD KEY `Device_Id` (`Device_Id`);

--
-- Indexes for table `tbl_map_report_marketing`
--
ALTER TABLE `tbl_map_report_marketing`
  ADD PRIMARY KEY (`Report_Id`),
  ADD KEY `Country_Id` (`Country_Id`),
  ADD KEY `Device_Id` (`Device_Id`),
  ADD KEY `City_Id` (`City_Id`);

--
-- Indexes for table `tbl_service_hubs`
--
ALTER TABLE `tbl_service_hubs`
  ADD PRIMARY KEY (`Service_Hub_Id`),
  ADD KEY `Country_Id` (`Country_Id`),
  ADD KEY `City_Id` (`City_Id`);

--
-- Indexes for table `tbl_supplier`
--
ALTER TABLE `tbl_supplier`
  ADD PRIMARY KEY (`Supplier_Id`);

--
-- Indexes for table `tbl_users`
--
ALTER TABLE `tbl_users`
  ADD PRIMARY KEY (`id`);

--
-- Indexes for table `tbl_version`
--
ALTER TABLE `tbl_version`
  ADD PRIMARY KEY (`Version_Id`);

--
-- AUTO_INCREMENT for dumped tables
--

--
-- AUTO_INCREMENT for table `tbl_city`
--
ALTER TABLE `tbl_city`
  MODIFY `City_Id` int(6) NOT NULL AUTO_INCREMENT, AUTO_INCREMENT=107;

--
-- AUTO_INCREMENT for table `tbl_clinics`
--
ALTER TABLE `tbl_clinics`
  MODIFY `Clinic_Id` int(6) NOT NULL AUTO_INCREMENT, AUTO_INCREMENT=1412;

--
-- AUTO_INCREMENT for table `tbl_clinic_device`
--
ALTER TABLE `tbl_clinic_device`
  MODIFY `id` int(11) NOT NULL AUTO_INCREMENT, AUTO_INCREMENT=2740;

--
-- AUTO_INCREMENT for table `tbl_country`
--
ALTER TABLE `tbl_country`
  MODIFY `Country_Id` int(6) NOT NULL AUTO_INCREMENT, AUTO_INCREMENT=9;

--
-- AUTO_INCREMENT for table `tbl_devices`
--
ALTER TABLE `tbl_devices`
  MODIFY `Device_Id` int(6) NOT NULL AUTO_INCREMENT, AUTO_INCREMENT=14;

--
-- AUTO_INCREMENT for table `tbl_device_install`
--
ALTER TABLE `tbl_device_install`
  MODIFY `Install_Id` int(6) NOT NULL AUTO_INCREMENT, AUTO_INCREMENT=2740;

--
-- AUTO_INCREMENT for table `tbl_map_report`
--
ALTER TABLE `tbl_map_report`
  MODIFY `Report_Id` int(6) NOT NULL AUTO_INCREMENT, AUTO_INCREMENT=399;

--
-- AUTO_INCREMENT for table `tbl_map_report_marketing`
--
ALTER TABLE `tbl_map_report_marketing`
  MODIFY `Report_Id` int(6) NOT NULL AUTO_INCREMENT, AUTO_INCREMENT=49;

--
-- AUTO_INCREMENT for table `tbl_service_hubs`
--
ALTER TABLE `tbl_service_hubs`
  MODIFY `Service_Hub_Id` int(6) NOT NULL AUTO_INCREMENT;

--
-- AUTO_INCREMENT for table `tbl_supplier`
--
ALTER TABLE `tbl_supplier`
  MODIFY `Supplier_Id` int(4) NOT NULL AUTO_INCREMENT, AUTO_INCREMENT=5;

--
-- AUTO_INCREMENT for table `tbl_users`
--
ALTER TABLE `tbl_users`
  MODIFY `id` int(11) NOT NULL AUTO_INCREMENT, AUTO_INCREMENT=3;

--
-- AUTO_INCREMENT for table `tbl_version`
--
ALTER TABLE `tbl_version`
  MODIFY `Version_Id` int(6) NOT NULL AUTO_INCREMENT, AUTO_INCREMENT=3;
COMMIT;

/*!40101 SET CHARACTER_SET_CLIENT=@OLD_CHARACTER_SET_CLIENT */;
/*!40101 SET CHARACTER_SET_RESULTS=@OLD_CHARACTER_SET_RESULTS */;
/*!40101 SET COLLATION_CONNECTION=@OLD_COLLATION_CONNECTION */;
